exp101,r495,190,Water
exp102,r350,120,Cleaning
exp103,r197,140,Electricity
exp104,r328,150,Water
exp105,r287,130,Water
exp106,r564,240,Cleaning
exp107,r903,170,Electricity
exp108,r788,160,Cleaning
exp109,r950,250,Electricity
exp110,r333,200,Cleaning
exp111,r836,210,Water
exp112,r200,220,Cleaning
exp113,r516,180,Electricity
exp114,r418,230,Cleaning
exp115,r171,100,Water
exp116,r205,110,Cleaning
exp117,r522,250,Water
exp118,r565,180,Cleaning
exp119,r535,150,Water
exp120,r392,230,Cleaning
exp121,r780,130,Water
exp122,r210,100,Cleaning
exp123,r149,200,Electricity
exp124,r589,190,Water
exp125,r811,230,Water
exp126,r592,190,Water
exp127,r296,230,Cleaning
exp128,r746,160,Water
exp129,r615,190,Water
exp130,r416,200,Cleaning
exp131,r688,250,Electricity
exp132,r989,240,Electricity
exp133,r224,140,Water
exp134,r934,110,Cleaning
exp135,r395,180,Electricity
exp136,r637,210,Water
exp137,r336,160,Water
exp138,r339,190,Electricity
exp139,r277,140,Cleaning
exp140,r649,170,Water
exp141,r582,220,Water
exp142,r680,180,Water
exp143,r167,250,Water
exp144,r476,170,Electricity
exp145,r501,180,Water
exp146,r355,160,Cleaning
exp147,r219,240,Cleaning
exp148,r611,140,Cleaning
exp149,r622,130,Water
exp150,r733,110,Cleaning
exp151,r464,200,Electricity
exp152,r425,160,Cleaning
exp153,r431,250,Cleaning
exp154,r699,130,Water
exp155,r220,100,Water
exp156,r838,180,Water
exp157,r255,190,Cleaning
exp158,r787,210,Electricity
exp159,r629,120,Electricity
exp160,r608,210,Electricity
exp161,r734,110,Water
exp162,r984,120,Electricity
exp163,r404,150,Cleaning
exp164,r652,140,Water
exp165,r954,130,Cleaning
exp166,r169,150,Electricity
exp167,r639,230,Water
exp168,r414,190,Electricity
exp169,r626,140,Water
exp170,r810,210,Electricity
exp171,r228,100,Water
exp172,r651,200,Cleaning
exp173,r901,110,Water
exp174,r762,100,Electricity
exp175,r778,160,Cleaning
exp176,r238,230,Water
exp177,r703,140,Electricity
exp178,r164,200,Electricity
exp179,r560,110,Electricity
exp180,r123,250,Cleaning
exp181,r521,140,Water
exp182,r738,210,Electricity
exp183,r604,250,Water
exp184,r239,240,Water
exp185,r466,210,Water
exp186,r523,170,Water
exp187,r472,200,Cleaning
exp188,r462,140,Cleaning
exp189,r374,130,Water
exp190,r917,140,Cleaning
exp191,r371,130,Cleaning
exp192,r201,140,Electricity
exp193,r701,150,Cleaning
exp194,r603,160,Electricity
exp195,r691,100,Water
exp196,r891,100,Cleaning
exp197,r798,170,Water
exp198,r579,100,Water
exp199,r907,170,Electricity
exp200,r508,110,Water
exp201,r514,240,Water
exp202,r385,200,Electricity
exp203,r104,120,Cleaning
exp204,r584,210,Water
exp205,r216,230,Electricity
exp206,r233,110,Electricity
exp207,r707,170,Electricity
exp208,r154,200,Cleaning
exp209,r281,240,Electricity
exp210,r366,120,Electricity
exp211,r761,210,Cleaning
exp212,r467,210,Cleaning
exp213,r968,100,Electricity
exp214,r679,100,Water
exp215,r344,130,Cleaning
exp216,r335,150,Cleaning
exp217,r822,220,Water
exp218,r413,250,Electricity
exp219,r194,250,Electricity
exp220,r491,100,Electricity
exp221,r812,210,Electricity
exp222,r393,180,Water
exp223,r774,130,Electricity
exp224,r251,180,Cleaning
exp225,r542,140,Electricity
exp226,r964,210,Cleaning
exp227,r247,230,Water
exp228,r614,140,Water
exp229,r755,200,Electricity
exp230,r309,110,Cleaning
exp231,r357,120,Cleaning
exp232,r136,170,Electricity
exp233,r127,130,Water
exp234,r600,230,Water
exp235,r196,130,Electricity
exp236,r625,200,Cleaning
exp237,r186,180,Water
exp238,r594,250,Water
exp239,r941,240,Electricity
exp240,r332,120,Electricity
exp241,r648,180,Cleaning
exp242,r569,200,Cleaning
exp243,r923,130,Water
exp244,r916,110,Cleaning
exp245,r800,220,Electricity
exp246,r908,120,Water
exp247,r715,200,Water
exp248,r266,180,Electricity
exp249,r444,190,Electricity
exp250,r598,140,Electricity
exp251,r487,150,Water
exp252,r488,170,Water
exp253,r663,130,Water
exp254,r347,230,Cleaning
exp255,r640,210,Electricity
exp256,r546,240,Water
exp257,r234,160,Water
exp258,r628,210,Water
exp259,r760,120,Water
exp260,r465,140,Electricity
exp261,r280,150,Cleaning
exp262,r459,160,Cleaning
exp263,r320,180,Cleaning
exp264,r265,130,Electricity
exp265,r802,240,Electricity
exp266,r620,250,Water
exp267,r895,220,Water
exp268,r354,150,Water
exp269,r326,130,Electricity
exp270,r373,150,Electricity
exp271,r380,150,Electricity
exp272,r500,230,Water
exp273,r789,170,Electricity
exp274,r483,190,Cleaning
exp275,r318,150,Electricity
exp276,r672,140,Cleaning
exp277,r415,110,Electricity
exp278,r879,190,Water
exp279,r321,230,Cleaning
exp280,r429,150,Water
exp281,r664,120,Cleaning
exp282,r961,170,Electricity
exp283,r207,150,Electricity
exp284,r528,140,Electricity
exp285,r710,250,Electricity
exp286,r559,140,Water
exp287,r909,190,Cleaning
exp288,r695,190,Electricity
exp289,r619,200,Electricity
exp290,r450,150,Electricity
exp291,r513,190,Cleaning
exp292,r669,250,Electricity
exp293,r670,210,Cleaning
exp294,r249,250,Electricity
exp295,r671,230,Water
exp296,r786,120,Water
exp297,r456,210,Electricity
exp298,r809,220,Electricity
exp299,r849,160,Water
exp300,r714,180,Cleaning
exp301,r656,130,Electricity
exp302,r933,180,Water
exp303,r915,250,Water
exp304,r636,140,Electricity
exp305,r411,180,Cleaning
exp306,r172,110,Cleaning
exp307,r741,160,Cleaning
exp308,r583,240,Water
exp309,r927,200,Water
exp310,r616,200,Electricity
exp311,r278,200,Cleaning
exp312,r727,220,Water
exp313,r470,130,Electricity
exp314,r394,110,Water
exp315,r623,210,Electricity
exp316,r359,140,Cleaning
exp317,r166,230,Electricity
exp318,r739,150,Cleaning
exp319,r870,180,Electricity
exp320,r948,150,Water
exp321,r244,200,Cleaning
exp322,r991,150,Electricity
exp323,r317,200,Cleaning
exp324,r131,240,Electricity
exp325,r540,110,Water
exp326,r155,150,Electricity
exp327,r979,180,Cleaning
exp328,r168,180,Cleaning
exp329,r274,170,Water
exp330,r268,170,Electricity
exp331,r463,240,Water
exp332,r236,100,Cleaning
exp333,r722,220,Cleaning
exp334,r618,240,Electricity
exp335,r768,120,Cleaning
exp336,r139,150,Water
exp337,r387,150,Water
exp338,r356,180,Electricity
exp339,r990,160,Electricity
exp340,r588,230,Electricity
exp341,r202,160,Electricity
exp342,r182,100,Electricity
exp343,r848,240,Electricity
exp344,r503,230,Water
exp345,r724,240,Cleaning
exp346,r999,120,Cleaning
exp347,r644,150,Water
exp348,r270,240,Electricity
exp349,r967,140,Electricity
exp350,r814,210,Water
exp351,r396,150,Electricity
exp352,r401,110,Water
exp353,r107,190,Electricity
exp354,r458,100,Water
exp355,r120,120,Cleaning
exp356,r261,130,Water
exp357,r531,250,Water
exp358,r338,150,Cleaning
exp359,r368,100,Cleaning
exp360,r433,130,Cleaning
exp361,r173,100,Electricity
exp362,r570,100,Cleaning
exp363,r329,250,Electricity
exp364,r229,250,Electricity
exp365,r864,180,Electricity
exp366,r839,130,Electricity
exp367,r777,170,Water
exp368,r140,180,Electricity
exp369,r298,250,Electricity
exp370,r152,120,Cleaning
exp371,r177,210,Water
exp372,r498,230,Electricity
exp373,r977,130,Electricity
exp374,r835,190,Electricity
exp375,r862,130,Water
exp376,r931,160,Electricity
exp377,r633,240,Cleaning
exp378,r912,140,Water
exp379,r884,150,Water
exp380,r593,150,Electricity
exp381,r854,130,Electricity
exp382,r504,230,Water
exp383,r316,210,Cleaning
exp384,r852,240,Electricity
exp385,r222,150,Electricity
exp386,r457,210,Electricity
exp387,r993,230,Water
exp388,r645,140,Cleaning
exp389,r271,210,Cleaning
exp390,r873,110,Cleaning
exp391,r241,200,Cleaning
exp392,r156,150,Cleaning
exp393,r469,150,Electricity
exp394,r434,110,Water
exp395,r866,160,Water
exp396,r925,140,Electricity
exp397,r896,230,Water
exp398,r447,230,Water
exp399,r815,230,Electricity
exp400,r630,220,Water
exp401,r478,180,Electricity
exp402,r721,230,Water
exp403,r449,250,Electricity
exp404,r325,210,Water
exp405,r128,130,Electricity
exp406,r361,130,Water
exp407,r737,200,Electricity
exp408,r627,200,Electricity
exp409,r735,220,Water
exp410,r607,140,Water
exp411,r181,230,Electricity
exp412,r621,180,Cleaning
exp413,r267,100,Cleaning
exp414,r103,130,Cleaning
exp415,r643,140,Cleaning
exp416,r658,250,Water
exp417,r708,210,Electricity
exp418,r646,180,Electricity
exp419,r304,210,Electricity
exp420,r995,210,Electricity
exp421,r475,100,Electricity
exp422,r390,110,Cleaning
exp423,r791,250,Cleaning
exp424,r310,130,Cleaning
exp425,r946,230,Electricity
exp426,r108,110,Cleaning
exp427,r204,200,Water
exp428,r682,250,Electricity
exp429,r541,110,Water
exp430,r113,250,Water
exp431,r346,250,Water
exp432,r641,120,Electricity
exp433,r441,200,Cleaning
exp434,r939,120,Water
exp435,r440,140,Cleaning
exp436,r190,120,Water
exp437,r292,210,Cleaning
exp438,r544,190,Electricity
exp439,r955,100,Water
exp440,r388,100,Water
exp441,r515,240,Cleaning
exp442,r341,230,Cleaning
exp443,r141,210,Electricity
exp444,r175,220,Electricity
exp445,r405,160,Electricity
exp446,r587,190,Electricity
exp447,r667,180,Electricity
exp448,r250,200,Water
exp449,r101,100,Water
exp450,r424,120,Water
exp451,r756,130,Water
exp452,r790,250,Electricity
exp453,r557,150,Water
exp454,r577,130,Cleaning
exp455,r749,160,Electricity
exp456,r937,100,Electricity
exp457,r706,130,Cleaning
exp458,r213,210,Cleaning
exp459,r322,170,Cleaning
exp460,r117,200,Electricity
exp461,r561,150,Cleaning
exp462,r869,220,Electricity
exp463,r730,240,Water
exp464,r894,120,Water
exp465,r794,240,Cleaning
exp466,r572,240,Cleaning
exp467,r448,110,Electricity
exp468,r813,130,Electricity
exp469,r650,250,Cleaning
exp470,r913,130,Water
exp471,r256,110,Electricity
exp472,r306,210,Water
exp473,r148,180,Water
exp474,r936,170,Electricity
exp475,r563,220,Electricity
exp476,r654,240,Cleaning
exp477,r538,210,Water
exp478,r412,120,Water
exp479,r928,220,Cleaning
exp480,r473,170,Cleaning
exp481,r134,190,Cleaning
exp482,r745,150,Electricity
exp483,r442,220,Water
exp484,r553,230,Cleaning
exp485,r276,150,Water
exp486,r146,150,Electricity
exp487,r254,220,Water
exp488,r539,240,Electricity
exp489,r163,140,Cleaning
exp490,r590,170,Water
exp491,r857,160,Cleaning
exp492,r938,240,Electricity
exp493,r837,110,Water
exp494,r324,180,Cleaning
exp495,r971,200,Water
exp496,r820,100,Water
exp497,r468,190,Cleaning
exp498,r129,110,Water
exp499,r211,120,Water
exp500,r841,150,Water
exp501,r728,160,Water
exp502,r133,240,Electricity
exp503,r365,140,Cleaning
exp504,r489,170,Water
exp505,r997,150,Cleaning
exp506,r315,130,Cleaning
exp507,r480,170,Cleaning
exp508,r713,170,Electricity
exp509,r793,160,Electricity
exp510,r112,210,Water
exp511,r248,190,Cleaning
exp512,r358,240,Cleaning
exp513,r312,210,Cleaning
exp514,r659,130,Cleaning
exp515,r301,120,Cleaning
exp516,r638,130,Electricity
exp517,r602,100,Electricity
exp518,r905,130,Electricity
exp519,r914,140,Cleaning
exp520,r243,150,Water
exp521,r406,210,Electricity
exp522,r135,230,Electricity
exp523,r807,100,Cleaning
exp524,r580,200,Cleaning
exp525,r747,100,Cleaning
exp526,r283,200,Water
exp527,r453,200,Electricity
exp528,r351,220,Cleaning
exp529,r951,250,Cleaning
exp530,r471,240,Electricity
exp531,r223,240,Water
exp532,r289,190,Cleaning
exp533,r940,220,Cleaning
exp534,r195,240,Cleaning
exp535,r527,220,Cleaning
exp536,r929,100,Electricity
exp537,r803,110,Electricity
exp538,r180,190,Water
exp539,r460,120,Water
exp540,r428,230,Electricity
exp541,r511,110,Electricity
exp542,r677,170,Water
exp543,r556,150,Cleaning
exp544,r702,240,Water
exp545,r882,150,Water
exp546,r960,240,Water
exp547,r295,190,Water
exp548,r845,200,Water
exp549,r311,140,Electricity
exp550,r403,220,Water
exp551,r886,250,Cleaning
exp552,r819,190,Cleaning
exp553,r966,230,Cleaning
exp554,r125,220,Water
exp555,r345,210,Cleaning
exp556,r676,240,Electricity
exp557,r740,140,Water
exp558,r750,190,Cleaning
exp559,r817,250,Water
exp560,r198,250,Water
exp561,r712,110,Water
exp562,r729,140,Cleaning
exp563,r975,230,Water
exp564,r824,210,Cleaning
exp565,r860,140,Electricity
exp566,r477,130,Water
exp567,r337,190,Electricity
exp568,r218,190,Cleaning
exp569,r130,220,Electricity
exp570,r709,220,Cleaning
exp571,r150,100,Electricity
exp572,r157,170,Electricity
exp573,r269,230,Cleaning
exp574,r492,220,Water
exp575,r479,220,Cleaning
exp576,r124,250,Water
exp577,r282,250,Cleaning
exp578,r918,140,Cleaning
exp579,r962,130,Cleaning
exp580,r510,230,Water
exp581,r115,190,Electricity
exp582,r259,170,Water
exp583,r965,160,Cleaning
exp584,r493,140,Water
exp585,r246,130,Cleaning
exp586,r144,160,Water
exp587,r718,160,Electricity
exp588,r668,160,Electricity
exp589,r142,200,Electricity
exp590,r606,130,Cleaning
exp591,r170,150,Electricity
exp592,r436,100,Water
exp593,r880,250,Water
exp594,r829,250,Water
exp595,r122,110,Water
exp596,r865,230,Water
exp597,r904,220,Cleaning
exp598,r386,250,Water
exp599,r191,110,Electricity
exp600,r308,140,Electricity
exp601,r797,250,Water
exp602,r992,180,Cleaning
exp603,r754,130,Electricity
exp604,r209,210,Cleaning
exp605,r237,120,Electricity
exp606,r881,150,Cleaning
exp607,r576,140,Water
exp608,r874,130,Cleaning
exp609,r288,120,Water
exp610,r796,240,Water
exp611,r275,240,Water
exp612,r543,200,Water
exp613,r705,100,Water
exp614,r372,180,Water
exp615,r352,170,Cleaning
exp616,r548,250,Electricity
exp617,r109,210,Cleaning
exp618,r188,220,Water
exp619,r400,210,Cleaning
exp620,r942,150,Electricity
exp621,r378,190,Cleaning
exp622,r985,170,Electricity
exp623,r906,210,Cleaning
exp624,r490,200,Water
exp625,r868,140,Water
exp626,r861,150,Electricity
exp627,r596,230,Cleaning
exp628,r485,140,Cleaning
exp629,r661,170,Cleaning
exp630,r232,100,Cleaning
exp631,r769,110,Electricity
exp632,r106,170,Water
exp633,r526,130,Water
exp634,r536,120,Cleaning
exp635,r782,220,Water
exp636,r996,210,Cleaning
exp637,r885,160,Electricity
exp638,r726,170,Water
exp639,r314,110,Electricity
exp640,r753,250,Cleaning
exp641,r253,100,Cleaning
exp642,r147,230,Water
exp643,r121,210,Electricity
exp644,r505,130,Cleaning
exp645,r957,240,Electricity
exp646,r178,220,Electricity
exp647,r426,230,Cleaning
exp648,r844,190,Water
exp649,r605,100,Cleaning
exp650,r193,140,Water
exp651,r969,180,Cleaning
exp652,r290,200,Water
exp653,r562,170,Cleaning
exp654,r902,150,Electricity
exp655,r764,180,Water
exp656,r362,170,Cleaning
exp657,r137,120,Water
exp658,r897,150,Water
exp659,r423,200,Cleaning
exp660,r981,210,Cleaning
exp661,r694,160,Electricity
exp662,r693,180,Water
exp663,r776,200,Electricity
exp664,r437,130,Electricity
exp665,r294,240,Cleaning
exp666,r635,240,Water
exp667,r419,200,Cleaning
exp668,r846,220,Electricity
exp669,r757,100,Cleaning
exp670,r653,220,Water
exp671,r165,160,Electricity
exp672,r980,100,Water
exp673,r930,140,Electricity
exp674,r843,250,Cleaning
exp675,r859,170,Cleaning
exp676,r381,200,Electricity
exp677,r530,200,Cleaning
exp678,r893,130,Electricity
exp679,r876,170,Cleaning
exp680,r119,150,Electricity
exp681,r342,160,Water
exp682,r443,170,Electricity
exp683,r660,230,Water
exp684,r805,100,Electricity
exp685,r494,230,Water
exp686,r799,200,Water
exp687,r353,120,Electricity
exp688,r631,130,Electricity
exp689,r525,130,Cleaning
exp690,r828,250,Water
exp691,r758,180,Cleaning
exp692,r601,180,Cleaning
exp693,r461,110,Water
exp694,r765,200,Cleaning
exp695,r305,170,Electricity
exp696,r883,220,Water
exp697,r262,140,Cleaning
exp698,r920,250,Electricity
exp699,r959,170,Cleaning
exp700,r711,200,Water
exp701,r260,140,Cleaning
exp702,r972,190,Water
exp703,r245,160,Electricity
exp704,r291,230,Electricity
exp705,r994,200,Electricity
exp706,r830,140,Cleaning
exp707,r689,200,Cleaning
exp708,r806,210,Electricity
exp709,r349,100,Electricity
exp710,r823,220,Cleaning
exp711,r552,240,Electricity
exp712,r302,160,Water
exp713,r943,170,Electricity
exp714,r427,150,Electricity
exp715,r252,170,Cleaning
exp716,r331,190,Water
exp717,r151,110,Cleaning
exp718,r334,210,Water
exp719,r842,240,Water
exp720,r684,250,Water
exp721,r533,120,Electricity
exp722,r484,150,Water
exp723,r110,110,Cleaning
exp724,r445,110,Cleaning
exp725,r389,140,Water
exp726,r348,250,Electricity
exp727,r833,230,Cleaning
exp728,r655,190,Electricity
exp729,r558,250,Water
exp730,r779,190,Cleaning
exp731,r143,120,Water
exp732,r189,210,Water
exp733,r853,150,Electricity
exp734,r581,210,Cleaning
exp735,r102,190,Water
exp736,r545,170,Electricity
exp737,r889,200,Electricity
exp738,r720,250,Water
exp739,r816,150,Cleaning
exp740,r759,110,Water
exp741,r439,200,Water
exp742,r566,100,Cleaning
exp743,r751,100,Water
exp744,r132,120,Water
exp745,r285,210,Cleaning
exp746,r697,110,Water
exp747,r647,240,Cleaning
exp748,r947,100,Cleaning
exp749,r919,200,Electricity
exp750,r138,250,Electricity
exp751,r792,200,Electricity
exp752,r430,250,Cleaning
exp753,r520,160,Cleaning
exp754,r452,220,Water
exp755,r832,160,Electricity
exp756,r360,130,Cleaning
exp757,r773,230,Electricity
exp758,r847,160,Electricity
exp759,r307,200,Water
exp760,r597,160,Water
exp761,r770,120,Cleaning
exp762,r313,200,Electricity
exp763,r231,230,Electricity
exp764,r700,160,Water
exp765,r674,100,Electricity
exp766,r279,210,Water
exp767,r634,220,Electricity
exp768,r330,240,Electricity
exp769,r834,160,Water
exp770,r723,110,Electricity
exp771,r214,180,Electricity
exp772,r898,190,Cleaning
exp773,r573,110,Water
exp774,r126,220,Electricity
exp775,r986,250,Cleaning
exp776,r370,190,Cleaning
exp777,r610,250,Cleaning
exp778,r958,250,Cleaning
exp779,r911,170,Cleaning
exp780,r976,130,Electricity
exp781,r517,200,Water
exp782,r375,150,Electricity
exp783,r878,140,Cleaning
exp784,r731,220,Cleaning
exp785,r612,240,Cleaning
exp786,r179,240,Water
exp787,r818,200,Cleaning
exp788,r851,210,Electricity
exp789,r821,140,Water
exp790,r299,150,Electricity
exp791,r732,140,Cleaning
exp792,r529,100,Electricity
exp793,r642,200,Water
exp794,r850,210,Water
exp795,r953,110,Water
exp796,r454,200,Water
exp797,r763,140,Water
exp798,r235,250,Cleaning
exp799,r502,230,Water
exp800,r367,210,Cleaning
exp801,r840,250,Water
exp802,r242,230,Cleaning
exp803,r609,120,Cleaning
exp804,r752,240,Water
exp805,r922,210,Water
exp806,r364,150,Cleaning
exp807,r506,100,Water
exp808,r687,200,Cleaning
exp809,r187,130,Water
exp810,r856,140,Electricity
exp811,r421,160,Water
exp812,r624,170,Cleaning
exp813,r496,110,Electricity
exp814,r863,200,Electricity
exp815,r555,160,Water
exp816,r825,150,Water
exp817,r808,210,Cleaning
exp818,r617,120,Water
exp819,r875,190,Water
exp820,r486,220,Cleaning
exp821,r575,170,Water
exp822,r509,230,Cleaning
exp823,r153,240,Electricity
exp824,r176,250,Cleaning
exp825,r512,190,Water
exp826,r111,110,Cleaning
exp827,r303,140,Water
exp828,r743,180,Electricity
exp829,r949,190,Cleaning
exp830,r369,250,Electricity
exp831,r399,110,Electricity
exp832,r409,250,Electricity
exp833,r215,190,Electricity
exp834,r988,220,Cleaning
exp835,r118,190,Electricity
exp836,r160,150,Electricity
exp837,r586,150,Water
exp838,r481,130,Electricity
exp839,r692,140,Cleaning
exp840,r748,170,Electricity
exp841,r935,240,Water
exp842,r982,210,Electricity
exp843,r549,210,Cleaning
exp844,r438,160,Electricity
exp845,r771,130,Water
exp846,r795,120,Cleaning
exp847,r690,240,Cleaning
exp848,r704,180,Cleaning
exp849,r574,110,Electricity
exp850,r482,220,Electricity
exp851,r775,170,Cleaning
exp852,r736,100,Electricity
exp853,r230,170,Water
exp854,r877,200,Water
exp855,r983,180,Electricity
exp856,r801,130,Water
exp857,r206,250,Water
exp858,r952,200,Electricity
exp859,r698,200,Water
exp860,r407,140,Electricity
exp861,r519,150,Electricity
exp862,r717,150,Electricity
exp863,r398,110,Water
exp864,r537,110,Cleaning
exp865,r286,190,Electricity
exp866,r532,150,Cleaning
exp867,r455,120,Electricity
exp868,r804,110,Cleaning
exp869,r422,110,Cleaning
exp870,r384,240,Cleaning
exp871,r944,100,Cleaning
exp872,r284,180,Water
exp873,r632,150,Water
exp874,r114,100,Water
exp875,r499,130,Electricity
exp876,r264,180,Electricity
exp877,r887,160,Cleaning
exp878,r383,110,Water
exp879,r578,130,Electricity
exp880,r145,230,Electricity
exp881,r871,250,Water
exp882,r657,190,Water
exp883,r410,120,Water
exp884,r432,250,Electricity
exp885,r547,210,Water
exp886,r343,200,Electricity
exp887,r867,250,Water
exp888,r185,100,Electricity
exp889,r227,230,Cleaning
exp890,r408,210,Cleaning
exp891,r217,150,Water
exp892,r212,210,Cleaning
exp893,r534,140,Cleaning
exp894,r568,130,Water
exp895,r673,230,Cleaning
exp896,r926,150,Electricity
exp897,r892,170,Cleaning
exp898,r899,180,Electricity
exp899,r497,200,Cleaning
exp900,r666,190,Water
exp901,r293,190,Cleaning
exp902,r827,220,Cleaning
exp903,r300,180,Cleaning
exp904,r199,150,Cleaning
exp905,r184,170,Cleaning
exp906,r932,210,Water
exp907,r665,110,Water
exp908,r272,100,Cleaning
exp909,r159,240,Water
exp910,r685,210,Cleaning
exp911,r391,240,Electricity
exp912,r319,220,Water
exp913,r420,160,Electricity
exp914,r240,240,Electricity
exp915,r719,240,Cleaning
exp916,r973,130,Water
exp917,r716,170,Electricity
exp918,r974,150,Water
exp919,r987,240,Electricity
exp920,r451,190,Electricity
exp921,r662,110,Electricity
exp922,r599,130,Cleaning
exp923,r826,100,Water
exp924,r382,150,Electricity
exp925,r417,160,Cleaning
exp926,r900,130,Water
exp927,r158,140,Water
exp928,r105,120,Water
exp929,r970,170,Cleaning
exp930,r524,190,Water
exp931,r340,180,Cleaning
exp932,r683,100,Cleaning
exp933,r675,250,Electricity
exp934,r402,170,Cleaning
exp935,r435,200,Water
exp936,r785,190,Water
exp937,r924,170,Cleaning
exp938,r855,170,Water
exp939,r744,250,Electricity
exp940,r258,110,Cleaning
exp941,r767,100,Cleaning
exp942,r831,130,Water
exp943,r978,140,Water
exp944,r551,160,Water
exp945,r507,210,Water
exp946,r208,170,Electricity
exp947,r585,230,Electricity
exp948,r888,140,Cleaning
exp949,r297,130,Cleaning
exp950,r518,250,Cleaning
exp951,r397,220,Cleaning
exp952,r226,200,Electricity
exp953,r921,230,Cleaning
exp954,r203,160,Water
exp955,r567,240,Electricity
exp956,r257,170,Water
exp957,r221,180,Electricity
exp958,r772,160,Water
exp959,r263,180,Electricity
exp960,r696,180,Water
exp961,r956,240,Water
exp962,r784,100,Electricity
exp963,r613,150,Water
exp964,r890,220,Water
exp965,r781,170,Water
exp966,r686,170,Water
exp967,r192,140,Electricity
exp968,r571,180,Electricity
exp969,r591,200,Cleaning
exp970,r595,230,Water
exp971,r858,160,Cleaning
exp972,r323,170,Water
exp973,r872,100,Cleaning
exp974,r116,220,Cleaning
exp975,r376,100,Electricity
exp976,r963,160,Electricity
exp977,r681,110,Cleaning
exp978,r327,240,Electricity
exp979,r363,120,Water
exp980,r678,130,Cleaning
exp981,r446,210,Water
exp982,r225,100,Water
exp983,r161,250,Water
exp984,r945,200,Water
exp985,r550,160,Electricity
exp986,r742,220,Water
exp987,r377,120,Electricity
exp988,r766,120,Electricity
exp989,r725,210,Electricity
exp990,r162,160,Water
exp991,r783,170,Water
exp992,r183,100,Cleaning
exp993,r554,240,Water
exp994,r174,220,Water
exp995,r910,180,Electricity
exp996,r998,220,Water
exp997,r474,120,Electricity
exp998,r273,210,Electricity
exp999,r379,240,Electricity
exp1000,r558,110,Electricity
exp1001,r452,220,Water
exp1002,r413,100,Water
exp1003,r675,150,Cleaning
exp1004,r210,110,Water
exp1005,r643,140,Electricity
exp1006,r710,180,Electricity
exp1007,r522,110,Electricity
exp1008,r495,180,Electricity
exp1009,r312,110,Cleaning
exp1010,r412,110,Water
exp1011,r490,240,Electricity
exp1012,r966,130,Cleaning
exp1013,r344,230,Water
exp1014,r462,110,Electricity
exp1015,r696,110,Water
exp1016,r213,230,Cleaning
exp1017,r579,250,Electricity
exp1018,r906,170,Cleaning
exp1019,r242,140,Electricity
exp1020,r694,200,Electricity
exp1021,r414,100,Cleaning
exp1022,r335,110,Cleaning
exp1023,r487,100,Water
exp1024,r213,160,Electricity
exp1025,r603,220,Water
exp1026,r248,200,Electricity
exp1027,r465,160,Water
exp1028,r407,140,Water
exp1029,r627,160,Electricity
exp1030,r304,120,Cleaning
exp1031,r656,240,Cleaning
exp1032,r432,150,Cleaning
exp1033,r547,180,Cleaning
exp1034,r788,110,Electricity
exp1035,r536,130,Electricity
exp1036,r995,230,Electricity
exp1037,r890,200,Water
exp1038,r387,160,Electricity
exp1039,r202,120,Electricity
exp1040,r982,240,Cleaning
exp1041,r783,160,Water
exp1042,r804,210,Water
exp1043,r214,220,Water
exp1044,r178,130,Cleaning
exp1045,r799,110,Cleaning
exp1046,r821,110,Cleaning
exp1047,r231,120,Water
exp1048,r560,200,Electricity
exp1049,r703,180,Cleaning
exp1050,r463,130,Cleaning
exp1051,r247,190,Cleaning
exp1052,r917,150,Electricity
exp1053,r219,100,Water
exp1054,r731,200,Water
exp1055,r973,200,Cleaning
exp1056,r883,120,Water
exp1057,r250,120,Electricity
exp1058,r455,250,Electricity
exp1059,r699,250,Cleaning
exp1060,r999,240,Water
exp1061,r955,120,Cleaning
exp1062,r305,180,Electricity
exp1063,r995,160,Cleaning
exp1064,r806,160,Water
exp1065,r431,210,Electricity
exp1066,r262,110,Water
exp1067,r586,190,Water
exp1068,r526,160,Electricity
exp1069,r517,230,Cleaning
exp1070,r985,250,Electricity
exp1071,r119,230,Electricity
exp1072,r789,250,Electricity
exp1073,r302,180,Cleaning
exp1074,r266,160,Water
exp1075,r850,210,Water
exp1076,r373,110,Water
exp1077,r529,110,Electricity
exp1078,r476,240,Water
exp1079,r555,250,Water
exp1080,r241,150,Water
exp1081,r750,190,Electricity
exp1082,r315,180,Electricity
exp1083,r189,230,Electricity
exp1084,r930,210,Cleaning
exp1085,r987,160,Water
exp1086,r793,220,Water
exp1087,r108,120,Electricity
exp1088,r749,240,Water
exp1089,r813,240,Water
exp1090,r808,160,Electricity
exp1091,r505,230,Cleaning
exp1092,r770,140,Electricity
exp1093,r287,210,Cleaning
exp1094,r232,120,Cleaning
exp1095,r483,130,Cleaning
exp1096,r579,160,Cleaning
exp1097,r576,100,Electricity
exp1098,r707,140,Water
exp1099,r554,150,Water
exp1100,r939,250,Water
exp1101,r982,120,Cleaning
exp1102,r725,110,Water
exp1103,r923,170,Water
exp1104,r226,130,Water
exp1105,r113,170,Cleaning
exp1106,r357,120,Cleaning
exp1107,r559,190,Electricity
exp1108,r549,230,Cleaning
exp1109,r894,180,Water
exp1110,r397,170,Cleaning
exp1111,r112,210,Cleaning
exp1112,r458,110,Water
exp1113,r891,200,Electricity
exp1114,r737,150,Electricity
exp1115,r117,250,Cleaning
exp1116,r233,180,Cleaning
exp1117,r743,180,Cleaning
exp1118,r557,240,Electricity
exp1119,r182,160,Electricity
exp1120,r974,170,Water
exp1121,r469,230,Water
exp1122,r982,110,Cleaning
exp1123,r332,120,Electricity
exp1124,r714,240,Electricity
exp1125,r292,180,Electricity
exp1126,r205,100,Electricity
exp1127,r217,130,Electricity
exp1128,r377,240,Electricity
exp1129,r162,220,Cleaning
exp1130,r185,150,Water
exp1131,r987,170,Cleaning
exp1132,r261,220,Cleaning
exp1133,r631,170,Cleaning
exp1134,r447,170,Electricity
exp1135,r269,100,Water
exp1136,r885,100,Electricity
exp1137,r952,210,Cleaning
exp1138,r851,240,Water
exp1139,r843,220,Cleaning
exp1140,r594,240,Electricity
exp1141,r400,220,Electricity
exp1142,r144,210,Electricity
exp1143,r400,200,Electricity
exp1144,r650,180,Water
exp1145,r352,100,Cleaning
exp1146,r858,100,Cleaning
exp1147,r527,100,Water
exp1148,r206,120,Cleaning
exp1149,r314,200,Water
exp1150,r412,250,Cleaning
exp1151,r632,140,Cleaning
exp1152,r332,170,Water
exp1153,r830,240,Water
exp1154,r464,220,Water
exp1155,r814,160,Water
exp1156,r732,230,Cleaning
exp1157,r303,190,Cleaning
exp1158,r485,160,Cleaning
exp1159,r663,240,Water
exp1160,r932,130,Cleaning
exp1161,r467,220,Electricity
exp1162,r179,240,Water
exp1163,r127,250,Electricity
exp1164,r264,130,Electricity
exp1165,r724,150,Electricity
exp1166,r574,170,Cleaning
exp1167,r873,110,Cleaning
exp1168,r852,250,Cleaning
exp1169,r967,240,Cleaning
exp1170,r622,190,Electricity
exp1171,r635,100,Electricity
exp1172,r184,110,Water
exp1173,r216,190,Water
exp1174,r745,100,Electricity
exp1175,r999,100,Electricity
exp1176,r929,250,Water
exp1177,r576,120,Cleaning
exp1178,r670,110,Cleaning
exp1179,r836,120,Water
exp1180,r437,140,Water
exp1181,r738,160,Water
exp1182,r170,250,Cleaning
exp1183,r332,230,Cleaning
exp1184,r537,190,Cleaning
exp1185,r970,110,Electricity
exp1186,r636,130,Cleaning
exp1187,r771,140,Water
exp1188,r764,240,Water
exp1189,r635,150,Electricity
exp1190,r356,160,Water
exp1191,r999,200,Electricity
exp1192,r557,150,Electricity
exp1193,r355,240,Water
exp1194,r333,240,Cleaning
exp1195,r842,250,Cleaning
exp1196,r617,150,Water
exp1197,r805,180,Water
exp1198,r751,220,Cleaning
exp1199,r557,170,Cleaning
exp1200,r559,160,Cleaning
exp1201,r899,150,Water
exp1202,r182,110,Cleaning
exp1203,r973,140,Cleaning
exp1204,r266,120,Electricity
exp1205,r605,150,Cleaning
exp1206,r587,250,Cleaning
exp1207,r185,190,Cleaning
exp1208,r888,140,Cleaning
exp1209,r402,240,Electricity
exp1210,r273,170,Water
exp1211,r290,210,Electricity
exp1212,r800,210,Electricity
exp1213,r543,240,Cleaning
exp1214,r830,170,Water
exp1215,r677,170,Cleaning
exp1216,r284,180,Electricity
exp1217,r202,200,Electricity
exp1218,r956,150,Electricity
exp1219,r202,140,Electricity
exp1220,r757,190,Cleaning
exp1221,r166,220,Water
exp1222,r774,190,Electricity
exp1223,r221,110,Water
exp1224,r938,240,Electricity
exp1225,r966,190,Electricity
exp1226,r314,210,Electricity
exp1227,r486,170,Electricity
exp1228,r553,200,Electricity
exp1229,r925,250,Water
exp1230,r608,150,Cleaning
exp1231,r750,190,Water
exp1232,r369,130,Water
exp1233,r887,210,Electricity
exp1234,r814,160,Water
exp1235,r111,180,Water
exp1236,r474,130,Cleaning
exp1237,r969,190,Electricity
exp1238,r866,200,Cleaning
exp1239,r908,180,Water
exp1240,r315,150,Water
exp1241,r789,160,Cleaning
exp1242,r370,100,Cleaning
exp1243,r223,130,Electricity
exp1244,r957,140,Electricity
exp1245,r754,180,Electricity
exp1246,r957,180,Cleaning
exp1247,r977,220,Water
exp1248,r775,150,Water
exp1249,r331,130,Water
exp1250,r107,130,Water
exp1251,r656,250,Water
exp1252,r858,150,Cleaning
exp1253,r358,220,Cleaning
exp1254,r471,180,Cleaning
exp1255,r383,130,Cleaning
exp1256,r371,210,Cleaning
exp1257,r180,200,Cleaning
exp1258,r736,230,Cleaning
exp1259,r908,140,Electricity
exp1260,r997,200,Cleaning
exp1261,r873,220,Cleaning
exp1262,r686,110,Cleaning
exp1263,r396,230,Water
exp1264,r383,200,Water
exp1265,r246,180,Electricity
exp1266,r456,160,Electricity
exp1267,r772,120,Water
exp1268,r309,100,Cleaning
exp1269,r604,130,Cleaning
exp1270,r243,170,Cleaning
exp1271,r586,180,Cleaning
exp1272,r138,160,Water
exp1273,r298,200,Water
exp1274,r366,180,Water
exp1275,r562,190,Electricity
exp1276,r315,100,Electricity
exp1277,r717,240,Water
exp1278,r458,140,Electricity
exp1279,r648,160,Electricity
exp1280,r603,140,Water
exp1281,r656,190,Water
exp1282,r936,240,Water
exp1283,r977,130,Electricity
exp1284,r742,160,Cleaning
exp1285,r762,200,Cleaning
exp1286,r167,250,Water
exp1287,r916,210,Cleaning
exp1288,r817,230,Water
exp1289,r335,100,Water
exp1290,r429,240,Cleaning
exp1291,r470,150,Cleaning
exp1292,r900,220,Water
exp1293,r274,200,Electricity
exp1294,r690,110,Cleaning
exp1295,r839,190,Cleaning
exp1296,r593,240,Electricity
exp1297,r215,100,Water
exp1298,r322,180,Electricity
exp1299,r528,100,Water
exp1300,r907,240,Electricity
exp1301,r247,100,Electricity
exp1302,r573,250,Water
exp1303,r487,180,Water
exp1304,r526,250,Cleaning
exp1305,r106,120,Water
exp1306,r978,140,Cleaning
exp1307,r267,220,Water
exp1308,r969,150,Electricity
exp1309,r634,200,Electricity
exp1310,r724,170,Cleaning
exp1311,r592,120,Cleaning
exp1312,r187,140,Cleaning
exp1313,r308,110,Cleaning
exp1314,r856,160,Water
exp1315,r916,220,Water
exp1316,r894,240,Electricity
exp1317,r313,130,Water
exp1318,r660,230,Water
exp1319,r993,170,Cleaning
exp1320,r277,250,Water
exp1321,r624,230,Water
exp1322,r473,230,Cleaning
exp1323,r932,140,Electricity
exp1324,r713,170,Electricity
exp1325,r126,120,Water
exp1326,r404,160,Electricity
exp1327,r386,130,Water
exp1328,r904,240,Water
exp1329,r482,170,Electricity
exp1330,r837,110,Cleaning
exp1331,r574,240,Cleaning
exp1332,r728,160,Water
exp1333,r785,180,Cleaning
exp1334,r962,120,Electricity
exp1335,r679,140,Electricity
exp1336,r361,110,Electricity
exp1337,r649,160,Water
exp1338,r412,130,Electricity
exp1339,r734,200,Cleaning
exp1340,r856,230,Electricity
exp1341,r526,210,Electricity
exp1342,r337,100,Water
exp1343,r698,170,Electricity
exp1344,r429,210,Cleaning
exp1345,r953,150,Water
exp1346,r852,140,Water
exp1347,r509,150,Cleaning
exp1348,r674,180,Cleaning
exp1349,r831,250,Electricity
exp1350,r924,140,Cleaning
exp1351,r268,100,Water
exp1352,r529,180,Cleaning
exp1353,r324,150,Water
exp1354,r795,120,Water
exp1355,r835,150,Electricity
exp1356,r847,110,Electricity
exp1357,r639,180,Electricity
exp1358,r382,210,Water
exp1359,r701,240,Electricity
exp1360,r591,240,Cleaning
exp1361,r685,250,Cleaning
exp1362,r972,130,Cleaning
exp1363,r327,230,Cleaning
exp1364,r261,200,Cleaning
exp1365,r719,250,Water
exp1366,r269,200,Electricity
exp1367,r324,130,Cleaning
exp1368,r463,160,Cleaning
exp1369,r976,220,Water
exp1370,r119,200,Electricity
exp1371,r359,200,Water
exp1372,r255,250,Cleaning
exp1373,r209,240,Electricity
exp1374,r449,170,Cleaning
exp1375,r979,170,Cleaning
exp1376,r580,110,Cleaning
exp1377,r938,150,Cleaning
exp1378,r826,150,Water
exp1379,r715,230,Electricity
exp1380,r518,150,Cleaning
exp1381,r276,210,Cleaning
exp1382,r480,100,Cleaning
exp1383,r601,110,Cleaning
exp1384,r332,160,Cleaning
exp1385,r727,110,Electricity
exp1386,r340,230,Electricity
exp1387,r224,110,Cleaning
exp1388,r528,220,Water
exp1389,r989,130,Water
exp1390,r288,100,Water
exp1391,r772,200,Electricity
exp1392,r305,160,Electricity
exp1393,r525,110,Cleaning
exp1394,r808,230,Cleaning
exp1395,r504,110,Water
exp1396,r251,100,Cleaning
exp1397,r268,190,Cleaning
exp1398,r781,210,Electricity
exp1399,r393,250,Water
exp1400,r406,170,Water
exp1401,r552,190,Cleaning
exp1402,r274,220,Electricity
exp1403,r876,240,Electricity
exp1404,r370,220,Cleaning
exp1405,r437,110,Cleaning
exp1406,r876,130,Electricity
exp1407,r711,230,Water
exp1408,r971,230,Electricity
exp1409,r410,140,Water
exp1410,r839,150,Electricity
exp1411,r719,210,Water
exp1412,r735,150,Water
exp1413,r731,210,Cleaning
exp1414,r446,170,Cleaning
exp1415,r868,190,Electricity
exp1416,r903,100,Water
exp1417,r563,120,Cleaning
exp1418,r411,110,Water
exp1419,r112,120,Cleaning
exp1420,r901,150,Water
exp1421,r907,140,Cleaning
exp1422,r718,190,Water
exp1423,r623,160,Electricity
exp1424,r803,150,Electricity
exp1425,r295,170,Water
exp1426,r187,120,Cleaning
exp1427,r333,230,Water
exp1428,r435,170,Water
exp1429,r753,210,Electricity
exp1430,r296,240,Electricity
exp1431,r768,120,Cleaning
exp1432,r564,220,Electricity
exp1433,r426,180,Electricity
exp1434,r654,220,Cleaning
exp1435,r926,230,Water
exp1436,r975,230,Water
exp1437,r871,210,Cleaning
exp1438,r406,120,Cleaning
exp1439,r246,140,Water
exp1440,r502,230,Water
exp1441,r647,230,Cleaning
exp1442,r858,110,Cleaning
exp1443,r882,230,Cleaning
exp1444,r364,160,Electricity
exp1445,r233,100,Cleaning
exp1446,r582,190,Water
exp1447,r977,150,Water
exp1448,r262,100,Water
exp1449,r706,200,Cleaning
exp1450,r204,110,Cleaning
exp1451,r735,200,Electricity
exp1452,r308,140,Cleaning
exp1453,r717,200,Water
exp1454,r931,110,Electricity
exp1455,r562,190,Electricity
exp1456,r338,150,Electricity
exp1457,r722,160,Electricity
exp1458,r522,220,Electricity
exp1459,r719,140,Electricity
exp1460,r338,200,Cleaning
exp1461,r263,240,Cleaning
exp1462,r797,250,Electricity
exp1463,r877,180,Electricity
exp1464,r194,170,Cleaning
exp1465,r256,230,Water
exp1466,r167,200,Cleaning
exp1467,r251,140,Water
exp1468,r655,120,Water
exp1469,r591,120,Electricity
exp1470,r552,140,Cleaning
exp1471,r932,250,Electricity
exp1472,r175,210,Electricity
exp1473,r597,250,Cleaning
exp1474,r282,220,Water
exp1475,r966,170,Cleaning
exp1476,r255,160,Cleaning
exp1477,r213,100,Water
exp1478,r958,230,Cleaning
exp1479,r937,110,Cleaning
exp1480,r365,140,Water
exp1481,r761,140,Cleaning
exp1482,r577,250,Cleaning
exp1483,r529,190,Cleaning
exp1484,r120,110,Water
exp1485,r676,110,Water
exp1486,r964,130,Cleaning
exp1487,r340,210,Water
exp1488,r654,140,Electricity
exp1489,r467,200,Cleaning
exp1490,r252,250,Water
exp1491,r221,240,Water
exp1492,r164,210,Electricity
exp1493,r744,170,Cleaning
exp1494,r978,170,Water
exp1495,r521,120,Cleaning
exp1496,r420,110,Electricity
exp1497,r269,200,Cleaning
exp1498,r274,240,Cleaning
exp1499,r625,240,Electricity
exp1500,r397,170,Electricity
exp1501,r363,170,Water
exp1502,r183,160,Water
exp1503,r366,250,Water
exp1504,r564,190,Electricity
exp1505,r549,150,Cleaning
exp1506,r265,110,Cleaning
exp1507,r265,230,Water
exp1508,r378,240,Water
exp1509,r144,100,Water
exp1510,r736,250,Water
exp1511,r472,220,Cleaning
exp1512,r310,240,Electricity
exp1513,r389,110,Cleaning
exp1514,r650,220,Cleaning
exp1515,r933,240,Cleaning
exp1516,r798,130,Water
exp1517,r226,190,Cleaning
exp1518,r317,100,Water
exp1519,r917,140,Cleaning
exp1520,r311,140,Cleaning
exp1521,r303,220,Water
exp1522,r837,220,Cleaning
exp1523,r159,190,Electricity
exp1524,r727,240,Electricity
exp1525,r672,230,Water
exp1526,r222,250,Water
exp1527,r974,250,Water
exp1528,r379,120,Electricity
exp1529,r806,110,Water
exp1530,r608,220,Water
exp1531,r295,100,Water
exp1532,r167,230,Water
exp1533,r643,110,Water
exp1534,r429,140,Electricity
exp1535,r162,240,Electricity
exp1536,r964,150,Cleaning
exp1537,r541,140,Cleaning
exp1538,r676,110,Cleaning
exp1539,r202,240,Electricity
exp1540,r722,100,Electricity
exp1541,r891,210,Water
exp1542,r956,120,Electricity
exp1543,r892,220,Cleaning
exp1544,r210,240,Cleaning
exp1545,r809,170,Water
exp1546,r204,100,Water
exp1547,r725,210,Water
exp1548,r934,110,Water
exp1549,r642,180,Cleaning
exp1550,r774,210,Water
exp1551,r241,140,Cleaning
exp1552,r442,240,Electricity
exp1553,r376,250,Cleaning
exp1554,r839,170,Cleaning
exp1555,r394,180,Electricity
exp1556,r697,190,Electricity
exp1557,r908,230,Cleaning
exp1558,r205,100,Cleaning
exp1559,r942,130,Water
exp1560,r421,180,Water
exp1561,r185,240,Cleaning
exp1562,r587,230,Electricity
exp1563,r414,120,Water
exp1564,r637,120,Water
exp1565,r380,100,Water
exp1566,r689,180,Water
exp1567,r208,170,Cleaning
exp1568,r127,220,Electricity
exp1569,r832,250,Cleaning
exp1570,r882,150,Water
exp1571,r355,120,Cleaning
exp1572,r697,110,Water
exp1573,r508,250,Electricity
exp1574,r848,160,Water
exp1575,r361,200,Electricity
exp1576,r892,180,Electricity
exp1577,r340,240,Electricity
exp1578,r800,150,Cleaning
exp1579,r179,130,Electricity
exp1580,r471,120,Electricity
exp1581,r751,120,Water
exp1582,r172,180,Cleaning
exp1583,r163,130,Cleaning
exp1584,r294,160,Electricity
exp1585,r240,230,Electricity
exp1586,r187,150,Electricity
exp1587,r667,190,Water
exp1588,r673,240,Water
exp1589,r613,220,Electricity
exp1590,r933,250,Water
exp1591,r231,140,Cleaning
exp1592,r758,210,Electricity
exp1593,r828,250,Cleaning
exp1594,r321,170,Cleaning
exp1595,r944,220,Electricity
exp1596,r874,120,Electricity
exp1597,r235,180,Water
exp1598,r798,190,Electricity
exp1599,r423,200,Electricity
exp1600,r494,110,Cleaning
exp1601,r239,200,Electricity
exp1602,r369,220,Electricity
exp1603,r331,220,Cleaning
exp1604,r830,120,Electricity
exp1605,r466,120,Water
exp1606,r849,200,Electricity
exp1607,r849,160,Water
exp1608,r461,160,Water
exp1609,r817,100,Cleaning
exp1610,r554,170,Water
exp1611,r170,240,Electricity
exp1612,r581,160,Water
exp1613,r839,250,Water
exp1614,r307,220,Electricity
exp1615,r942,240,Water
exp1616,r400,140,Water
exp1617,r324,120,Electricity
exp1618,r995,200,Water
exp1619,r968,140,Water
exp1620,r766,250,Cleaning
exp1621,r294,220,Cleaning
exp1622,r987,220,Cleaning
exp1623,r957,130,Cleaning
exp1624,r796,240,Electricity
exp1625,r880,130,Electricity
exp1626,r355,100,Cleaning
exp1627,r184,150,Water
exp1628,r602,140,Cleaning
exp1629,r896,150,Water
exp1630,r403,220,Water
exp1631,r920,200,Water
exp1632,r800,100,Electricity
exp1633,r460,220,Electricity
exp1634,r815,160,Electricity
exp1635,r976,240,Water
exp1636,r969,100,Electricity
exp1637,r659,210,Electricity
exp1638,r426,100,Water
exp1639,r748,180,Cleaning
exp1640,r205,190,Water
exp1641,r763,210,Cleaning
exp1642,r683,210,Electricity
exp1643,r958,150,Electricity
exp1644,r536,130,Cleaning
exp1645,r484,150,Cleaning
exp1646,r517,150,Water
exp1647,r822,140,Electricity
exp1648,r436,190,Electricity
exp1649,r366,150,Water
exp1650,r910,220,Water
exp1651,r839,120,Water
exp1652,r681,100,Water
exp1653,r188,170,Cleaning
exp1654,r210,160,Electricity
exp1655,r793,110,Electricity
exp1656,r827,150,Cleaning
exp1657,r935,140,Water
exp1658,r634,150,Electricity
exp1659,r796,110,Water
exp1660,r859,140,Cleaning
exp1661,r296,190,Electricity
exp1662,r306,140,Water
exp1663,r697,100,Water
exp1664,r571,120,Cleaning
exp1665,r604,190,Electricity
exp1666,r973,250,Electricity
exp1667,r123,240,Water
exp1668,r545,190,Cleaning
exp1669,r167,140,Water
exp1670,r568,200,Cleaning
exp1671,r275,160,Electricity
exp1672,r170,150,Water
exp1673,r231,190,Electricity
exp1674,r253,220,Water
exp1675,r996,160,Cleaning
exp1676,r184,230,Cleaning
exp1677,r252,230,Cleaning
exp1678,r775,230,Cleaning
exp1679,r897,100,Water
exp1680,r494,200,Cleaning
exp1681,r487,110,Electricity
exp1682,r430,150,Cleaning
exp1683,r510,230,Electricity
exp1684,r107,210,Cleaning
exp1685,r451,120,Cleaning
exp1686,r645,140,Electricity
exp1687,r471,190,Electricity
exp1688,r223,100,Water
exp1689,r777,120,Cleaning
exp1690,r901,170,Cleaning
exp1691,r600,160,Cleaning
exp1692,r270,140,Water
exp1693,r793,230,Cleaning
exp1694,r847,130,Water
exp1695,r618,140,Cleaning
exp1696,r609,160,Electricity
exp1697,r790,120,Cleaning
exp1698,r215,190,Electricity
exp1699,r327,100,Electricity
exp1700,r192,170,Electricity
exp1701,r759,130,Cleaning
exp1702,r532,160,Cleaning
exp1703,r831,100,Electricity
exp1704,r341,240,Water
exp1705,r350,250,Cleaning
exp1706,r832,250,Cleaning
exp1707,r595,100,Electricity
exp1708,r374,180,Electricity
exp1709,r752,250,Water
exp1710,r172,130,Water
exp1711,r203,250,Cleaning
exp1712,r282,170,Water
exp1713,r585,110,Water
exp1714,r276,180,Water
exp1715,r939,220,Electricity
exp1716,r155,160,Water
exp1717,r564,180,Cleaning
exp1718,r681,130,Water
exp1719,r376,200,Cleaning
exp1720,r406,180,Electricity
exp1721,r760,100,Electricity
exp1722,r656,230,Electricity
exp1723,r796,250,Electricity
exp1724,r669,140,Water
exp1725,r780,140,Water
exp1726,r929,220,Water
exp1727,r124,180,Electricity
exp1728,r683,140,Electricity
exp1729,r382,230,Electricity
exp1730,r334,250,Cleaning
exp1731,r853,160,Cleaning
exp1732,r883,220,Cleaning
exp1733,r953,190,Cleaning
exp1734,r812,110,Water
exp1735,r163,200,Water
exp1736,r126,140,Cleaning
exp1737,r590,210,Electricity
exp1738,r404,220,Cleaning
exp1739,r948,150,Water
exp1740,r325,200,Cleaning
exp1741,r762,120,Electricity
exp1742,r261,250,Cleaning
exp1743,r990,100,Cleaning
exp1744,r287,230,Electricity
exp1745,r557,250,Electricity
exp1746,r416,130,Electricity
exp1747,r612,190,Cleaning
exp1748,r786,120,Cleaning
exp1749,r986,110,Cleaning
exp1750,r941,100,Water
exp1751,r756,240,Cleaning
exp1752,r500,110,Electricity
exp1753,r700,200,Cleaning
exp1754,r682,240,Cleaning
exp1755,r188,190,Electricity
exp1756,r428,230,Water
exp1757,r835,200,Water
exp1758,r190,250,Electricity
exp1759,r373,140,Electricity
exp1760,r837,230,Water
exp1761,r563,100,Cleaning
exp1762,r930,220,Water
exp1763,r201,220,Cleaning
exp1764,r999,180,Water
exp1765,r692,190,Water
exp1766,r531,210,Electricity
exp1767,r157,210,Water
exp1768,r795,200,Cleaning
exp1769,r602,130,Electricity
exp1770,r162,250,Electricity
exp1771,r327,150,Electricity
exp1772,r515,120,Cleaning
exp1773,r929,160,Cleaning
exp1774,r469,160,Water
exp1775,r653,150,Cleaning
exp1776,r927,220,Electricity
exp1777,r463,160,Water
exp1778,r195,110,Cleaning
exp1779,r721,140,Cleaning
exp1780,r753,250,Cleaning
exp1781,r922,120,Cleaning
exp1782,r205,220,Water
exp1783,r258,180,Electricity
exp1784,r636,130,Cleaning
exp1785,r257,110,Cleaning
exp1786,r581,190,Cleaning
exp1787,r690,190,Cleaning
exp1788,r401,170,Electricity
exp1789,r712,100,Cleaning
exp1790,r971,250,Electricity
exp1791,r659,170,Water
exp1792,r984,120,Cleaning
exp1793,r869,140,Electricity
exp1794,r885,130,Cleaning
exp1795,r411,240,Cleaning
exp1796,r465,220,Cleaning
exp1797,r725,100,Cleaning
exp1798,r354,240,Electricity
exp1799,r272,120,Electricity
exp1800,r529,240,Cleaning
exp1801,r703,250,Water
exp1802,r799,150,Cleaning
exp1803,r389,120,Electricity
exp1804,r410,130,Water
exp1805,r542,170,Water
exp1806,r320,110,Water
exp1807,r406,120,Water
exp1808,r833,170,Electricity
exp1809,r982,130,Cleaning
exp1810,r613,100,Electricity
exp1811,r233,200,Water
exp1812,r710,110,Water
exp1813,r441,110,Cleaning
exp1814,r432,120,Water
exp1815,r169,100,Cleaning
exp1816,r645,230,Water
exp1817,r304,250,Cleaning
exp1818,r235,230,Electricity
exp1819,r219,220,Water
exp1820,r829,240,Electricity
exp1821,r175,120,Water
exp1822,r799,210,Electricity
exp1823,r750,120,Electricity
exp1824,r890,110,Cleaning
exp1825,r550,150,Cleaning
exp1826,r191,180,Water
exp1827,r127,200,Cleaning
exp1828,r407,120,Cleaning
exp1829,r361,230,Water
exp1830,r874,150,Electricity
exp1831,r653,230,Electricity
exp1832,r285,100,Water
exp1833,r767,240,Electricity
exp1834,r342,150,Electricity
exp1835,r600,150,Electricity
exp1836,r138,210,Electricity
exp1837,r611,250,Cleaning
exp1838,r996,250,Electricity
exp1839,r752,140,Cleaning
exp1840,r184,150,Water
exp1841,r472,240,Cleaning
exp1842,r123,220,Electricity
exp1843,r160,250,Cleaning
exp1844,r459,170,Cleaning
exp1845,r810,250,Cleaning
exp1846,r964,160,Electricity
exp1847,r384,230,Electricity
exp1848,r902,130,Cleaning
exp1849,r588,100,Cleaning
exp1850,r672,210,Electricity
exp1851,r587,180,Cleaning
exp1852,r796,230,Electricity
exp1853,r599,130,Water
exp1854,r211,230,Electricity
exp1855,r771,230,Electricity
exp1856,r129,120,Water
exp1857,r600,200,Electricity
exp1858,r343,200,Cleaning
exp1859,r658,110,Cleaning
exp1860,r319,190,Water
exp1861,r943,250,Water
exp1862,r523,220,Electricity
exp1863,r893,150,Electricity
exp1864,r895,210,Electricity
exp1865,r980,220,Electricity
exp1866,r578,190,Cleaning
exp1867,r502,100,Cleaning
exp1868,r375,160,Cleaning
exp1869,r571,130,Cleaning
exp1870,r673,140,Water
exp1871,r889,100,Cleaning
exp1872,r131,180,Water
exp1873,r760,220,Water
exp1874,r204,180,Water
exp1875,r440,160,Water
exp1876,r456,150,Electricity
exp1877,r439,110,Electricity
exp1878,r861,120,Cleaning
exp1879,r803,150,Electricity
exp1880,r357,190,Water
exp1881,r722,110,Electricity
exp1882,r959,230,Cleaning
exp1883,r174,160,Electricity
exp1884,r552,170,Water
exp1885,r682,240,Electricity
exp1886,r180,180,Water
exp1887,r867,120,Cleaning
exp1888,r169,200,Water
exp1889,r120,120,Cleaning
exp1890,r804,180,Cleaning
exp1891,r936,250,Water
exp1892,r351,240,Water
exp1893,r969,160,Water
exp1894,r634,180,Electricity
exp1895,r292,220,Electricity
exp1896,r461,220,Cleaning
exp1897,r955,130,Electricity
exp1898,r980,140,Water
exp1899,r468,250,Electricity
exp1900,r314,170,Water
exp1901,r602,180,Electricity
exp1902,r877,160,Water
exp1903,r948,210,Water
exp1904,r107,100,Electricity
exp1905,r683,230,Water
exp1906,r206,150,Cleaning
exp1907,r847,120,Water
exp1908,r171,240,Electricity
exp1909,r295,100,Water
exp1910,r953,180,Water
exp1911,r614,250,Electricity
exp1912,r881,120,Water
exp1913,r532,180,Cleaning
exp1914,r915,160,Electricity
exp1915,r435,190,Cleaning
exp1916,r271,170,Electricity
exp1917,r556,120,Cleaning
exp1918,r847,170,Water
exp1919,r397,160,Water
exp1920,r397,220,Water
exp1921,r518,110,Cleaning
exp1922,r142,200,Electricity
exp1923,r675,200,Water
exp1924,r958,120,Cleaning
exp1925,r775,190,Cleaning
exp1926,r646,250,Water
exp1927,r976,100,Electricity
exp1928,r793,130,Cleaning
exp1929,r517,230,Cleaning
exp1930,r762,190,Water
exp1931,r937,110,Cleaning
exp1932,r949,160,Water
exp1933,r708,120,Water
exp1934,r673,230,Water
exp1935,r999,220,Electricity
exp1936,r336,220,Water
exp1937,r284,230,Electricity
exp1938,r651,250,Electricity
exp1939,r319,210,Cleaning
exp1940,r323,150,Electricity
exp1941,r403,100,Cleaning
exp1942,r808,130,Electricity
exp1943,r355,130,Cleaning
exp1944,r968,210,Electricity
exp1945,r428,150,Cleaning
exp1946,r898,130,Electricity
exp1947,r619,190,Electricity
exp1948,r261,150,Cleaning
exp1949,r219,200,Electricity
exp1950,r334,110,Cleaning
exp1951,r271,110,Electricity
exp1952,r616,170,Electricity
exp1953,r199,100,Electricity
exp1954,r111,170,Water
exp1955,r653,250,Water
exp1956,r704,220,Electricity
exp1957,r102,170,Electricity
exp1958,r198,100,Electricity
exp1959,r577,230,Electricity
exp1960,r482,220,Water
exp1961,r578,230,Electricity
exp1962,r818,220,Cleaning
exp1963,r709,130,Electricity
exp1964,r173,190,Electricity
exp1965,r182,210,Cleaning
exp1966,r702,130,Cleaning
exp1967,r988,170,Water
exp1968,r763,220,Water
exp1969,r864,210,Electricity
exp1970,r469,170,Electricity
exp1971,r470,130,Electricity
exp1972,r251,150,Electricity
exp1973,r993,130,Cleaning
exp1974,r991,160,Electricity
exp1975,r176,160,Water
exp1976,r831,170,Water
exp1977,r723,250,Cleaning
exp1978,r445,230,Water
exp1979,r879,140,Water
exp1980,r727,170,Cleaning
exp1981,r510,220,Water
exp1982,r226,150,Cleaning
exp1983,r859,230,Water
exp1984,r377,130,Cleaning
exp1985,r946,230,Cleaning
exp1986,r165,180,Electricity
exp1987,r867,210,Electricity
exp1988,r242,180,Electricity
exp1989,r167,240,Cleaning
exp1990,r137,210,Water
exp1991,r333,150,Electricity
exp1992,r310,230,Cleaning
exp1993,r437,150,Cleaning
exp1994,r436,200,Electricity
exp1995,r153,130,Water
exp1996,r451,160,Water
exp1997,r904,110,Cleaning
exp1998,r775,140,Electricity
exp1999,r144,190,Water
exp2000,r398,200,Water
exp2001,r878,230,Cleaning
exp2002,r772,160,Cleaning
exp2003,r872,200,Water
exp2004,r324,180,Cleaning
exp2005,r333,150,Electricity
exp2006,r553,150,Cleaning
exp2007,r551,150,Cleaning
exp2008,r134,220,Cleaning
exp2009,r364,170,Cleaning
exp2010,r216,220,Electricity
exp2011,r459,170,Water
exp2012,r951,170,Water
exp2013,r648,100,Cleaning
exp2014,r550,110,Water
exp2015,r493,240,Cleaning
exp2016,r280,220,Electricity
exp2017,r188,240,Electricity
exp2018,r102,250,Water
exp2019,r470,100,Electricity
exp2020,r225,160,Cleaning
exp2021,r672,240,Electricity
exp2022,r131,180,Water
exp2023,r332,170,Water
exp2024,r750,200,Water
exp2025,r515,170,Water
exp2026,r773,120,Cleaning
exp2027,r611,150,Electricity
exp2028,r563,170,Electricity
exp2029,r346,250,Cleaning
exp2030,r151,140,Cleaning
exp2031,r130,230,Cleaning
exp2032,r158,230,Water
exp2033,r635,240,Electricity
exp2034,r941,230,Electricity
exp2035,r565,230,Cleaning
exp2036,r798,220,Water
exp2037,r724,210,Cleaning
exp2038,r549,110,Electricity
exp2039,r214,150,Cleaning
exp2040,r228,160,Water
exp2041,r240,180,Water
exp2042,r470,120,Water
exp2043,r963,110,Electricity
exp2044,r216,190,Electricity
exp2045,r488,160,Water
exp2046,r510,210,Electricity
exp2047,r950,110,Cleaning
exp2048,r965,170,Water
exp2049,r710,140,Water
exp2050,r406,240,Electricity
exp2051,r779,110,Cleaning
exp2052,r854,120,Water
exp2053,r231,110,Water
exp2054,r393,190,Cleaning
exp2055,r259,240,Water
exp2056,r439,130,Cleaning
exp2057,r928,210,Water
exp2058,r497,110,Water
exp2059,r308,200,Water
exp2060,r787,120,Electricity
exp2061,r485,150,Cleaning
exp2062,r155,180,Cleaning
exp2063,r541,160,Electricity
exp2064,r416,110,Water
exp2065,r432,180,Cleaning
exp2066,r950,240,Electricity
exp2067,r869,190,Electricity
exp2068,r145,110,Electricity
exp2069,r206,160,Water
exp2070,r658,130,Water
exp2071,r129,210,Water
exp2072,r441,210,Electricity
exp2073,r329,100,Water
exp2074,r721,200,Water
exp2075,r193,120,Electricity
exp2076,r639,220,Cleaning
exp2077,r838,210,Cleaning
exp2078,r648,240,Electricity
exp2079,r489,100,Water
exp2080,r336,230,Electricity
exp2081,r899,200,Electricity
exp2082,r660,120,Electricity
exp2083,r970,200,Electricity
exp2084,r551,230,Water
exp2085,r296,230,Cleaning
exp2086,r933,160,Electricity
exp2087,r188,200,Electricity
exp2088,r288,110,Cleaning
exp2089,r715,210,Cleaning
exp2090,r591,100,Cleaning
exp2091,r223,140,Cleaning
exp2092,r617,120,Cleaning
exp2093,r540,160,Water
exp2094,r184,190,Electricity
exp2095,r226,150,Cleaning
exp2096,r350,250,Water
exp2097,r174,170,Water
exp2098,r109,160,Cleaning
exp2099,r386,150,Electricity
exp2100,r316,180,Cleaning
exp2101,r634,200,Water
exp2102,r989,190,Electricity
exp2103,r325,170,Water
exp2104,r871,230,Cleaning
exp2105,r753,170,Electricity
exp2106,r334,120,Electricity
exp2107,r439,250,Water
exp2108,r391,200,Water
exp2109,r888,250,Water
exp2110,r478,120,Cleaning
exp2111,r989,160,Cleaning
exp2112,r772,170,Water
exp2113,r175,190,Cleaning
exp2114,r753,230,Electricity
exp2115,r442,120,Electricity
exp2116,r875,150,Cleaning
exp2117,r235,230,Cleaning
exp2118,r371,230,Electricity
exp2119,r950,110,Electricity
exp2120,r829,220,Cleaning
exp2121,r303,150,Cleaning
exp2122,r315,110,Water
exp2123,r955,210,Water
exp2124,r794,100,Electricity
exp2125,r670,150,Cleaning
exp2126,r575,230,Water
exp2127,r330,120,Electricity
exp2128,r657,230,Cleaning
exp2129,r421,150,Water
exp2130,r665,240,Water
exp2131,r116,170,Cleaning
exp2132,r949,170,Water
exp2133,r293,170,Electricity
exp2134,r486,100,Cleaning
exp2135,r475,100,Water
exp2136,r773,230,Water
exp2137,r948,160,Electricity
exp2138,r181,200,Electricity
exp2139,r369,230,Water
exp2140,r830,150,Water
exp2141,r769,160,Electricity
exp2142,r811,150,Water
exp2143,r524,170,Electricity
exp2144,r674,170,Cleaning
exp2145,r529,220,Electricity
exp2146,r209,100,Water
exp2147,r233,140,Cleaning
exp2148,r499,230,Electricity
exp2149,r830,120,Water
exp2150,r880,160,Cleaning
exp2151,r414,150,Water
exp2152,r718,210,Electricity
exp2153,r660,170,Cleaning
exp2154,r986,210,Water
exp2155,r544,100,Cleaning
exp2156,r712,200,Electricity
exp2157,r375,210,Water
exp2158,r387,220,Water
exp2159,r912,210,Cleaning
exp2160,r158,110,Electricity
exp2161,r753,160,Electricity
exp2162,r511,180,Electricity
exp2163,r779,240,Electricity
exp2164,r654,120,Electricity
exp2165,r671,230,Water
exp2166,r415,220,Cleaning
exp2167,r782,230,Cleaning
exp2168,r732,240,Electricity
exp2169,r550,120,Water
exp2170,r255,150,Electricity
exp2171,r305,160,Electricity
exp2172,r987,120,Cleaning
exp2173,r852,200,Water
exp2174,r579,190,Electricity
exp2175,r320,210,Cleaning
exp2176,r636,200,Cleaning
exp2177,r405,170,Cleaning
exp2178,r778,160,Water
exp2179,r121,120,Electricity
exp2180,r843,240,Water
exp2181,r699,200,Water
exp2182,r213,150,Electricity
exp2183,r792,140,Water
exp2184,r130,130,Electricity
exp2185,r506,230,Water
exp2186,r460,100,Water
exp2187,r349,130,Electricity
exp2188,r719,250,Electricity
exp2189,r501,220,Water
exp2190,r337,210,Electricity
exp2191,r104,250,Cleaning
exp2192,r338,150,Cleaning
exp2193,r850,110,Electricity
exp2194,r244,120,Water
exp2195,r707,100,Electricity
exp2196,r428,160,Water
exp2197,r855,190,Water
exp2198,r756,140,Electricity
exp2199,r859,140,Cleaning
exp2200,r561,220,Water
exp2201,r473,170,Water
exp2202,r557,150,Cleaning
exp2203,r740,150,Cleaning
exp2204,r639,100,Cleaning
exp2205,r540,220,Cleaning
exp2206,r125,120,Electricity
exp2207,r627,190,Cleaning
exp2208,r381,180,Cleaning
exp2209,r534,130,Cleaning
exp2210,r149,220,Water
exp2211,r330,100,Water
exp2212,r818,150,Water
exp2213,r307,160,Water
exp2214,r597,230,Water
exp2215,r765,250,Water
exp2216,r179,110,Water
exp2217,r773,140,Cleaning
exp2218,r226,110,Cleaning
exp2219,r332,240,Water
exp2220,r209,230,Cleaning
exp2221,r780,130,Electricity
exp2222,r710,100,Cleaning
exp2223,r603,250,Water
exp2224,r398,120,Water
exp2225,r947,130,Cleaning
exp2226,r272,200,Electricity
exp2227,r643,150,Water
exp2228,r819,250,Electricity
exp2229,r929,190,Electricity
exp2230,r486,170,Water
exp2231,r212,220,Electricity
exp2232,r878,110,Electricity
exp2233,r224,150,Electricity
exp2234,r753,150,Water
exp2235,r931,150,Cleaning
exp2236,r578,250,Electricity
exp2237,r275,240,Electricity
exp2238,r429,110,Electricity
exp2239,r867,180,Electricity
exp2240,r191,220,Cleaning
exp2241,r826,250,Water
exp2242,r393,240,Electricity
exp2243,r348,120,Water
exp2244,r318,180,Cleaning
exp2245,r873,160,Cleaning
exp2246,r652,240,Cleaning
exp2247,r805,220,Cleaning
exp2248,r837,170,Cleaning
exp2249,r580,100,Cleaning
exp2250,r781,160,Water
exp2251,r951,210,Water
exp2252,r751,170,Electricity
exp2253,r888,190,Electricity
exp2254,r194,210,Cleaning
exp2255,r240,110,Cleaning
exp2256,r950,240,Electricity
exp2257,r823,200,Electricity
exp2258,r559,250,Electricity
exp2259,r927,210,Electricity
exp2260,r145,230,Electricity
exp2261,r523,230,Electricity
exp2262,r726,220,Cleaning
exp2263,r634,250,Electricity
exp2264,r421,240,Water
exp2265,r793,160,Water
exp2266,r686,140,Cleaning
exp2267,r553,210,Water
exp2268,r642,110,Electricity
exp2269,r430,120,Cleaning
exp2270,r804,120,Cleaning
exp2271,r516,160,Electricity
exp2272,r199,160,Electricity
exp2273,r348,140,Cleaning
exp2274,r294,110,Water
exp2275,r742,140,Water
exp2276,r842,170,Water
exp2277,r896,130,Electricity
exp2278,r882,190,Water
exp2279,r298,210,Water
exp2280,r603,120,Electricity
exp2281,r103,210,Electricity
exp2282,r295,190,Electricity
exp2283,r804,100,Cleaning
exp2284,r111,220,Electricity
exp2285,r675,140,Cleaning
exp2286,r707,200,Electricity
exp2287,r848,130,Cleaning
exp2288,r731,100,Electricity
exp2289,r185,150,Cleaning
exp2290,r923,180,Cleaning
exp2291,r315,200,Cleaning
exp2292,r974,130,Electricity
exp2293,r487,160,Cleaning
exp2294,r886,160,Electricity
exp2295,r709,230,Water
exp2296,r916,180,Electricity
exp2297,r751,250,Cleaning
exp2298,r650,150,Water
exp2299,r546,140,Electricity
exp2300,r307,170,Electricity
exp2301,r181,150,Electricity
exp2302,r333,150,Cleaning
exp2303,r508,140,Electricity
exp2304,r561,250,Water
exp2305,r275,230,Water
exp2306,r285,140,Cleaning
exp2307,r108,190,Cleaning
exp2308,r701,170,Water
exp2309,r155,100,Electricity
exp2310,r745,150,Cleaning
exp2311,r204,170,Electricity
exp2312,r217,120,Cleaning
exp2313,r757,190,Cleaning
exp2314,r807,220,Electricity
exp2315,r869,130,Cleaning
exp2316,r625,230,Cleaning
exp2317,r891,140,Electricity
exp2318,r677,200,Electricity
exp2319,r773,210,Cleaning
exp2320,r578,120,Water
exp2321,r907,140,Water
exp2322,r157,220,Electricity
exp2323,r230,180,Electricity
exp2324,r546,120,Cleaning
exp2325,r476,110,Water
exp2326,r240,190,Cleaning
exp2327,r919,120,Cleaning
exp2328,r284,230,Water
exp2329,r526,250,Water
exp2330,r303,160,Electricity
exp2331,r389,170,Cleaning
exp2332,r781,140,Water
exp2333,r666,250,Water
exp2334,r918,250,Water
exp2335,r619,100,Cleaning
exp2336,r353,210,Electricity
exp2337,r895,120,Water
exp2338,r591,210,Water
exp2339,r572,130,Water
exp2340,r883,250,Cleaning
exp2341,r584,130,Cleaning
exp2342,r582,230,Cleaning
exp2343,r859,160,Electricity
exp2344,r645,180,Cleaning
exp2345,r728,200,Electricity
exp2346,r896,150,Electricity
exp2347,r183,240,Cleaning
exp2348,r460,130,Water
exp2349,r310,240,Electricity
exp2350,r181,220,Electricity
exp2351,r451,190,Cleaning
exp2352,r142,220,Water
exp2353,r311,190,Electricity
exp2354,r943,160,Electricity
exp2355,r538,160,Water
exp2356,r230,200,Electricity
exp2357,r743,200,Water
exp2358,r292,170,Cleaning
exp2359,r333,200,Electricity
exp2360,r363,220,Electricity
exp2361,r402,240,Cleaning
exp2362,r753,220,Water
exp2363,r152,210,Cleaning
exp2364,r660,190,Electricity
exp2365,r401,140,Cleaning
exp2366,r636,180,Electricity
exp2367,r137,130,Cleaning
exp2368,r290,100,Cleaning
exp2369,r182,130,Electricity
exp2370,r346,170,Cleaning
exp2371,r434,240,Water
exp2372,r622,150,Electricity
exp2373,r785,150,Electricity
exp2374,r291,200,Electricity
exp2375,r173,210,Cleaning
exp2376,r498,170,Water
exp2377,r870,170,Water
exp2378,r189,100,Electricity
exp2379,r514,170,Electricity
exp2380,r494,210,Cleaning
exp2381,r160,220,Cleaning
exp2382,r580,110,Cleaning
exp2383,r978,200,Electricity
exp2384,r665,210,Water
exp2385,r746,100,Cleaning
exp2386,r160,220,Water
exp2387,r103,210,Electricity
exp2388,r785,180,Water
exp2389,r215,150,Electricity
exp2390,r968,230,Cleaning
exp2391,r558,160,Water
exp2392,r720,180,Water
exp2393,r714,140,Water
exp2394,r275,130,Cleaning
exp2395,r820,100,Electricity
exp2396,r231,160,Electricity
exp2397,r170,250,Water
exp2398,r974,110,Cleaning
exp2399,r820,160,Electricity
exp2400,r528,160,Electricity
exp2401,r202,250,Cleaning
exp2402,r245,250,Electricity
exp2403,r171,110,Water
exp2404,r529,100,Cleaning
exp2405,r440,250,Cleaning
exp2406,r646,140,Electricity
exp2407,r728,130,Cleaning
exp2408,r136,170,Water
exp2409,r144,240,Water
exp2410,r396,120,Cleaning
exp2411,r183,150,Electricity
exp2412,r358,150,Electricity
exp2413,r693,180,Electricity
exp2414,r269,170,Water
exp2415,r810,150,Water
exp2416,r969,220,Electricity
exp2417,r267,130,Cleaning
exp2418,r424,100,Electricity
exp2419,r123,240,Water
exp2420,r153,120,Cleaning
exp2421,r829,200,Cleaning
exp2422,r878,210,Electricity
exp2423,r129,240,Electricity
exp2424,r885,230,Electricity
exp2425,r403,230,Water
exp2426,r717,150,Water
exp2427,r686,150,Water
exp2428,r323,100,Cleaning
exp2429,r833,120,Cleaning
exp2430,r842,250,Water
exp2431,r449,140,Electricity
exp2432,r798,160,Water
exp2433,r396,160,Electricity
exp2434,r613,100,Water
exp2435,r946,200,Cleaning
exp2436,r558,200,Electricity
exp2437,r214,130,Electricity
exp2438,r634,180,Cleaning
exp2439,r296,240,Cleaning
exp2440,r183,190,Water
exp2441,r827,190,Electricity
exp2442,r784,240,Water
exp2443,r858,100,Cleaning
exp2444,r892,200,Cleaning
exp2445,r518,210,Cleaning
exp2446,r358,240,Electricity
exp2447,r660,140,Electricity
exp2448,r666,200,Cleaning
exp2449,r687,230,Cleaning
exp2450,r160,180,Electricity
exp2451,r877,150,Cleaning
exp2452,r804,110,Electricity
exp2453,r552,200,Electricity
exp2454,r155,160,Electricity
exp2455,r528,250,Electricity
exp2456,r989,160,Electricity
exp2457,r730,240,Electricity
exp2458,r879,120,Cleaning
exp2459,r726,110,Cleaning
exp2460,r332,140,Electricity
exp2461,r578,190,Water
exp2462,r860,190,Electricity
exp2463,r237,140,Cleaning
exp2464,r230,130,Water
exp2465,r528,100,Electricity
exp2466,r460,210,Cleaning
exp2467,r825,130,Water
exp2468,r161,200,Electricity
exp2469,r488,230,Electricity
exp2470,r318,120,Cleaning
exp2471,r532,110,Electricity
exp2472,r146,200,Water
exp2473,r104,220,Electricity
exp2474,r359,170,Cleaning
exp2475,r371,100,Cleaning
exp2476,r406,150,Cleaning
exp2477,r656,100,Cleaning
exp2478,r760,140,Electricity
exp2479,r923,130,Cleaning
exp2480,r846,130,Cleaning
exp2481,r689,130,Cleaning
exp2482,r793,140,Cleaning
exp2483,r671,100,Cleaning
exp2484,r527,110,Cleaning
exp2485,r587,130,Cleaning
exp2486,r620,160,Water
exp2487,r453,240,Cleaning
exp2488,r780,220,Cleaning
exp2489,r606,130,Electricity
exp2490,r860,130,Cleaning
exp2491,r189,230,Cleaning
exp2492,r759,150,Water
exp2493,r684,210,Electricity
exp2494,r554,220,Electricity
exp2495,r927,120,Electricity
exp2496,r680,230,Electricity
exp2497,r628,230,Cleaning
exp2498,r691,190,Electricity
exp2499,r523,100,Cleaning
exp2500,r535,180,Cleaning
exp2501,r964,140,Water
exp2502,r208,100,Water
exp2503,r541,250,Water
exp2504,r642,160,Water
exp2505,r499,230,Cleaning
exp2506,r582,250,Water
exp2507,r203,250,Electricity
exp2508,r484,250,Water
exp2509,r471,210,Cleaning
exp2510,r566,110,Electricity
exp2511,r899,190,Water
exp2512,r114,250,Water
exp2513,r454,250,Cleaning
exp2514,r380,230,Cleaning
exp2515,r896,220,Cleaning
exp2516,r970,210,Water
exp2517,r616,180,Electricity
exp2518,r947,240,Electricity
exp2519,r266,220,Water
exp2520,r104,210,Cleaning
exp2521,r193,190,Electricity
exp2522,r722,120,Electricity
exp2523,r211,220,Cleaning
exp2524,r767,170,Water
exp2525,r794,140,Water
exp2526,r804,250,Electricity
exp2527,r917,120,Cleaning
exp2528,r513,160,Electricity
exp2529,r586,210,Water
exp2530,r929,250,Electricity
exp2531,r664,120,Electricity
exp2532,r530,200,Water
exp2533,r252,200,Electricity
exp2534,r393,180,Cleaning
exp2535,r908,250,Electricity
exp2536,r827,200,Cleaning
exp2537,r655,150,Cleaning
exp2538,r598,180,Water
exp2539,r664,200,Cleaning
exp2540,r413,200,Electricity
exp2541,r456,170,Water
exp2542,r305,100,Electricity
exp2543,r259,130,Cleaning
exp2544,r712,200,Electricity
exp2545,r736,220,Cleaning
exp2546,r268,120,Water
exp2547,r360,200,Water
exp2548,r315,210,Water
exp2549,r391,200,Electricity
exp2550,r579,230,Water
exp2551,r417,120,Cleaning
exp2552,r773,180,Water
exp2553,r528,180,Electricity
exp2554,r907,160,Water
exp2555,r548,190,Water
exp2556,r213,240,Water
exp2557,r615,100,Electricity
exp2558,r239,130,Electricity
exp2559,r408,150,Water
exp2560,r774,170,Electricity
exp2561,r826,210,Cleaning
exp2562,r206,170,Electricity
exp2563,r279,140,Water
exp2564,r396,120,Cleaning
exp2565,r351,200,Cleaning
exp2566,r158,240,Electricity
exp2567,r350,210,Electricity
exp2568,r263,240,Cleaning
exp2569,r184,160,Electricity
exp2570,r987,220,Electricity
exp2571,r440,150,Cleaning
exp2572,r408,120,Water
exp2573,r307,140,Water
exp2574,r960,190,Electricity
exp2575,r636,140,Water
exp2576,r186,170,Electricity
exp2577,r742,170,Water
exp2578,r343,230,Electricity
exp2579,r820,130,Cleaning
exp2580,r603,170,Electricity
exp2581,r750,140,Water
exp2582,r301,150,Cleaning
exp2583,r462,170,Water
exp2584,r246,160,Water
exp2585,r669,100,Electricity
exp2586,r248,210,Cleaning
exp2587,r746,110,Electricity
exp2588,r210,220,Cleaning
exp2589,r252,200,Cleaning
exp2590,r176,120,Electricity
exp2591,r519,210,Water
exp2592,r834,160,Electricity
exp2593,r948,180,Water
exp2594,r995,110,Cleaning
exp2595,r458,210,Water
exp2596,r401,170,Electricity
exp2597,r949,150,Water
exp2598,r676,150,Water
exp2599,r477,100,Cleaning
exp2600,r233,250,Electricity
exp2601,r990,150,Water
exp2602,r412,210,Water
exp2603,r152,230,Electricity
exp2604,r164,240,Electricity
exp2605,r729,230,Electricity
exp2606,r379,250,Cleaning
exp2607,r275,210,Water
exp2608,r203,220,Water
exp2609,r111,110,Water
exp2610,r755,250,Water
exp2611,r193,210,Cleaning
exp2612,r862,120,Water
exp2613,r928,170,Cleaning
exp2614,r807,170,Cleaning
exp2615,r776,170,Cleaning
exp2616,r548,190,Electricity
exp2617,r722,110,Water
exp2618,r147,130,Water
exp2619,r681,180,Electricity
exp2620,r777,100,Cleaning
exp2621,r712,110,Water
exp2622,r977,240,Electricity
exp2623,r204,250,Water
exp2624,r670,120,Cleaning
exp2625,r639,160,Cleaning
exp2626,r107,110,Electricity
exp2627,r426,230,Cleaning
exp2628,r246,180,Water
exp2629,r474,190,Cleaning
exp2630,r265,110,Cleaning
exp2631,r291,110,Cleaning
exp2632,r151,240,Water
exp2633,r785,140,Electricity
exp2634,r794,150,Electricity
exp2635,r715,110,Electricity
exp2636,r583,100,Water
exp2637,r679,160,Electricity
exp2638,r805,190,Cleaning
exp2639,r874,240,Electricity
exp2640,r768,230,Water
exp2641,r447,110,Electricity
exp2642,r313,130,Water
exp2643,r495,180,Cleaning
exp2644,r621,140,Cleaning
exp2645,r246,120,Cleaning
exp2646,r923,100,Electricity
exp2647,r510,200,Electricity
exp2648,r621,150,Cleaning
exp2649,r163,120,Cleaning
exp2650,r585,180,Cleaning
exp2651,r868,130,Cleaning
exp2652,r343,140,Cleaning
exp2653,r680,170,Cleaning
exp2654,r666,130,Water
exp2655,r168,220,Cleaning
exp2656,r502,240,Electricity
exp2657,r220,130,Electricity
exp2658,r495,110,Cleaning
exp2659,r404,170,Cleaning
exp2660,r429,130,Water
exp2661,r192,120,Water
exp2662,r673,240,Electricity
exp2663,r867,140,Water
exp2664,r519,120,Water
exp2665,r909,120,Electricity
exp2666,r618,160,Electricity
exp2667,r706,170,Water
exp2668,r410,100,Water
exp2669,r790,240,Cleaning
exp2670,r356,120,Electricity
exp2671,r633,220,Water
exp2672,r654,150,Electricity
exp2673,r803,150,Water
exp2674,r810,180,Water
exp2675,r841,130,Water
exp2676,r710,150,Water
exp2677,r688,230,Electricity
exp2678,r769,170,Cleaning
exp2679,r619,200,Electricity
exp2680,r566,110,Cleaning
exp2681,r222,220,Cleaning
exp2682,r695,100,Electricity
exp2683,r778,150,Water
exp2684,r406,200,Cleaning
exp2685,r295,160,Cleaning
exp2686,r694,250,Cleaning
exp2687,r605,110,Cleaning
exp2688,r776,170,Cleaning
exp2689,r690,100,Electricity
exp2690,r128,200,Electricity
exp2691,r546,210,Cleaning
exp2692,r769,100,Water
exp2693,r366,230,Water
exp2694,r649,100,Electricity
exp2695,r939,150,Water
exp2696,r119,100,Electricity
exp2697,r375,140,Cleaning
exp2698,r276,110,Electricity
exp2699,r801,240,Water
exp2700,r525,140,Water
exp2701,r808,190,Cleaning
exp2702,r319,150,Cleaning
exp2703,r451,120,Water
exp2704,r299,220,Water
exp2705,r509,100,Electricity
exp2706,r235,130,Electricity
exp2707,r490,120,Water
exp2708,r562,130,Water
exp2709,r630,230,Cleaning
exp2710,r230,130,Electricity
exp2711,r420,200,Water
exp2712,r323,230,Water
exp2713,r317,250,Electricity
exp2714,r591,240,Water
exp2715,r746,110,Cleaning
exp2716,r225,110,Cleaning
exp2717,r977,220,Cleaning
exp2718,r643,240,Cleaning
exp2719,r383,200,Water
exp2720,r703,150,Cleaning
exp2721,r111,150,Cleaning
exp2722,r907,160,Electricity
exp2723,r146,180,Cleaning
exp2724,r539,180,Cleaning
exp2725,r580,120,Electricity
exp2726,r806,220,Electricity
exp2727,r422,220,Electricity
exp2728,r513,210,Electricity
exp2729,r681,170,Electricity
exp2730,r811,130,Electricity
exp2731,r625,170,Cleaning
exp2732,r868,130,Cleaning
exp2733,r265,140,Electricity
exp2734,r516,220,Cleaning
exp2735,r581,170,Electricity
exp2736,r591,250,Electricity
exp2737,r441,230,Cleaning
exp2738,r498,230,Cleaning
exp2739,r692,200,Electricity
exp2740,r756,130,Cleaning
exp2741,r658,170,Electricity
exp2742,r895,200,Electricity
exp2743,r471,160,Water
exp2744,r429,160,Electricity
exp2745,r482,210,Water
exp2746,r658,150,Cleaning
exp2747,r717,150,Water
exp2748,r497,240,Cleaning
exp2749,r785,210,Water
exp2750,r963,250,Water
exp2751,r371,210,Water
exp2752,r589,160,Cleaning
exp2753,r864,140,Electricity
exp2754,r675,250,Cleaning
exp2755,r841,240,Water
exp2756,r644,120,Electricity
exp2757,r571,160,Electricity
exp2758,r581,160,Water
exp2759,r708,130,Electricity
exp2760,r870,150,Cleaning
exp2761,r693,160,Electricity
exp2762,r439,250,Water
exp2763,r358,150,Water
exp2764,r860,100,Electricity
exp2765,r805,220,Cleaning
exp2766,r230,130,Water
exp2767,r262,230,Cleaning
exp2768,r729,240,Electricity
exp2769,r989,120,Cleaning
exp2770,r683,200,Water
exp2771,r308,170,Cleaning
exp2772,r554,200,Electricity
exp2773,r945,140,Electricity
exp2774,r753,120,Cleaning
exp2775,r894,180,Cleaning
exp2776,r899,230,Cleaning
exp2777,r792,190,Electricity
exp2778,r629,230,Cleaning
exp2779,r314,220,Electricity
exp2780,r547,100,Electricity
exp2781,r225,130,Cleaning
exp2782,r969,150,Cleaning
exp2783,r492,170,Cleaning
exp2784,r875,200,Electricity
exp2785,r168,190,Cleaning
exp2786,r724,210,Electricity
exp2787,r429,130,Water
exp2788,r154,150,Electricity
exp2789,r874,120,Water
exp2790,r621,210,Cleaning
exp2791,r138,200,Water
exp2792,r700,100,Electricity
exp2793,r555,190,Cleaning
exp2794,r999,210,Water
exp2795,r924,220,Cleaning
exp2796,r573,200,Cleaning
exp2797,r355,170,Water
exp2798,r891,130,Electricity
exp2799,r829,120,Cleaning
exp2800,r887,170,Cleaning
exp2801,r892,190,Cleaning
exp2802,r381,190,Cleaning
exp2803,r108,150,Water
exp2804,r704,130,Electricity
exp2805,r971,130,Cleaning
exp2806,r565,110,Electricity
exp2807,r818,230,Electricity
exp2808,r362,230,Water
exp2809,r423,190,Cleaning
exp2810,r592,220,Electricity
exp2811,r545,230,Electricity
exp2812,r640,200,Electricity
exp2813,r249,250,Electricity
exp2814,r520,150,Cleaning
exp2815,r555,190,Water
exp2816,r137,160,Electricity
exp2817,r697,230,Electricity
exp2818,r273,210,Cleaning
exp2819,r299,230,Water
exp2820,r547,220,Cleaning
exp2821,r589,160,Cleaning
exp2822,r186,140,Cleaning
exp2823,r391,140,Electricity
exp2824,r911,130,Electricity
exp2825,r193,200,Cleaning
exp2826,r893,140,Electricity
exp2827,r785,240,Water
exp2828,r899,160,Cleaning
exp2829,r245,250,Water
exp2830,r294,120,Water
exp2831,r926,140,Cleaning
exp2832,r230,140,Electricity
exp2833,r482,150,Water
exp2834,r907,240,Cleaning
exp2835,r963,140,Electricity
exp2836,r415,110,Cleaning
exp2837,r913,100,Electricity
exp2838,r210,110,Cleaning
exp2839,r987,100,Cleaning
exp2840,r718,140,Water
exp2841,r775,250,Cleaning
exp2842,r206,140,Electricity
exp2843,r790,120,Electricity
exp2844,r492,170,Cleaning
exp2845,r420,150,Water
exp2846,r804,170,Water
exp2847,r241,150,Water
exp2848,r305,180,Cleaning
exp2849,r305,130,Water
exp2850,r782,170,Water
exp2851,r207,100,Electricity
exp2852,r833,230,Electricity
exp2853,r368,220,Water
exp2854,r142,110,Water
exp2855,r282,160,Cleaning
exp2856,r599,120,Electricity
exp2857,r614,240,Water
exp2858,r209,230,Electricity
exp2859,r819,230,Water
exp2860,r418,160,Cleaning
exp2861,r207,210,Electricity
exp2862,r329,250,Electricity
exp2863,r498,210,Water
exp2864,r399,140,Cleaning
exp2865,r966,180,Water
exp2866,r755,150,Electricity
exp2867,r347,110,Water
exp2868,r593,160,Electricity
exp2869,r187,190,Water
exp2870,r616,100,Water
exp2871,r508,170,Electricity
exp2872,r475,170,Electricity
exp2873,r275,190,Water
exp2874,r927,240,Cleaning
exp2875,r282,200,Water
exp2876,r492,140,Cleaning
exp2877,r785,100,Cleaning
exp2878,r988,160,Water
exp2879,r282,100,Water
exp2880,r518,150,Cleaning
exp2881,r903,160,Water
exp2882,r284,110,Water
exp2883,r956,210,Cleaning
exp2884,r854,210,Water
exp2885,r437,230,Cleaning
exp2886,r866,240,Water
exp2887,r827,180,Electricity
exp2888,r227,160,Water
exp2889,r137,100,Cleaning
exp2890,r746,170,Electricity
exp2891,r144,120,Water
exp2892,r637,180,Water
exp2893,r629,130,Electricity
exp2894,r521,100,Cleaning
exp2895,r792,230,Electricity
exp2896,r443,230,Cleaning
exp2897,r173,140,Cleaning
exp2898,r847,110,Electricity
exp2899,r982,150,Cleaning
exp2900,r657,160,Electricity
exp2901,r942,200,Cleaning
exp2902,r112,150,Water
exp2903,r124,240,Cleaning
exp2904,r947,240,Cleaning
exp2905,r291,120,Cleaning
exp2906,r963,180,Cleaning
exp2907,r803,130,Cleaning
exp2908,r475,170,Cleaning
exp2909,r117,200,Cleaning
exp2910,r361,100,Water
exp2911,r804,190,Water
exp2912,r788,240,Cleaning
exp2913,r345,170,Electricity
exp2914,r184,250,Cleaning
exp2915,r218,150,Water
exp2916,r148,160,Electricity
exp2917,r376,130,Electricity
exp2918,r285,110,Electricity
exp2919,r558,210,Electricity
exp2920,r978,160,Cleaning
exp2921,r683,240,Cleaning
exp2922,r611,160,Cleaning
exp2923,r819,130,Electricity
exp2924,r579,240,Cleaning
exp2925,r676,220,Electricity
exp2926,r795,100,Cleaning
exp2927,r688,140,Cleaning
exp2928,r671,130,Cleaning
exp2929,r551,110,Electricity
exp2930,r484,160,Cleaning
exp2931,r144,170,Water
exp2932,r389,250,Electricity
exp2933,r390,250,Cleaning
exp2934,r483,110,Water
exp2935,r600,180,Water
exp2936,r453,230,Cleaning
exp2937,r831,100,Cleaning
exp2938,r655,200,Cleaning
exp2939,r840,150,Water
exp2940,r528,120,Cleaning
exp2941,r640,230,Electricity
exp2942,r268,120,Electricity
exp2943,r632,230,Electricity
exp2944,r640,240,Cleaning
exp2945,r644,130,Cleaning
exp2946,r394,190,Water
exp2947,r362,100,Cleaning
exp2948,r472,130,Cleaning
exp2949,r945,140,Electricity
exp2950,r875,170,Cleaning
exp2951,r481,230,Water
exp2952,r129,180,Water
exp2953,r317,200,Cleaning
exp2954,r588,170,Electricity
exp2955,r379,120,Cleaning
exp2956,r235,110,Cleaning
exp2957,r720,130,Cleaning
exp2958,r211,190,Cleaning
exp2959,r728,120,Water
exp2960,r421,190,Cleaning
exp2961,r296,190,Electricity
exp2962,r913,120,Cleaning
exp2963,r706,120,Electricity
exp2964,r379,140,Water
exp2965,r674,170,Cleaning
exp2966,r704,100,Electricity
exp2967,r789,190,Water
exp2968,r856,150,Electricity
exp2969,r557,240,Water
exp2970,r978,250,Cleaning
exp2971,r790,110,Cleaning
exp2972,r807,250,Cleaning
exp2973,r436,120,Cleaning
exp2974,r346,190,Water
exp2975,r909,120,Water
exp2976,r789,160,Water
exp2977,r236,130,Electricity
exp2978,r299,160,Electricity
exp2979,r613,240,Water
exp2980,r812,220,Water
exp2981,r157,190,Cleaning
exp2982,r378,150,Electricity
exp2983,r121,210,Electricity
exp2984,r467,180,Water
exp2985,r254,230,Electricity
exp2986,r187,240,Water
exp2987,r384,200,Electricity
exp2988,r183,150,Cleaning
exp2989,r929,120,Electricity
exp2990,r471,170,Water
exp2991,r717,130,Cleaning
exp2992,r236,210,Water
exp2993,r934,210,Water
exp2994,r420,120,Electricity
exp2995,r889,200,Water
exp2996,r938,240,Cleaning
exp2997,r676,140,Electricity
exp2998,r882,230,Electricity
exp2999,r336,190,Water
exp3000,r614,220,Water
exp3001,r269,120,Cleaning
exp3002,r705,190,Water
exp3003,r285,130,Cleaning
exp3004,r572,200,Cleaning
exp3005,r523,240,Water
exp3006,r537,220,Cleaning
exp3007,r404,190,Electricity
exp3008,r169,110,Electricity
exp3009,r722,220,Electricity
exp3010,r529,150,Water
exp3011,r703,130,Water
exp3012,r382,190,Water
exp3013,r153,160,Electricity
exp3014,r728,200,Water
exp3015,r420,240,Cleaning
exp3016,r664,200,Water
exp3017,r501,240,Water
exp3018,r711,170,Electricity
exp3019,r829,100,Water
exp3020,r110,180,Electricity
exp3021,r153,190,Electricity
exp3022,r443,190,Cleaning
exp3023,r150,220,Water
exp3024,r898,240,Electricity
exp3025,r280,250,Cleaning
exp3026,r730,220,Water
exp3027,r443,150,Electricity
exp3028,r149,140,Cleaning
exp3029,r734,240,Electricity
exp3030,r218,160,Cleaning
exp3031,r991,100,Cleaning
exp3032,r337,180,Electricity
exp3033,r452,140,Cleaning
exp3034,r958,160,Water
exp3035,r605,170,Water
exp3036,r167,160,Electricity
exp3037,r508,230,Cleaning
exp3038,r894,160,Water
exp3039,r112,190,Water
exp3040,r104,240,Electricity
exp3041,r814,110,Electricity
exp3042,r635,160,Cleaning
exp3043,r161,130,Electricity
exp3044,r296,160,Cleaning
exp3045,r460,230,Electricity
exp3046,r685,180,Water
exp3047,r363,100,Water
exp3048,r702,210,Cleaning
exp3049,r457,200,Electricity
exp3050,r859,180,Water
exp3051,r388,200,Water
exp3052,r489,170,Cleaning
exp3053,r803,220,Water
exp3054,r981,200,Electricity
exp3055,r505,150,Water
exp3056,r743,150,Electricity
exp3057,r497,240,Electricity
exp3058,r265,160,Cleaning
exp3059,r446,210,Electricity
exp3060,r217,230,Electricity
exp3061,r833,110,Cleaning
exp3062,r504,120,Water
exp3063,r122,200,Water
exp3064,r920,210,Cleaning
exp3065,r241,240,Water
exp3066,r176,210,Cleaning
exp3067,r830,190,Cleaning
exp3068,r963,190,Cleaning
exp3069,r928,140,Cleaning
exp3070,r320,220,Cleaning
exp3071,r555,230,Cleaning
exp3072,r656,230,Cleaning
exp3073,r385,150,Electricity
exp3074,r367,240,Cleaning
exp3075,r585,210,Water
exp3076,r462,100,Electricity
exp3077,r560,110,Electricity
exp3078,r962,220,Water
exp3079,r562,120,Cleaning
exp3080,r496,250,Cleaning
exp3081,r870,210,Cleaning
exp3082,r393,110,Water
exp3083,r293,250,Electricity
exp3084,r682,210,Cleaning
exp3085,r393,180,Water
exp3086,r652,140,Cleaning
exp3087,r763,150,Cleaning
exp3088,r952,120,Cleaning
exp3089,r259,230,Electricity
exp3090,r635,200,Electricity
exp3091,r355,230,Electricity
exp3092,r332,120,Cleaning
exp3093,r277,170,Cleaning
exp3094,r713,100,Cleaning
exp3095,r136,210,Water
exp3096,r352,150,Electricity
exp3097,r422,170,Water
exp3098,r449,180,Cleaning
exp3099,r118,230,Electricity
exp3100,r643,170,Electricity
exp3101,r713,220,Electricity
exp3102,r551,190,Water
exp3103,r179,190,Water
exp3104,r602,180,Electricity
exp3105,r664,120,Cleaning
exp3106,r293,190,Cleaning
exp3107,r994,120,Electricity
exp3108,r383,170,Water
exp3109,r400,130,Water
exp3110,r870,210,Water
exp3111,r606,240,Cleaning
exp3112,r351,230,Electricity
exp3113,r224,160,Water
exp3114,r436,190,Cleaning
exp3115,r797,240,Water
exp3116,r411,220,Water
exp3117,r896,100,Cleaning
exp3118,r921,170,Cleaning
exp3119,r656,120,Electricity
exp3120,r752,120,Water
exp3121,r213,250,Electricity
exp3122,r874,110,Electricity
exp3123,r535,220,Electricity
exp3124,r182,140,Electricity
exp3125,r408,100,Electricity
exp3126,r336,130,Water
exp3127,r207,250,Cleaning
exp3128,r656,190,Cleaning
exp3129,r362,140,Water
exp3130,r381,160,Electricity
exp3131,r476,250,Electricity
exp3132,r373,250,Water
exp3133,r436,150,Cleaning
exp3134,r301,140,Cleaning
exp3135,r204,250,Water
exp3136,r410,230,Cleaning
exp3137,r566,180,Electricity
exp3138,r896,230,Cleaning
exp3139,r461,230,Water
exp3140,r965,180,Electricity
exp3141,r644,160,Electricity
exp3142,r597,240,Electricity
exp3143,r255,210,Water
exp3144,r515,170,Cleaning
exp3145,r642,230,Water
exp3146,r792,210,Cleaning
exp3147,r331,170,Cleaning
exp3148,r973,170,Electricity
exp3149,r220,140,Cleaning
exp3150,r688,220,Electricity
exp3151,r286,190,Electricity
exp3152,r210,200,Electricity
exp3153,r408,190,Water
exp3154,r586,220,Water
exp3155,r708,160,Cleaning
exp3156,r946,180,Water
exp3157,r462,180,Electricity
exp3158,r177,200,Water
exp3159,r694,130,Water
exp3160,r861,180,Water
exp3161,r938,210,Electricity
exp3162,r645,230,Water
exp3163,r157,160,Water
exp3164,r227,170,Water
exp3165,r860,170,Water
exp3166,r915,210,Electricity
exp3167,r268,220,Electricity
exp3168,r295,140,Electricity
exp3169,r159,190,Water
exp3170,r952,130,Electricity
exp3171,r642,230,Electricity
exp3172,r204,130,Cleaning
exp3173,r571,180,Water
exp3174,r849,140,Cleaning
exp3175,r767,140,Water
exp3176,r662,230,Cleaning
exp3177,r458,200,Water
exp3178,r834,250,Water
exp3179,r147,210,Water
exp3180,r564,130,Cleaning
exp3181,r412,170,Water
exp3182,r832,140,Water
exp3183,r697,180,Cleaning
exp3184,r957,190,Electricity
exp3185,r963,100,Cleaning
exp3186,r582,230,Electricity
exp3187,r493,110,Electricity
exp3188,r197,130,Cleaning
exp3189,r323,210,Cleaning
exp3190,r468,230,Cleaning
exp3191,r787,250,Cleaning
exp3192,r455,190,Cleaning
exp3193,r779,240,Water
exp3194,r628,160,Electricity
exp3195,r519,120,Water
exp3196,r784,130,Electricity
exp3197,r406,240,Cleaning
exp3198,r854,200,Electricity
exp3199,r478,200,Water
exp3200,r792,250,Cleaning
exp3201,r151,180,Water
exp3202,r750,250,Water
exp3203,r968,220,Cleaning
exp3204,r940,230,Cleaning
exp3205,r814,130,Water
exp3206,r134,200,Electricity
exp3207,r124,180,Electricity
exp3208,r146,130,Cleaning
exp3209,r478,250,Cleaning
exp3210,r826,190,Electricity
exp3211,r639,250,Electricity
exp3212,r878,180,Cleaning
exp3213,r144,110,Water
exp3214,r703,180,Cleaning
exp3215,r612,160,Electricity
exp3216,r530,210,Water
exp3217,r474,110,Cleaning
exp3218,r808,210,Electricity
exp3219,r472,210,Electricity
exp3220,r908,240,Cleaning
exp3221,r530,100,Electricity
exp3222,r898,120,Cleaning
exp3223,r559,120,Electricity
exp3224,r888,210,Water
exp3225,r128,250,Cleaning
exp3226,r844,230,Cleaning
exp3227,r357,200,Electricity
exp3228,r422,190,Water
exp3229,r352,220,Electricity
exp3230,r797,130,Electricity
exp3231,r118,100,Cleaning
exp3232,r975,240,Water
exp3233,r831,110,Electricity
exp3234,r879,220,Cleaning
exp3235,r183,120,Cleaning
exp3236,r316,240,Water
exp3237,r922,200,Water
exp3238,r670,240,Water
exp3239,r952,140,Water
exp3240,r565,150,Cleaning
exp3241,r224,170,Electricity
exp3242,r327,160,Water
exp3243,r459,100,Electricity
exp3244,r242,150,Cleaning
exp3245,r579,210,Water
exp3246,r847,240,Cleaning
exp3247,r273,200,Water
exp3248,r436,120,Water
exp3249,r717,170,Cleaning
exp3250,r486,240,Cleaning
exp3251,r936,120,Water
exp3252,r892,110,Cleaning
exp3253,r551,160,Electricity
exp3254,r990,220,Cleaning
exp3255,r616,140,Water
exp3256,r293,170,Water
exp3257,r353,100,Cleaning
exp3258,r961,210,Electricity
exp3259,r505,150,Cleaning
exp3260,r509,120,Cleaning
exp3261,r680,120,Electricity
exp3262,r589,190,Electricity
exp3263,r360,190,Water
exp3264,r211,240,Cleaning
exp3265,r102,240,Cleaning
exp3266,r320,240,Cleaning
exp3267,r633,100,Water
exp3268,r337,110,Water
exp3269,r567,210,Electricity
exp3270,r998,110,Cleaning
exp3271,r845,130,Cleaning
exp3272,r473,100,Electricity
exp3273,r973,240,Electricity
exp3274,r456,220,Cleaning
exp3275,r602,220,Cleaning
exp3276,r487,240,Cleaning
exp3277,r338,180,Cleaning
exp3278,r256,120,Cleaning
exp3279,r741,130,Cleaning
exp3280,r792,220,Electricity
exp3281,r878,220,Water
exp3282,r715,190,Electricity
exp3283,r794,250,Water
exp3284,r701,220,Electricity
exp3285,r850,180,Cleaning
exp3286,r179,150,Water
exp3287,r881,100,Water
exp3288,r695,110,Water
exp3289,r854,220,Cleaning
exp3290,r286,190,Cleaning
exp3291,r747,230,Electricity
exp3292,r262,170,Electricity
exp3293,r897,170,Water
exp3294,r852,230,Cleaning
exp3295,r916,190,Cleaning
exp3296,r180,230,Water
exp3297,r984,100,Water
exp3298,r536,100,Water
exp3299,r313,210,Cleaning
exp3300,r949,200,Water
exp3301,r403,130,Electricity
exp3302,r148,170,Cleaning
exp3303,r120,110,Water
exp3304,r218,100,Water
exp3305,r778,150,Cleaning
exp3306,r900,140,Water
exp3307,r980,170,Water
exp3308,r778,100,Water
exp3309,r667,190,Water
exp3310,r255,210,Cleaning
exp3311,r976,180,Water
exp3312,r178,210,Cleaning
exp3313,r720,150,Water
exp3314,r760,150,Electricity
exp3315,r754,140,Cleaning
exp3316,r372,190,Cleaning
exp3317,r293,170,Water
exp3318,r246,180,Electricity
exp3319,r914,140,Cleaning
exp3320,r352,220,Water
exp3321,r674,250,Cleaning
exp3322,r158,100,Water
exp3323,r980,180,Electricity
exp3324,r704,210,Cleaning
exp3325,r203,150,Water
exp3326,r355,230,Water
exp3327,r422,160,Water
exp3328,r670,120,Electricity
exp3329,r199,130,Electricity
exp3330,r136,210,Cleaning
exp3331,r884,150,Cleaning
exp3332,r772,150,Electricity
exp3333,r970,180,Water
exp3334,r552,170,Water
exp3335,r903,240,Electricity
exp3336,r607,160,Cleaning
exp3337,r666,210,Electricity
exp3338,r935,100,Cleaning
exp3339,r315,180,Cleaning
exp3340,r207,170,Electricity
exp3341,r677,200,Water
exp3342,r194,100,Water
exp3343,r570,240,Water
exp3344,r591,200,Cleaning
exp3345,r308,170,Electricity
exp3346,r864,110,Water
exp3347,r649,230,Electricity
exp3348,r567,190,Water
exp3349,r258,100,Cleaning
exp3350,r210,230,Water
exp3351,r806,100,Water
exp3352,r745,160,Water
exp3353,r792,240,Cleaning
exp3354,r248,130,Electricity
exp3355,r958,160,Electricity
exp3356,r949,100,Cleaning
exp3357,r137,230,Water
exp3358,r313,100,Cleaning
exp3359,r663,110,Water
exp3360,r106,120,Water
exp3361,r114,170,Electricity
exp3362,r698,180,Cleaning
exp3363,r892,120,Water
exp3364,r373,210,Cleaning
exp3365,r230,160,Cleaning
exp3366,r734,150,Electricity
exp3367,r333,140,Cleaning
exp3368,r424,230,Water
exp3369,r349,220,Water
exp3370,r550,160,Water
exp3371,r718,170,Water
exp3372,r331,250,Electricity
exp3373,r329,210,Cleaning
exp3374,r207,230,Electricity
exp3375,r124,240,Water
exp3376,r727,140,Cleaning
exp3377,r266,130,Water
exp3378,r959,110,Cleaning
exp3379,r377,190,Cleaning
exp3380,r746,250,Electricity
exp3381,r408,240,Cleaning
exp3382,r126,140,Water
exp3383,r284,130,Cleaning
exp3384,r849,220,Electricity
exp3385,r153,170,Electricity
exp3386,r174,180,Water
exp3387,r510,140,Electricity
exp3388,r130,120,Cleaning
exp3389,r237,130,Cleaning
exp3390,r983,230,Water
exp3391,r657,110,Water
exp3392,r626,170,Water
exp3393,r987,210,Water
exp3394,r708,180,Cleaning
exp3395,r283,240,Water
exp3396,r691,190,Cleaning
exp3397,r527,100,Water
exp3398,r754,110,Water
exp3399,r416,250,Electricity
exp3400,r139,170,Electricity
exp3401,r896,100,Water
exp3402,r689,230,Cleaning
exp3403,r160,250,Water
exp3404,r505,150,Cleaning
exp3405,r294,240,Cleaning
exp3406,r710,120,Electricity
exp3407,r954,150,Cleaning
exp3408,r597,210,Electricity
exp3409,r963,230,Cleaning
exp3410,r437,130,Cleaning
exp3411,r340,100,Water
exp3412,r307,120,Electricity
exp3413,r353,220,Electricity
exp3414,r707,180,Cleaning
exp3415,r844,170,Electricity
exp3416,r207,220,Water
exp3417,r319,110,Water
exp3418,r782,130,Cleaning
exp3419,r979,120,Water
exp3420,r410,240,Electricity
exp3421,r697,200,Cleaning
exp3422,r104,100,Cleaning
exp3423,r326,210,Water
exp3424,r192,140,Cleaning
exp3425,r551,110,Water
exp3426,r844,140,Cleaning
exp3427,r481,180,Water
exp3428,r642,200,Cleaning
exp3429,r971,160,Water
exp3430,r770,170,Water
exp3431,r128,150,Water
exp3432,r314,140,Electricity
exp3433,r592,230,Cleaning
exp3434,r352,190,Cleaning
exp3435,r707,130,Water
exp3436,r494,250,Water
exp3437,r999,150,Water
exp3438,r264,160,Water
exp3439,r844,170,Electricity
exp3440,r194,170,Cleaning
exp3441,r748,120,Water
exp3442,r276,210,Electricity
exp3443,r479,140,Water
exp3444,r946,250,Cleaning
exp3445,r446,200,Cleaning
exp3446,r134,200,Water
exp3447,r558,230,Electricity
exp3448,r837,220,Electricity
exp3449,r625,220,Electricity
exp3450,r510,160,Cleaning
exp3451,r209,250,Water
exp3452,r784,140,Cleaning
exp3453,r265,200,Cleaning
exp3454,r679,220,Water
exp3455,r161,180,Water
exp3456,r634,110,Water
exp3457,r349,240,Electricity
exp3458,r722,140,Electricity
exp3459,r917,180,Cleaning
exp3460,r253,230,Electricity
exp3461,r987,160,Electricity
exp3462,r626,110,Electricity
exp3463,r786,140,Water
exp3464,r979,240,Water
exp3465,r663,180,Electricity
exp3466,r579,190,Cleaning
exp3467,r464,190,Water
exp3468,r161,240,Cleaning
exp3469,r730,100,Water
exp3470,r643,180,Electricity
exp3471,r628,110,Water
exp3472,r171,130,Electricity
exp3473,r915,120,Cleaning
exp3474,r992,140,Cleaning
exp3475,r201,140,Cleaning
exp3476,r180,220,Cleaning
exp3477,r691,240,Electricity
exp3478,r874,180,Cleaning
exp3479,r604,170,Electricity
exp3480,r862,230,Cleaning
exp3481,r785,180,Water
exp3482,r939,240,Electricity
exp3483,r186,170,Cleaning
exp3484,r359,210,Electricity
exp3485,r108,150,Electricity
exp3486,r780,230,Electricity
exp3487,r491,200,Electricity
exp3488,r671,110,Electricity
exp3489,r264,210,Water
exp3490,r609,110,Water
exp3491,r428,100,Cleaning
exp3492,r306,180,Cleaning
exp3493,r493,190,Water
exp3494,r240,150,Electricity
exp3495,r709,190,Electricity
exp3496,r277,210,Cleaning
exp3497,r248,140,Water
exp3498,r254,140,Water
exp3499,r624,100,Electricity
exp3500,r850,210,Water
exp3501,r740,150,Water
exp3502,r581,120,Cleaning
exp3503,r805,250,Cleaning
exp3504,r799,220,Water
exp3505,r854,150,Water
exp3506,r228,220,Water
exp3507,r367,150,Electricity
exp3508,r622,150,Water
exp3509,r401,130,Cleaning
exp3510,r501,120,Water
exp3511,r327,250,Electricity
exp3512,r372,140,Electricity
exp3513,r440,140,Electricity
exp3514,r730,220,Cleaning
exp3515,r587,110,Electricity
exp3516,r746,180,Electricity
exp3517,r126,160,Cleaning
exp3518,r627,160,Water
exp3519,r555,190,Electricity
exp3520,r486,150,Electricity
exp3521,r652,220,Water
exp3522,r667,190,Electricity
exp3523,r842,190,Electricity
exp3524,r735,160,Electricity
exp3525,r736,200,Water
exp3526,r422,230,Water
exp3527,r598,240,Electricity
exp3528,r975,130,Cleaning
exp3529,r952,240,Electricity
exp3530,r462,180,Cleaning
exp3531,r350,230,Cleaning
exp3532,r747,110,Cleaning
exp3533,r860,240,Electricity
exp3534,r513,210,Water
exp3535,r505,200,Water
exp3536,r620,240,Water
exp3537,r605,120,Electricity
exp3538,r382,150,Electricity
exp3539,r398,180,Water
exp3540,r654,190,Electricity
exp3541,r311,130,Water
exp3542,r869,160,Electricity
exp3543,r316,110,Cleaning
exp3544,r825,170,Electricity
exp3545,r357,220,Electricity
exp3546,r971,150,Electricity
exp3547,r847,230,Electricity
exp3548,r571,110,Water
exp3549,r606,220,Water
exp3550,r330,130,Electricity
exp3551,r464,100,Water
exp3552,r628,210,Electricity
exp3553,r654,140,Cleaning
exp3554,r758,230,Cleaning
exp3555,r675,180,Cleaning
exp3556,r605,190,Electricity
exp3557,r484,180,Cleaning
exp3558,r997,240,Electricity
exp3559,r956,220,Cleaning
exp3560,r426,240,Cleaning
exp3561,r271,230,Water
exp3562,r648,170,Cleaning
exp3563,r389,160,Cleaning
exp3564,r926,230,Electricity
exp3565,r792,120,Electricity
exp3566,r935,110,Cleaning
exp3567,r268,240,Water
exp3568,r749,180,Cleaning
exp3569,r292,120,Electricity
exp3570,r828,100,Electricity
exp3571,r210,230,Electricity
exp3572,r299,160,Cleaning
exp3573,r975,170,Electricity
exp3574,r922,110,Water
exp3575,r169,220,Water
exp3576,r539,110,Water
exp3577,r411,140,Water
exp3578,r456,230,Cleaning
exp3579,r299,240,Electricity
exp3580,r757,250,Electricity
exp3581,r388,150,Water
exp3582,r271,110,Electricity
exp3583,r909,110,Electricity
exp3584,r738,250,Water
exp3585,r605,160,Cleaning
exp3586,r368,200,Cleaning
exp3587,r908,180,Water
exp3588,r555,160,Electricity
exp3589,r626,180,Water
exp3590,r836,110,Cleaning
exp3591,r917,120,Electricity
exp3592,r319,100,Cleaning
exp3593,r705,150,Cleaning
exp3594,r823,220,Cleaning
exp3595,r507,100,Cleaning
exp3596,r673,220,Cleaning
exp3597,r574,230,Water
exp3598,r493,240,Water
exp3599,r375,190,Cleaning
exp3600,r570,200,Water
exp3601,r415,200,Electricity
exp3602,r258,250,Cleaning
exp3603,r822,160,Electricity
exp3604,r743,130,Cleaning
exp3605,r538,190,Electricity
exp3606,r863,110,Water
exp3607,r785,210,Electricity
exp3608,r527,240,Electricity
exp3609,r511,230,Electricity
exp3610,r803,190,Water
exp3611,r256,100,Cleaning
exp3612,r650,150,Electricity
exp3613,r480,130,Water
exp3614,r136,130,Cleaning
exp3615,r600,170,Electricity
exp3616,r358,120,Cleaning
exp3617,r732,120,Water
exp3618,r361,160,Water
exp3619,r319,110,Water
exp3620,r688,140,Electricity
exp3621,r885,190,Water
exp3622,r444,110,Water
exp3623,r145,110,Cleaning
exp3624,r120,200,Electricity
exp3625,r175,120,Electricity
exp3626,r986,110,Cleaning
exp3627,r375,100,Cleaning
exp3628,r797,130,Cleaning
exp3629,r797,160,Electricity
exp3630,r730,190,Water
exp3631,r800,130,Electricity
exp3632,r966,180,Cleaning
exp3633,r235,160,Cleaning
exp3634,r904,170,Water
exp3635,r569,110,Water
exp3636,r596,140,Cleaning
exp3637,r592,120,Cleaning
exp3638,r535,250,Water
exp3639,r751,200,Cleaning
exp3640,r412,180,Water
exp3641,r326,100,Cleaning
exp3642,r374,160,Electricity
exp3643,r493,110,Cleaning
exp3644,r145,100,Water
exp3645,r210,180,Electricity
exp3646,r325,120,Cleaning
exp3647,r626,170,Electricity
exp3648,r146,210,Cleaning
exp3649,r740,190,Cleaning
exp3650,r564,220,Water
exp3651,r347,120,Water
exp3652,r774,170,Water
exp3653,r656,130,Water
exp3654,r635,160,Cleaning
exp3655,r424,210,Electricity
exp3656,r851,150,Water
exp3657,r603,220,Cleaning
exp3658,r964,230,Water
exp3659,r412,120,Cleaning
exp3660,r340,200,Electricity
exp3661,r387,240,Water
exp3662,r285,220,Cleaning
exp3663,r228,240,Water
exp3664,r152,110,Water
exp3665,r764,160,Water
exp3666,r218,150,Cleaning
exp3667,r329,190,Water
exp3668,r255,200,Cleaning
exp3669,r491,220,Electricity
exp3670,r326,140,Electricity
exp3671,r741,140,Water
exp3672,r999,190,Cleaning
exp3673,r167,110,Electricity
exp3674,r216,170,Cleaning
exp3675,r707,200,Water
exp3676,r417,200,Water
exp3677,r404,190,Cleaning
exp3678,r177,140,Water
exp3679,r726,110,Cleaning
exp3680,r984,240,Cleaning
exp3681,r893,220,Water
exp3682,r833,230,Electricity
exp3683,r406,160,Cleaning
exp3684,r754,130,Electricity
exp3685,r653,160,Electricity
exp3686,r272,210,Cleaning
exp3687,r740,150,Cleaning
exp3688,r163,180,Electricity
exp3689,r190,110,Water
exp3690,r380,150,Cleaning
exp3691,r893,230,Electricity
exp3692,r590,100,Cleaning
exp3693,r944,190,Cleaning
exp3694,r926,230,Cleaning
exp3695,r466,170,Cleaning
exp3696,r610,220,Cleaning
exp3697,r476,130,Electricity
exp3698,r359,170,Electricity
exp3699,r735,120,Water
exp3700,r915,210,Water
exp3701,r843,220,Cleaning
exp3702,r462,160,Cleaning
exp3703,r969,240,Water
exp3704,r531,200,Electricity
exp3705,r737,240,Electricity
exp3706,r420,170,Cleaning
exp3707,r441,130,Electricity
exp3708,r872,180,Cleaning
exp3709,r367,120,Cleaning
exp3710,r776,160,Water
exp3711,r856,240,Water
exp3712,r315,120,Electricity
exp3713,r236,250,Cleaning
exp3714,r823,100,Water
exp3715,r539,240,Cleaning
exp3716,r846,250,Cleaning
exp3717,r449,130,Electricity
exp3718,r719,160,Electricity
exp3719,r129,240,Electricity
exp3720,r548,220,Water
exp3721,r398,180,Cleaning
exp3722,r298,160,Cleaning
exp3723,r857,110,Electricity
exp3724,r972,200,Cleaning
exp3725,r559,190,Cleaning
exp3726,r127,220,Water
exp3727,r690,180,Water
exp3728,r285,120,Water
exp3729,r326,160,Water
exp3730,r350,250,Cleaning
exp3731,r983,110,Electricity
exp3732,r181,120,Water
exp3733,r255,230,Electricity
exp3734,r900,160,Water
exp3735,r283,100,Cleaning
exp3736,r659,100,Water
exp3737,r319,160,Water
exp3738,r500,110,Cleaning
exp3739,r340,190,Electricity
exp3740,r642,230,Cleaning
exp3741,r584,210,Cleaning
exp3742,r208,250,Electricity
exp3743,r322,130,Electricity
exp3744,r953,230,Cleaning
exp3745,r486,210,Electricity
exp3746,r853,110,Water
exp3747,r984,180,Water
exp3748,r518,130,Cleaning
exp3749,r839,220,Water
exp3750,r163,150,Electricity
exp3751,r395,210,Cleaning
exp3752,r475,250,Electricity
exp3753,r310,180,Electricity
exp3754,r907,180,Cleaning
exp3755,r322,100,Electricity
exp3756,r177,110,Water
exp3757,r748,240,Electricity
exp3758,r668,170,Water
exp3759,r588,210,Cleaning
exp3760,r169,140,Water
exp3761,r357,120,Water
exp3762,r279,140,Electricity
exp3763,r175,120,Cleaning
exp3764,r960,140,Electricity
exp3765,r401,110,Water
exp3766,r889,120,Cleaning
exp3767,r270,240,Electricity
exp3768,r995,120,Water
exp3769,r448,180,Water
exp3770,r557,220,Electricity
exp3771,r278,170,Electricity
exp3772,r135,180,Electricity
exp3773,r693,190,Water
exp3774,r495,240,Cleaning
exp3775,r261,220,Water
exp3776,r285,220,Water
exp3777,r936,190,Electricity
exp3778,r666,150,Electricity
exp3779,r741,210,Electricity
exp3780,r379,190,Cleaning
exp3781,r624,120,Cleaning
exp3782,r818,210,Electricity
exp3783,r531,190,Water
exp3784,r214,120,Electricity
exp3785,r912,180,Water
exp3786,r226,100,Water
exp3787,r139,150,Electricity
exp3788,r229,120,Electricity
exp3789,r808,140,Water
exp3790,r344,140,Electricity
exp3791,r457,130,Cleaning
exp3792,r559,200,Water
exp3793,r295,120,Water
exp3794,r688,180,Cleaning
exp3795,r155,240,Water
exp3796,r873,180,Water
exp3797,r817,220,Water
exp3798,r710,200,Electricity
exp3799,r116,100,Water
exp3800,r251,210,Water
exp3801,r932,190,Water
exp3802,r598,210,Electricity
exp3803,r131,140,Water
exp3804,r221,250,Water
exp3805,r180,180,Electricity
exp3806,r989,140,Cleaning
exp3807,r154,200,Electricity
exp3808,r464,190,Water
exp3809,r510,200,Water
exp3810,r877,110,Water
exp3811,r449,140,Water
exp3812,r521,150,Cleaning
exp3813,r606,190,Cleaning
exp3814,r996,160,Water
exp3815,r954,250,Cleaning
exp3816,r823,150,Electricity
exp3817,r457,120,Cleaning
exp3818,r740,130,Electricity
exp3819,r245,100,Cleaning
exp3820,r995,140,Water
exp3821,r681,110,Water
exp3822,r713,120,Cleaning
exp3823,r805,100,Cleaning
exp3824,r214,240,Electricity
exp3825,r766,140,Water
exp3826,r304,190,Electricity
exp3827,r463,180,Electricity
exp3828,r733,120,Cleaning
exp3829,r288,120,Water
exp3830,r384,180,Water
exp3831,r926,120,Water
exp3832,r547,100,Electricity
exp3833,r170,170,Water
exp3834,r583,220,Electricity
exp3835,r271,100,Water
exp3836,r254,180,Electricity
exp3837,r748,110,Water
exp3838,r735,220,Water
exp3839,r447,140,Water
exp3840,r130,100,Water
exp3841,r581,200,Cleaning
exp3842,r205,140,Water
exp3843,r946,110,Electricity
exp3844,r133,160,Water
exp3845,r762,190,Cleaning
exp3846,r415,170,Water
exp3847,r500,140,Cleaning
exp3848,r511,130,Electricity
exp3849,r344,180,Electricity
exp3850,r825,220,Cleaning
exp3851,r636,210,Electricity
exp3852,r342,170,Water
exp3853,r790,200,Cleaning
exp3854,r396,220,Water
exp3855,r610,140,Water
exp3856,r436,210,Cleaning
exp3857,r702,100,Water
exp3858,r543,150,Water
exp3859,r983,120,Electricity
exp3860,r367,120,Electricity
exp3861,r361,160,Electricity
exp3862,r472,180,Electricity
exp3863,r398,120,Water
exp3864,r901,230,Electricity
exp3865,r558,110,Electricity
exp3866,r745,160,Water
exp3867,r388,240,Water
exp3868,r155,180,Cleaning
exp3869,r317,140,Water
exp3870,r393,230,Water
exp3871,r977,130,Electricity
exp3872,r319,210,Water
exp3873,r533,210,Water
exp3874,r141,210,Water
exp3875,r355,200,Electricity
exp3876,r980,220,Cleaning
exp3877,r646,110,Water
exp3878,r176,160,Water
exp3879,r505,130,Cleaning
exp3880,r490,240,Electricity
exp3881,r573,140,Cleaning
exp3882,r852,160,Electricity
exp3883,r752,180,Water
exp3884,r773,130,Electricity
exp3885,r297,180,Water
exp3886,r718,250,Water
exp3887,r768,240,Water
exp3888,r785,210,Cleaning
exp3889,r739,160,Electricity
exp3890,r484,140,Electricity
exp3891,r134,220,Electricity
exp3892,r297,200,Electricity
exp3893,r992,120,Cleaning
exp3894,r497,220,Cleaning
exp3895,r378,180,Water
exp3896,r492,150,Water
exp3897,r393,150,Water
exp3898,r780,170,Electricity
exp3899,r896,130,Water
exp3900,r910,140,Cleaning
exp3901,r302,170,Water
exp3902,r846,190,Water
exp3903,r988,150,Cleaning
exp3904,r538,120,Cleaning
exp3905,r496,200,Cleaning
exp3906,r979,200,Cleaning
exp3907,r650,190,Water
exp3908,r500,120,Cleaning
exp3909,r147,120,Cleaning
exp3910,r298,250,Electricity
exp3911,r567,100,Cleaning
exp3912,r267,140,Electricity
exp3913,r114,250,Cleaning
exp3914,r819,170,Electricity
exp3915,r327,250,Electricity
exp3916,r609,100,Cleaning
exp3917,r449,210,Cleaning
exp3918,r942,230,Electricity
exp3919,r282,200,Cleaning
exp3920,r800,240,Electricity
exp3921,r387,250,Water
exp3922,r673,100,Cleaning
exp3923,r535,120,Water
exp3924,r614,250,Cleaning
exp3925,r612,170,Electricity
exp3926,r295,130,Water
exp3927,r241,250,Cleaning
exp3928,r967,120,Cleaning
exp3929,r996,140,Water
exp3930,r177,120,Cleaning
exp3931,r279,140,Electricity
exp3932,r624,200,Electricity
exp3933,r213,230,Water
exp3934,r794,160,Water
exp3935,r573,240,Electricity
exp3936,r241,150,Electricity
exp3937,r997,200,Water
exp3938,r841,190,Water
exp3939,r928,240,Electricity
exp3940,r817,240,Cleaning
exp3941,r195,190,Cleaning
exp3942,r604,190,Electricity
exp3943,r152,200,Cleaning
exp3944,r181,100,Water
exp3945,r301,160,Electricity
exp3946,r473,120,Electricity
exp3947,r149,110,Cleaning
exp3948,r989,160,Water
exp3949,r244,120,Water
exp3950,r782,210,Water
exp3951,r133,170,Electricity
exp3952,r483,190,Electricity
exp3953,r907,100,Electricity
exp3954,r581,170,Electricity
exp3955,r703,180,Cleaning
exp3956,r104,110,Cleaning
exp3957,r797,180,Cleaning
exp3958,r492,210,Water
exp3959,r847,100,Cleaning
exp3960,r742,120,Electricity
exp3961,r754,170,Water
exp3962,r607,100,Cleaning
exp3963,r634,100,Water
exp3964,r716,170,Electricity
exp3965,r128,180,Cleaning
exp3966,r681,140,Water
exp3967,r535,200,Cleaning
exp3968,r731,120,Water
exp3969,r984,180,Water
exp3970,r843,210,Electricity
exp3971,r296,230,Cleaning
exp3972,r998,240,Cleaning
exp3973,r553,170,Electricity
exp3974,r140,130,Cleaning
exp3975,r487,130,Electricity
exp3976,r697,220,Water
exp3977,r851,100,Cleaning
exp3978,r558,140,Electricity
exp3979,r818,250,Electricity
exp3980,r556,160,Cleaning
exp3981,r179,250,Cleaning
exp3982,r101,250,Water
exp3983,r729,200,Cleaning
exp3984,r660,100,Electricity
exp3985,r215,190,Cleaning
exp3986,r290,210,Electricity
exp3987,r178,160,Water
exp3988,r780,200,Water
exp3989,r579,220,Water
exp3990,r207,210,Electricity
exp3991,r910,150,Electricity
exp3992,r713,220,Cleaning
exp3993,r990,200,Cleaning
exp3994,r216,170,Water
exp3995,r789,190,Cleaning
exp3996,r352,100,Electricity
exp3997,r262,120,Water
exp3998,r353,210,Cleaning
exp3999,r624,200,Electricity
exp4000,r892,150,Electricity
exp4001,r508,100,Electricity
exp4002,r903,150,Cleaning
exp4003,r113,200,Water
exp4004,r489,190,Cleaning
exp4005,r356,150,Cleaning
exp4006,r393,140,Cleaning
exp4007,r732,210,Cleaning
exp4008,r432,230,Electricity
exp4009,r304,180,Electricity
exp4010,r566,250,Electricity
exp4011,r258,170,Electricity
exp4012,r227,210,Cleaning
exp4013,r608,210,Cleaning
exp4014,r633,250,Electricity
exp4015,r923,120,Cleaning
exp4016,r501,200,Water
exp4017,r701,220,Cleaning
exp4018,r697,200,Electricity
exp4019,r951,220,Cleaning
exp4020,r192,180,Electricity
exp4021,r217,110,Water
exp4022,r391,120,Electricity
exp4023,r927,120,Water
exp4024,r412,100,Water
exp4025,r377,120,Water
exp4026,r529,190,Electricity
exp4027,r701,170,Electricity
exp4028,r219,130,Water
exp4029,r308,180,Cleaning
exp4030,r843,170,Cleaning
exp4031,r719,170,Water
exp4032,r809,200,Cleaning
exp4033,r163,170,Electricity
exp4034,r523,210,Electricity
exp4035,r636,200,Water
exp4036,r581,240,Cleaning
exp4037,r738,120,Electricity
exp4038,r868,150,Cleaning
exp4039,r282,170,Electricity
exp4040,r557,210,Electricity
exp4041,r400,180,Electricity
exp4042,r416,150,Cleaning
exp4043,r832,100,Water
exp4044,r230,150,Water
exp4045,r390,110,Cleaning
exp4046,r460,250,Water
exp4047,r316,240,Cleaning
exp4048,r316,170,Electricity
exp4049,r944,200,Water
exp4050,r840,110,Electricity
exp4051,r651,160,Cleaning
exp4052,r700,210,Electricity
exp4053,r776,130,Cleaning
exp4054,r744,160,Cleaning
exp4055,r233,220,Cleaning
exp4056,r562,110,Electricity
exp4057,r754,190,Electricity
exp4058,r619,230,Water
exp4059,r229,250,Water
exp4060,r725,160,Water
exp4061,r396,230,Electricity
exp4062,r946,110,Cleaning
exp4063,r661,250,Cleaning
exp4064,r274,230,Cleaning
exp4065,r871,210,Electricity
exp4066,r888,220,Cleaning
exp4067,r875,190,Electricity
exp4068,r282,200,Cleaning
exp4069,r587,110,Water
exp4070,r864,150,Water
exp4071,r537,130,Electricity
exp4072,r656,170,Electricity
exp4073,r415,160,Electricity
exp4074,r201,120,Cleaning
exp4075,r109,230,Electricity
exp4076,r117,110,Water
exp4077,r336,190,Cleaning
exp4078,r862,190,Water
exp4079,r727,100,Cleaning
exp4080,r195,200,Electricity
exp4081,r982,140,Electricity
exp4082,r312,230,Electricity
exp4083,r600,110,Water
exp4084,r383,220,Electricity
exp4085,r381,220,Cleaning
exp4086,r188,230,Cleaning
exp4087,r850,160,Cleaning
exp4088,r476,210,Cleaning
exp4089,r196,140,Electricity
exp4090,r716,160,Water
exp4091,r593,250,Electricity
exp4092,r872,250,Water
exp4093,r527,170,Cleaning
exp4094,r651,120,Electricity
exp4095,r790,110,Cleaning
exp4096,r156,200,Water
exp4097,r954,170,Cleaning
exp4098,r659,110,Water
exp4099,r530,110,Electricity
exp4100,r179,140,Water
exp4101,r544,110,Water
exp4102,r330,150,Electricity
exp4103,r917,200,Cleaning
exp4104,r238,180,Cleaning
exp4105,r229,160,Cleaning
exp4106,r354,240,Electricity
exp4107,r459,230,Electricity
exp4108,r806,200,Electricity
exp4109,r579,150,Cleaning
exp4110,r352,230,Water
exp4111,r102,140,Cleaning
exp4112,r868,100,Water
exp4113,r935,250,Water
exp4114,r432,180,Water
exp4115,r398,110,Electricity
exp4116,r948,150,Water
exp4117,r475,150,Electricity
exp4118,r497,140,Cleaning
exp4119,r275,190,Water
exp4120,r338,250,Water
exp4121,r858,220,Water
exp4122,r996,200,Water
exp4123,r641,220,Cleaning
exp4124,r878,190,Water
exp4125,r919,220,Cleaning
exp4126,r790,160,Electricity
exp4127,r720,180,Water
exp4128,r885,150,Water
exp4129,r733,170,Electricity
exp4130,r719,230,Electricity
exp4131,r581,180,Cleaning
exp4132,r262,190,Water
exp4133,r859,250,Water
exp4134,r300,200,Cleaning
exp4135,r127,190,Electricity
exp4136,r448,180,Cleaning
exp4137,r586,140,Water
exp4138,r369,200,Cleaning
exp4139,r934,110,Electricity
exp4140,r280,150,Cleaning
exp4141,r533,200,Cleaning
exp4142,r195,140,Electricity
exp4143,r610,130,Water
exp4144,r604,150,Electricity
exp4145,r166,150,Cleaning
exp4146,r389,100,Cleaning
exp4147,r962,240,Water
exp4148,r868,200,Cleaning
exp4149,r366,240,Water
exp4150,r353,130,Water
exp4151,r335,200,Electricity
exp4152,r938,250,Electricity
exp4153,r827,210,Cleaning
exp4154,r913,240,Water
exp4155,r365,160,Cleaning
exp4156,r225,110,Cleaning
exp4157,r165,240,Electricity
exp4158,r910,110,Cleaning
exp4159,r739,170,Water
exp4160,r750,220,Electricity
exp4161,r982,220,Electricity
exp4162,r731,190,Cleaning
exp4163,r703,110,Cleaning
exp4164,r596,140,Cleaning
exp4165,r861,100,Cleaning
exp4166,r890,120,Cleaning
exp4167,r567,250,Cleaning
exp4168,r382,150,Electricity
exp4169,r867,170,Cleaning
exp4170,r415,100,Electricity
exp4171,r229,160,Water
exp4172,r784,130,Electricity
exp4173,r359,110,Cleaning
exp4174,r964,180,Electricity
exp4175,r713,110,Electricity
exp4176,r859,170,Water
exp4177,r631,200,Cleaning
exp4178,r427,240,Water
exp4179,r541,120,Electricity
exp4180,r344,160,Cleaning
exp4181,r919,120,Cleaning
exp4182,r659,180,Water
exp4183,r174,230,Water
exp4184,r114,110,Cleaning
exp4185,r417,240,Cleaning
exp4186,r750,120,Cleaning
exp4187,r484,220,Cleaning
exp4188,r765,130,Cleaning
exp4189,r736,110,Water
exp4190,r151,190,Electricity
exp4191,r419,180,Water
exp4192,r201,250,Water
exp4193,r553,110,Electricity
exp4194,r447,210,Cleaning
exp4195,r775,180,Cleaning
exp4196,r161,210,Electricity
exp4197,r224,120,Water
exp4198,r562,160,Electricity
exp4199,r206,190,Electricity
exp4200,r154,210,Cleaning
exp4201,r635,160,Water
exp4202,r826,130,Electricity
exp4203,r831,150,Electricity
exp4204,r729,180,Electricity
exp4205,r945,200,Water
exp4206,r548,200,Cleaning
exp4207,r392,100,Cleaning
exp4208,r244,140,Water
exp4209,r642,110,Water
exp4210,r939,130,Cleaning
exp4211,r605,110,Cleaning
exp4212,r358,200,Water
exp4213,r306,190,Water
exp4214,r366,190,Cleaning
exp4215,r194,120,Electricity
exp4216,r216,250,Cleaning
exp4217,r396,170,Cleaning
exp4218,r407,120,Water
exp4219,r674,140,Electricity
exp4220,r999,220,Water
exp4221,r993,200,Electricity
exp4222,r629,170,Water
exp4223,r355,250,Water
exp4224,r183,190,Water
exp4225,r269,110,Cleaning
exp4226,r263,210,Electricity
exp4227,r771,210,Cleaning
exp4228,r265,220,Cleaning
exp4229,r693,110,Electricity
exp4230,r546,170,Water
exp4231,r306,190,Water
exp4232,r762,120,Electricity
exp4233,r498,100,Electricity
exp4234,r480,110,Cleaning
exp4235,r983,140,Water
exp4236,r722,230,Cleaning
exp4237,r284,210,Cleaning
exp4238,r927,160,Cleaning
exp4239,r872,150,Water
exp4240,r753,140,Cleaning
exp4241,r605,130,Cleaning
exp4242,r867,230,Cleaning
exp4243,r859,150,Electricity
exp4244,r417,250,Water
exp4245,r259,160,Cleaning
exp4246,r177,130,Electricity
exp4247,r898,200,Cleaning
exp4248,r301,100,Water
exp4249,r846,130,Cleaning
exp4250,r318,180,Water
exp4251,r676,170,Electricity
exp4252,r185,100,Cleaning
exp4253,r809,230,Water
exp4254,r977,160,Electricity
exp4255,r668,220,Cleaning
exp4256,r775,100,Cleaning
exp4257,r551,140,Water
exp4258,r779,140,Electricity
exp4259,r925,170,Electricity
exp4260,r719,170,Electricity
exp4261,r882,190,Water
exp4262,r737,130,Electricity
exp4263,r881,110,Cleaning
exp4264,r363,240,Cleaning
exp4265,r361,200,Cleaning
exp4266,r876,220,Cleaning
exp4267,r913,150,Cleaning
exp4268,r524,140,Electricity
exp4269,r633,100,Water
exp4270,r103,240,Water
exp4271,r664,210,Water
exp4272,r476,130,Electricity
exp4273,r987,200,Cleaning
exp4274,r388,150,Cleaning
exp4275,r984,160,Electricity
exp4276,r139,120,Cleaning
exp4277,r928,110,Cleaning
exp4278,r363,180,Cleaning
exp4279,r270,110,Cleaning
exp4280,r398,170,Cleaning
exp4281,r917,180,Electricity
exp4282,r788,100,Electricity
exp4283,r341,250,Water
exp4284,r628,230,Water
exp4285,r402,200,Water
exp4286,r481,220,Cleaning
exp4287,r727,140,Cleaning
exp4288,r711,160,Cleaning
exp4289,r323,100,Cleaning
exp4290,r111,180,Electricity
exp4291,r153,120,Electricity
exp4292,r666,100,Cleaning
exp4293,r414,210,Electricity
exp4294,r756,190,Cleaning
exp4295,r136,200,Water
exp4296,r823,150,Electricity
exp4297,r613,250,Water
exp4298,r892,230,Cleaning
exp4299,r124,100,Water
exp4300,r850,230,Water
exp4301,r407,230,Cleaning
exp4302,r163,140,Water
exp4303,r243,240,Water
exp4304,r782,240,Water
exp4305,r792,100,Electricity
exp4306,r184,160,Water
exp4307,r610,200,Water
exp4308,r746,130,Water
exp4309,r966,190,Water
exp4310,r716,120,Water
exp4311,r556,120,Electricity
exp4312,r551,100,Electricity
exp4313,r674,190,Water
exp4314,r503,180,Cleaning
exp4315,r383,170,Electricity
exp4316,r922,130,Cleaning
exp4317,r932,210,Water
exp4318,r744,200,Cleaning
exp4319,r210,170,Electricity
exp4320,r393,180,Water
exp4321,r109,170,Water
exp4322,r611,230,Water
exp4323,r875,100,Cleaning
exp4324,r574,220,Electricity
exp4325,r866,150,Electricity
exp4326,r653,150,Electricity
exp4327,r728,240,Cleaning
exp4328,r767,100,Electricity
exp4329,r485,140,Electricity
exp4330,r439,170,Cleaning
exp4331,r810,150,Cleaning
exp4332,r273,220,Electricity
exp4333,r651,140,Electricity
exp4334,r332,150,Electricity
exp4335,r999,170,Electricity
exp4336,r298,210,Cleaning
exp4337,r811,170,Water
exp4338,r981,250,Electricity
exp4339,r206,170,Electricity
exp4340,r391,230,Water
exp4341,r346,190,Cleaning
exp4342,r252,160,Cleaning
exp4343,r480,190,Water
exp4344,r442,120,Cleaning
exp4345,r105,190,Cleaning
exp4346,r656,240,Cleaning
exp4347,r592,140,Cleaning
exp4348,r124,210,Electricity
exp4349,r203,250,Cleaning
exp4350,r434,120,Cleaning
exp4351,r964,200,Cleaning
exp4352,r817,130,Electricity
exp4353,r109,210,Electricity
exp4354,r667,140,Water
exp4355,r120,160,Water
exp4356,r434,110,Cleaning
exp4357,r328,110,Electricity
exp4358,r887,120,Electricity
exp4359,r530,230,Water
exp4360,r871,110,Water
exp4361,r288,250,Water
exp4362,r775,120,Electricity
exp4363,r732,130,Electricity
exp4364,r191,120,Electricity
exp4365,r212,250,Electricity
exp4366,r464,180,Water
exp4367,r622,110,Electricity
exp4368,r400,130,Water
exp4369,r961,180,Electricity
exp4370,r428,170,Cleaning
exp4371,r681,140,Electricity
exp4372,r813,240,Cleaning
exp4373,r675,150,Cleaning
exp4374,r717,210,Water
exp4375,r648,200,Water
exp4376,r975,210,Water
exp4377,r358,250,Electricity
exp4378,r956,110,Electricity
exp4379,r174,250,Electricity
exp4380,r170,170,Cleaning
exp4381,r961,170,Electricity
exp4382,r882,200,Electricity
exp4383,r579,230,Cleaning
exp4384,r439,130,Water
exp4385,r760,130,Water
exp4386,r497,170,Cleaning
exp4387,r155,190,Electricity
exp4388,r756,120,Electricity
exp4389,r199,210,Electricity
exp4390,r615,210,Electricity
exp4391,r449,150,Cleaning
exp4392,r269,140,Cleaning
exp4393,r133,180,Water
exp4394,r231,140,Water
exp4395,r620,200,Water
exp4396,r801,180,Cleaning
exp4397,r211,110,Cleaning
exp4398,r922,170,Water
exp4399,r326,200,Electricity
exp4400,r646,170,Water
exp4401,r633,130,Cleaning
exp4402,r375,220,Cleaning
exp4403,r906,180,Electricity
exp4404,r814,150,Cleaning
exp4405,r334,130,Water
exp4406,r264,240,Electricity
exp4407,r789,230,Cleaning
exp4408,r518,240,Water
exp4409,r559,100,Water
exp4410,r140,110,Water
exp4411,r191,180,Water
exp4412,r595,210,Water
exp4413,r246,250,Water
exp4414,r704,170,Electricity
exp4415,r431,140,Cleaning
exp4416,r130,240,Electricity
exp4417,r384,160,Water
exp4418,r655,180,Electricity
exp4419,r292,110,Water
exp4420,r396,160,Cleaning
exp4421,r197,250,Electricity
exp4422,r998,240,Water
exp4423,r566,100,Water
exp4424,r933,120,Water
exp4425,r730,220,Water
exp4426,r756,150,Water
exp4427,r930,210,Electricity
exp4428,r633,120,Cleaning
exp4429,r668,230,Electricity
exp4430,r783,220,Cleaning
exp4431,r535,140,Electricity
exp4432,r353,240,Cleaning
exp4433,r901,120,Electricity
exp4434,r858,230,Cleaning
exp4435,r471,180,Electricity
exp4436,r692,230,Cleaning
exp4437,r891,220,Electricity
exp4438,r981,230,Electricity
exp4439,r910,170,Cleaning
exp4440,r471,220,Cleaning
exp4441,r313,250,Electricity
exp4442,r735,200,Water
exp4443,r481,230,Water
exp4444,r969,170,Water
exp4445,r449,250,Water
exp4446,r625,230,Water
exp4447,r419,120,Cleaning
exp4448,r869,100,Water
exp4449,r719,220,Water
exp4450,r139,220,Water
exp4451,r145,120,Water
exp4452,r252,200,Electricity
exp4453,r231,160,Water
exp4454,r489,160,Water
exp4455,r552,240,Cleaning
exp4456,r890,190,Electricity
exp4457,r995,240,Water
exp4458,r364,130,Cleaning
exp4459,r457,200,Cleaning
exp4460,r284,200,Cleaning
exp4461,r632,210,Cleaning
exp4462,r634,250,Water
exp4463,r945,100,Cleaning
exp4464,r900,120,Electricity
exp4465,r786,200,Cleaning
exp4466,r729,120,Cleaning
exp4467,r592,170,Water
exp4468,r566,200,Water
exp4469,r299,160,Water
exp4470,r398,120,Electricity
exp4471,r559,240,Cleaning
exp4472,r848,150,Water
exp4473,r347,240,Electricity
exp4474,r758,170,Water
exp4475,r703,140,Water
exp4476,r890,210,Water
exp4477,r434,190,Water
exp4478,r309,220,Water
exp4479,r608,190,Water
exp4480,r239,130,Water
exp4481,r229,190,Water
exp4482,r359,190,Water
exp4483,r492,240,Water
exp4484,r660,170,Water
exp4485,r514,250,Water
exp4486,r461,150,Electricity
exp4487,r322,230,Electricity
exp4488,r818,120,Electricity
exp4489,r709,160,Water
exp4490,r418,210,Electricity
exp4491,r640,160,Electricity
exp4492,r438,200,Cleaning
exp4493,r221,100,Cleaning
exp4494,r418,230,Cleaning
exp4495,r252,120,Electricity
exp4496,r107,230,Water
exp4497,r284,240,Electricity
exp4498,r105,120,Water
exp4499,r814,190,Water
exp4500,r259,150,Electricity
exp4501,r869,200,Electricity
exp4502,r594,160,Water
exp4503,r206,180,Water
exp4504,r720,100,Electricity
exp4505,r723,180,Water
exp4506,r907,110,Cleaning
exp4507,r392,200,Cleaning
exp4508,r387,110,Water
exp4509,r684,240,Electricity
exp4510,r171,180,Cleaning
exp4511,r857,190,Water
exp4512,r554,100,Cleaning
exp4513,r848,150,Electricity
exp4514,r987,180,Electricity
exp4515,r910,130,Cleaning
exp4516,r739,170,Cleaning
exp4517,r159,140,Cleaning
exp4518,r765,140,Water
exp4519,r106,150,Cleaning
exp4520,r443,220,Electricity
exp4521,r701,120,Electricity
exp4522,r979,240,Cleaning
exp4523,r450,100,Water
exp4524,r849,240,Electricity
exp4525,r312,160,Water
exp4526,r358,210,Electricity
exp4527,r848,190,Water
exp4528,r984,210,Electricity
exp4529,r630,250,Electricity
exp4530,r250,160,Electricity
exp4531,r361,120,Electricity
exp4532,r109,230,Water
exp4533,r234,190,Electricity
exp4534,r304,140,Cleaning
exp4535,r143,200,Water
exp4536,r460,110,Cleaning
exp4537,r426,210,Cleaning
exp4538,r376,100,Electricity
exp4539,r335,250,Cleaning
exp4540,r319,240,Electricity
exp4541,r756,100,Water
exp4542,r304,130,Water
exp4543,r579,210,Electricity
exp4544,r512,170,Cleaning
exp4545,r948,230,Cleaning
exp4546,r482,190,Electricity
exp4547,r768,180,Electricity
exp4548,r195,170,Cleaning
exp4549,r296,180,Cleaning
exp4550,r389,130,Cleaning
exp4551,r431,220,Water
exp4552,r118,210,Electricity
exp4553,r513,110,Cleaning
exp4554,r956,230,Cleaning
exp4555,r466,180,Cleaning
exp4556,r207,200,Cleaning
exp4557,r576,180,Water
exp4558,r175,160,Cleaning
exp4559,r149,220,Electricity
exp4560,r906,200,Electricity
exp4561,r923,160,Water
exp4562,r754,160,Water
exp4563,r780,130,Water
exp4564,r432,230,Cleaning
exp4565,r500,190,Water
exp4566,r395,130,Cleaning
exp4567,r637,250,Electricity
exp4568,r978,130,Cleaning
exp4569,r534,160,Water
exp4570,r202,100,Electricity
exp4571,r442,210,Electricity
exp4572,r564,160,Cleaning
exp4573,r612,190,Cleaning
exp4574,r236,220,Electricity
exp4575,r960,100,Water
exp4576,r146,150,Cleaning
exp4577,r272,180,Electricity
exp4578,r370,210,Cleaning
exp4579,r553,200,Cleaning
exp4580,r740,250,Electricity
exp4581,r470,150,Cleaning
exp4582,r159,110,Electricity
exp4583,r527,130,Cleaning
exp4584,r761,200,Electricity
exp4585,r611,210,Cleaning
exp4586,r995,140,Electricity
exp4587,r208,200,Electricity
exp4588,r438,190,Electricity
exp4589,r816,150,Cleaning
exp4590,r522,140,Cleaning
exp4591,r656,230,Electricity
exp4592,r371,220,Cleaning
exp4593,r967,240,Cleaning
exp4594,r288,140,Electricity
exp4595,r138,120,Cleaning
exp4596,r337,250,Water
exp4597,r433,130,Cleaning
exp4598,r544,150,Cleaning
exp4599,r471,250,Electricity
exp4600,r121,140,Water
exp4601,r890,170,Cleaning
exp4602,r995,110,Cleaning
exp4603,r561,150,Electricity
exp4604,r152,200,Water
exp4605,r621,170,Water
exp4606,r566,170,Electricity
exp4607,r200,130,Cleaning
exp4608,r472,160,Water
exp4609,r992,180,Cleaning
exp4610,r126,250,Water
exp4611,r439,180,Water
exp4612,r273,230,Water
exp4613,r781,210,Electricity
exp4614,r359,230,Electricity
exp4615,r243,230,Electricity
exp4616,r818,240,Cleaning
exp4617,r646,120,Water
exp4618,r923,210,Cleaning
exp4619,r894,190,Water
exp4620,r565,130,Electricity
exp4621,r881,240,Water
exp4622,r418,120,Cleaning
exp4623,r741,210,Electricity
exp4624,r715,220,Cleaning
exp4625,r829,250,Cleaning
exp4626,r177,200,Cleaning
exp4627,r880,140,Cleaning
exp4628,r710,250,Water
exp4629,r622,200,Electricity
exp4630,r459,220,Cleaning
exp4631,r663,190,Electricity
exp4632,r414,110,Water
exp4633,r810,190,Water
exp4634,r364,180,Water
exp4635,r695,230,Cleaning
exp4636,r656,130,Cleaning
exp4637,r225,190,Cleaning
exp4638,r714,190,Electricity
exp4639,r504,110,Cleaning
exp4640,r454,120,Cleaning
exp4641,r303,120,Water
exp4642,r262,200,Electricity
exp4643,r132,130,Cleaning
exp4644,r384,150,Electricity
exp4645,r819,120,Water
exp4646,r889,250,Cleaning
exp4647,r481,230,Cleaning
exp4648,r166,130,Electricity
exp4649,r167,130,Electricity
exp4650,r492,140,Electricity
exp4651,r379,210,Water
exp4652,r935,200,Cleaning
exp4653,r669,240,Water
exp4654,r500,150,Cleaning
exp4655,r284,250,Water
exp4656,r652,210,Water
exp4657,r403,230,Electricity
exp4658,r263,120,Electricity
exp4659,r439,140,Electricity
exp4660,r392,100,Water
exp4661,r604,180,Water
exp4662,r933,180,Electricity
exp4663,r456,100,Water
exp4664,r734,170,Electricity
exp4665,r462,100,Cleaning
exp4666,r250,180,Electricity
exp4667,r907,180,Cleaning
exp4668,r570,230,Electricity
exp4669,r491,120,Cleaning
exp4670,r972,200,Electricity
exp4671,r732,130,Electricity
exp4672,r496,130,Cleaning
exp4673,r108,120,Electricity
exp4674,r597,180,Electricity
exp4675,r105,230,Cleaning
exp4676,r707,240,Electricity
exp4677,r650,170,Cleaning
exp4678,r986,130,Cleaning
exp4679,r701,100,Cleaning
exp4680,r881,190,Cleaning
exp4681,r664,150,Cleaning
exp4682,r839,160,Electricity
exp4683,r920,250,Cleaning
exp4684,r227,210,Cleaning
exp4685,r805,190,Water
exp4686,r965,100,Cleaning
exp4687,r858,170,Cleaning
exp4688,r765,110,Water
exp4689,r593,160,Cleaning
exp4690,r808,120,Cleaning
exp4691,r800,200,Electricity
exp4692,r311,120,Water
exp4693,r237,220,Electricity
exp4694,r512,130,Electricity
exp4695,r449,120,Cleaning
exp4696,r573,230,Electricity
exp4697,r490,210,Cleaning
exp4698,r362,230,Electricity
exp4699,r465,130,Cleaning
exp4700,r655,250,Cleaning
exp4701,r180,110,Electricity
exp4702,r301,250,Cleaning
exp4703,r500,220,Water
exp4704,r573,110,Electricity
exp4705,r280,230,Water
exp4706,r860,250,Cleaning
exp4707,r112,150,Electricity
exp4708,r774,220,Electricity
exp4709,r542,160,Electricity
exp4710,r192,100,Cleaning
exp4711,r913,130,Water
exp4712,r558,130,Water
exp4713,r415,210,Water
exp4714,r468,100,Electricity
exp4715,r485,240,Electricity
exp4716,r196,100,Cleaning
exp4717,r914,250,Water
exp4718,r638,250,Cleaning
exp4719,r645,180,Cleaning
exp4720,r271,200,Cleaning
exp4721,r629,210,Electricity
exp4722,r695,190,Cleaning
exp4723,r312,240,Water
exp4724,r662,210,Water
exp4725,r507,210,Electricity
exp4726,r308,140,Electricity
exp4727,r851,100,Cleaning
exp4728,r504,160,Cleaning
exp4729,r239,150,Electricity
exp4730,r941,200,Cleaning
exp4731,r616,210,Water
exp4732,r620,220,Electricity
exp4733,r506,150,Electricity
exp4734,r293,170,Water
exp4735,r399,150,Cleaning
exp4736,r381,100,Cleaning
exp4737,r482,150,Electricity
exp4738,r637,120,Electricity
exp4739,r603,200,Cleaning
exp4740,r474,180,Water
exp4741,r226,100,Water
exp4742,r688,140,Electricity
exp4743,r473,210,Cleaning
exp4744,r338,140,Cleaning
exp4745,r800,120,Cleaning
exp4746,r153,150,Cleaning
exp4747,r967,240,Electricity
exp4748,r435,160,Electricity
exp4749,r692,190,Water
exp4750,r977,170,Electricity
exp4751,r349,180,Cleaning
exp4752,r236,210,Cleaning
exp4753,r616,140,Cleaning
exp4754,r192,200,Cleaning
exp4755,r970,140,Cleaning
exp4756,r690,250,Water
exp4757,r611,110,Electricity
exp4758,r345,100,Cleaning
exp4759,r820,170,Water
exp4760,r982,200,Cleaning
exp4761,r723,240,Cleaning
exp4762,r279,150,Cleaning
exp4763,r219,110,Electricity
exp4764,r136,130,Water
exp4765,r451,140,Cleaning
exp4766,r529,150,Electricity
exp4767,r860,240,Electricity
exp4768,r768,160,Cleaning
exp4769,r774,250,Cleaning
exp4770,r559,200,Water
exp4771,r237,110,Water
exp4772,r415,110,Water
exp4773,r680,170,Cleaning
exp4774,r382,190,Electricity
exp4775,r943,190,Cleaning
exp4776,r400,210,Water
exp4777,r494,230,Water
exp4778,r611,180,Electricity
exp4779,r212,150,Water
exp4780,r733,190,Electricity
exp4781,r758,230,Cleaning
exp4782,r608,160,Electricity
exp4783,r648,250,Water
exp4784,r333,140,Electricity
exp4785,r442,160,Electricity
exp4786,r818,120,Electricity
exp4787,r495,120,Water
exp4788,r240,140,Electricity
exp4789,r267,210,Electricity
exp4790,r117,100,Cleaning
exp4791,r561,130,Water
exp4792,r107,160,Electricity
exp4793,r418,240,Cleaning
exp4794,r396,180,Water
exp4795,r509,240,Water
exp4796,r783,150,Water
exp4797,r915,170,Cleaning
exp4798,r177,160,Cleaning
exp4799,r884,190,Cleaning
exp4800,r983,240,Cleaning
exp4801,r174,210,Cleaning
exp4802,r358,120,Water
exp4803,r518,160,Electricity
exp4804,r754,130,Cleaning
exp4805,r495,120,Electricity
exp4806,r531,250,Water
exp4807,r309,160,Water
exp4808,r660,120,Electricity
exp4809,r109,150,Electricity
exp4810,r987,220,Electricity
exp4811,r851,150,Electricity
exp4812,r813,200,Electricity
exp4813,r594,160,Cleaning
exp4814,r590,250,Water
exp4815,r736,180,Cleaning
exp4816,r656,230,Water
exp4817,r341,220,Water
exp4818,r516,130,Electricity
exp4819,r158,110,Electricity
exp4820,r435,250,Electricity
exp4821,r563,110,Cleaning
exp4822,r768,250,Cleaning
exp4823,r914,170,Electricity
exp4824,r221,250,Cleaning
exp4825,r863,150,Cleaning
exp4826,r280,200,Electricity
exp4827,r898,230,Electricity
exp4828,r370,110,Cleaning
exp4829,r332,180,Electricity
exp4830,r450,240,Electricity
exp4831,r501,180,Cleaning
exp4832,r258,190,Water
exp4833,r115,120,Water
exp4834,r823,220,Cleaning
exp4835,r386,190,Electricity
exp4836,r936,170,Electricity
exp4837,r544,170,Water
exp4838,r513,100,Cleaning
exp4839,r192,120,Water
exp4840,r384,150,Water
exp4841,r587,160,Electricity
exp4842,r423,190,Electricity
exp4843,r156,210,Electricity
exp4844,r893,180,Electricity
exp4845,r129,210,Cleaning
exp4846,r516,110,Cleaning
exp4847,r147,220,Cleaning
exp4848,r631,250,Electricity
exp4849,r695,240,Electricity
exp4850,r578,140,Water
exp4851,r386,170,Water
exp4852,r968,100,Electricity
exp4853,r454,130,Electricity
exp4854,r429,120,Cleaning
exp4855,r491,160,Electricity
exp4856,r263,130,Water
exp4857,r833,210,Water
exp4858,r226,170,Cleaning
exp4859,r802,250,Water
exp4860,r226,240,Cleaning
exp4861,r416,160,Electricity
exp4862,r104,150,Water
exp4863,r276,140,Electricity
exp4864,r372,210,Cleaning
exp4865,r351,190,Water
exp4866,r658,160,Electricity
exp4867,r547,240,Water
exp4868,r780,120,Cleaning
exp4869,r980,230,Water
exp4870,r385,240,Cleaning
exp4871,r918,240,Electricity
exp4872,r493,250,Electricity
exp4873,r845,160,Cleaning
exp4874,r245,190,Water
exp4875,r838,230,Electricity
exp4876,r487,250,Cleaning
exp4877,r188,200,Cleaning
exp4878,r801,140,Cleaning
exp4879,r463,190,Electricity
exp4880,r728,180,Cleaning
exp4881,r926,200,Water
exp4882,r460,240,Cleaning
exp4883,r874,130,Electricity
exp4884,r143,230,Cleaning
exp4885,r343,110,Electricity
exp4886,r223,150,Water
exp4887,r731,230,Cleaning
exp4888,r238,200,Water
exp4889,r362,220,Electricity
exp4890,r395,210,Water
exp4891,r660,100,Cleaning
exp4892,r110,100,Water
exp4893,r760,200,Cleaning
exp4894,r483,120,Water
exp4895,r530,230,Cleaning
exp4896,r700,120,Water
exp4897,r591,220,Cleaning
exp4898,r736,230,Electricity
exp4899,r394,230,Water
exp4900,r298,150,Electricity
exp4901,r785,200,Water
exp4902,r642,150,Cleaning
exp4903,r571,200,Water
exp4904,r945,130,Electricity
exp4905,r986,110,Electricity
exp4906,r719,210,Cleaning
exp4907,r790,200,Water
exp4908,r452,220,Cleaning
exp4909,r344,240,Water
exp4910,r383,240,Electricity
exp4911,r893,210,Electricity
exp4912,r910,130,Water
exp4913,r957,210,Cleaning
exp4914,r506,170,Cleaning
exp4915,r342,230,Water
exp4916,r577,180,Cleaning
exp4917,r704,190,Water
exp4918,r872,200,Cleaning
exp4919,r666,110,Electricity
exp4920,r282,150,Water
exp4921,r297,200,Electricity
exp4922,r995,200,Cleaning
exp4923,r425,160,Electricity
exp4924,r727,120,Electricity
exp4925,r632,220,Cleaning
exp4926,r635,220,Cleaning
exp4927,r510,120,Water
exp4928,r222,200,Water
exp4929,r943,220,Cleaning
exp4930,r449,120,Electricity
exp4931,r324,130,Electricity
exp4932,r815,250,Electricity
exp4933,r548,170,Water
exp4934,r972,110,Water
exp4935,r865,120,Electricity
exp4936,r180,220,Cleaning
exp4937,r766,180,Water
exp4938,r752,100,Water
exp4939,r429,230,Cleaning
exp4940,r883,100,Cleaning
exp4941,r356,100,Cleaning
exp4942,r310,200,Water
exp4943,r263,220,Water
exp4944,r792,140,Water
exp4945,r120,210,Cleaning
exp4946,r944,160,Electricity
exp4947,r642,140,Water
exp4948,r958,180,Cleaning
exp4949,r522,170,Electricity
exp4950,r993,220,Electricity
exp4951,r333,160,Water
exp4952,r880,100,Electricity
exp4953,r144,160,Electricity
exp4954,r159,150,Cleaning
exp4955,r823,170,Electricity
exp4956,r299,220,Cleaning
exp4957,r864,220,Electricity
exp4958,r120,180,Cleaning
exp4959,r688,240,Water
exp4960,r322,190,Cleaning
exp4961,r849,140,Electricity
exp4962,r225,240,Water
exp4963,r655,140,Electricity
exp4964,r875,190,Electricity
exp4965,r605,110,Electricity
exp4966,r901,230,Cleaning
exp4967,r152,220,Water
exp4968,r654,250,Electricity
exp4969,r813,220,Cleaning
exp4970,r971,240,Electricity
exp4971,r445,110,Electricity
exp4972,r728,130,Cleaning
exp4973,r652,100,Electricity
exp4974,r213,150,Cleaning
exp4975,r242,190,Cleaning
exp4976,r201,140,Cleaning
exp4977,r567,130,Cleaning
exp4978,r691,170,Water
exp4979,r205,190,Water
exp4980,r293,190,Water
exp4981,r342,240,Cleaning
exp4982,r695,110,Cleaning
exp4983,r214,140,Electricity
exp4984,r927,190,Electricity
exp4985,r427,120,Electricity
exp4986,r415,140,Water
exp4987,r764,180,Water
exp4988,r238,160,Electricity
exp4989,r148,140,Water
exp4990,r297,140,Electricity
exp4991,r914,220,Electricity
exp4992,r847,100,Water
exp4993,r649,170,Water
exp4994,r462,160,Water
exp4995,r513,110,Cleaning
exp4996,r732,200,Electricity
exp4997,r961,240,Cleaning
exp4998,r986,170,Electricity
exp4999,r477,160,Water
exp5000,r190,240,Cleaning
exp5001,r601,120,Electricity
exp5002,r817,150,Water
exp5003,r628,170,Cleaning
exp5004,r794,160,Water
exp5005,r298,130,Water
exp5006,r112,190,Water
exp5007,r905,230,Water
exp5008,r845,110,Cleaning
exp5009,r533,160,Cleaning
exp5010,r823,230,Cleaning
exp5011,r273,190,Water
exp5012,r261,170,Electricity
exp5013,r636,220,Water
exp5014,r425,110,Electricity
exp5015,r199,200,Electricity
exp5016,r614,130,Electricity
exp5017,r476,230,Cleaning
exp5018,r427,230,Water
exp5019,r453,110,Electricity
exp5020,r630,240,Cleaning
exp5021,r189,240,Water
exp5022,r578,250,Electricity
exp5023,r810,250,Electricity
exp5024,r166,210,Water
exp5025,r279,180,Electricity
exp5026,r197,250,Water
exp5027,r781,100,Cleaning
exp5028,r489,220,Cleaning
exp5029,r173,200,Water
exp5030,r137,230,Electricity
exp5031,r878,190,Water
exp5032,r549,110,Electricity
exp5033,r116,120,Electricity
exp5034,r407,130,Water
exp5035,r141,210,Water
exp5036,r181,170,Electricity
exp5037,r141,240,Cleaning
exp5038,r326,200,Water
exp5039,r586,170,Cleaning
exp5040,r108,140,Water
exp5041,r642,190,Electricity
exp5042,r744,180,Water
exp5043,r617,170,Water
exp5044,r741,210,Water
exp5045,r702,140,Cleaning
exp5046,r720,240,Water
exp5047,r586,220,Cleaning
exp5048,r530,230,Cleaning
exp5049,r278,180,Electricity
exp5050,r731,210,Water
exp5051,r214,190,Electricity
exp5052,r983,130,Cleaning
exp5053,r336,170,Water
exp5054,r168,220,Cleaning
exp5055,r334,160,Electricity
exp5056,r272,230,Water
exp5057,r833,180,Water
exp5058,r819,150,Cleaning
exp5059,r342,220,Electricity
exp5060,r121,240,Water
exp5061,r637,230,Water
exp5062,r646,180,Electricity
exp5063,r395,250,Cleaning
exp5064,r501,130,Electricity
exp5065,r557,130,Water
exp5066,r639,170,Water
exp5067,r116,210,Cleaning
exp5068,r350,190,Cleaning
exp5069,r539,140,Electricity
exp5070,r589,220,Electricity
exp5071,r300,240,Electricity
exp5072,r786,140,Cleaning
exp5073,r928,240,Cleaning
exp5074,r629,120,Water
exp5075,r535,240,Electricity
exp5076,r541,150,Water
exp5077,r571,110,Water
exp5078,r701,240,Cleaning
exp5079,r825,230,Water
exp5080,r784,250,Electricity
exp5081,r917,210,Electricity
exp5082,r295,130,Water
exp5083,r837,220,Cleaning
exp5084,r427,140,Water
exp5085,r877,100,Electricity
exp5086,r446,240,Cleaning
exp5087,r188,220,Water
exp5088,r206,210,Water
exp5089,r495,110,Electricity
exp5090,r494,110,Electricity
exp5091,r398,180,Cleaning
exp5092,r373,250,Water
exp5093,r492,170,Water
exp5094,r542,150,Electricity
exp5095,r967,160,Electricity
exp5096,r152,100,Electricity
exp5097,r948,230,Cleaning
exp5098,r857,140,Water
exp5099,r768,110,Cleaning
exp5100,r851,250,Cleaning
exp5101,r295,100,Electricity
exp5102,r688,240,Water
exp5103,r945,180,Cleaning
exp5104,r719,160,Electricity
exp5105,r547,240,Cleaning
exp5106,r174,200,Water
exp5107,r164,230,Electricity
exp5108,r129,110,Cleaning
exp5109,r517,210,Electricity
exp5110,r265,120,Electricity
exp5111,r352,180,Water
exp5112,r180,190,Cleaning
exp5113,r204,110,Cleaning
exp5114,r576,170,Electricity
exp5115,r158,120,Water
exp5116,r436,140,Cleaning
exp5117,r448,200,Electricity
exp5118,r352,250,Electricity
exp5119,r693,150,Electricity
exp5120,r674,160,Water
exp5121,r996,220,Cleaning
exp5122,r821,250,Water
exp5123,r301,200,Cleaning
exp5124,r236,100,Water
exp5125,r994,150,Electricity
exp5126,r792,200,Electricity
exp5127,r836,180,Cleaning
exp5128,r131,220,Water
exp5129,r537,210,Water
exp5130,r736,170,Electricity
exp5131,r909,180,Electricity
exp5132,r419,250,Water
exp5133,r255,170,Water
exp5134,r788,190,Water
exp5135,r319,200,Cleaning
exp5136,r651,130,Cleaning
exp5137,r930,160,Cleaning
exp5138,r960,240,Water
exp5139,r609,240,Cleaning
exp5140,r304,110,Electricity
exp5141,r342,230,Cleaning
exp5142,r734,230,Water
exp5143,r450,230,Water
exp5144,r607,180,Electricity
exp5145,r129,210,Water
exp5146,r820,210,Cleaning
exp5147,r582,250,Electricity
exp5148,r617,220,Water
exp5149,r232,110,Cleaning
exp5150,r938,140,Electricity
exp5151,r816,230,Electricity
exp5152,r256,230,Water
exp5153,r484,230,Water
exp5154,r302,230,Water
exp5155,r204,100,Cleaning
exp5156,r508,240,Water
exp5157,r837,200,Cleaning
exp5158,r143,220,Water
exp5159,r103,100,Electricity
exp5160,r765,100,Water
exp5161,r311,130,Water
exp5162,r326,250,Electricity
exp5163,r876,190,Water
exp5164,r654,220,Water
exp5165,r825,250,Cleaning
exp5166,r690,140,Electricity
exp5167,r886,100,Cleaning
exp5168,r297,210,Electricity
exp5169,r989,140,Water
exp5170,r661,110,Cleaning
exp5171,r219,210,Electricity
exp5172,r794,150,Cleaning
exp5173,r587,200,Electricity
exp5174,r914,130,Electricity
exp5175,r715,140,Electricity
exp5176,r465,220,Cleaning
exp5177,r191,170,Water
exp5178,r944,190,Water
exp5179,r966,140,Water
exp5180,r982,190,Water
exp5181,r635,180,Water
exp5182,r896,160,Cleaning
exp5183,r735,130,Electricity
exp5184,r558,130,Electricity
exp5185,r538,120,Electricity
exp5186,r268,240,Cleaning
exp5187,r478,160,Water
exp5188,r110,240,Cleaning
exp5189,r268,170,Electricity
exp5190,r425,210,Cleaning
exp5191,r487,130,Cleaning
exp5192,r434,180,Electricity
exp5193,r245,230,Cleaning
exp5194,r591,240,Electricity
exp5195,r732,140,Electricity
exp5196,r927,240,Water
exp5197,r122,140,Cleaning
exp5198,r652,250,Water
exp5199,r553,210,Water
exp5200,r979,250,Cleaning
exp5201,r377,120,Water
exp5202,r598,120,Electricity
exp5203,r425,190,Electricity
exp5204,r698,200,Water
exp5205,r768,220,Electricity
exp5206,r449,150,Cleaning
exp5207,r885,140,Water
exp5208,r431,170,Electricity
exp5209,r702,240,Water
exp5210,r539,160,Cleaning
exp5211,r693,100,Water
exp5212,r977,110,Electricity
exp5213,r917,230,Cleaning
exp5214,r576,220,Cleaning
exp5215,r378,230,Cleaning
exp5216,r279,210,Water
exp5217,r251,150,Water
exp5218,r727,150,Electricity
exp5219,r739,230,Electricity
exp5220,r430,120,Cleaning
exp5221,r696,220,Cleaning
exp5222,r372,110,Water
exp5223,r739,100,Water
exp5224,r886,110,Cleaning
exp5225,r934,220,Water
exp5226,r185,210,Electricity
exp5227,r546,210,Water
exp5228,r764,200,Electricity
exp5229,r952,200,Electricity
exp5230,r309,130,Cleaning
exp5231,r436,170,Cleaning
exp5232,r688,110,Water
exp5233,r534,120,Water
exp5234,r602,200,Electricity
exp5235,r776,220,Cleaning
exp5236,r900,220,Cleaning
exp5237,r303,200,Electricity
exp5238,r225,180,Cleaning
exp5239,r378,160,Water
exp5240,r501,210,Electricity
exp5241,r158,160,Cleaning
exp5242,r967,230,Water
exp5243,r381,170,Cleaning
exp5244,r864,180,Electricity
exp5245,r799,170,Water
exp5246,r228,130,Water
exp5247,r918,180,Water
exp5248,r121,100,Water
exp5249,r529,140,Water
exp5250,r442,180,Cleaning
exp5251,r789,190,Water
exp5252,r436,140,Electricity
exp5253,r609,140,Cleaning
exp5254,r885,250,Cleaning
exp5255,r336,240,Electricity
exp5256,r345,110,Cleaning
exp5257,r452,230,Electricity
exp5258,r735,130,Cleaning
exp5259,r298,160,Cleaning
exp5260,r411,160,Electricity
exp5261,r391,200,Electricity
exp5262,r961,210,Electricity
exp5263,r631,150,Water
exp5264,r846,170,Cleaning
exp5265,r396,110,Electricity
exp5266,r910,140,Electricity
exp5267,r365,220,Electricity
exp5268,r256,240,Electricity
exp5269,r735,110,Cleaning
exp5270,r973,100,Water
exp5271,r574,250,Electricity
exp5272,r961,220,Electricity
exp5273,r617,220,Cleaning
exp5274,r974,140,Water
exp5275,r398,200,Water
exp5276,r118,180,Electricity
exp5277,r760,190,Electricity
exp5278,r758,150,Water
exp5279,r715,210,Water
exp5280,r658,140,Electricity
exp5281,r876,180,Cleaning
exp5282,r468,120,Water
exp5283,r645,210,Cleaning
exp5284,r439,170,Electricity
exp5285,r553,150,Water
exp5286,r444,110,Electricity
exp5287,r994,120,Electricity
exp5288,r170,180,Cleaning
exp5289,r357,110,Electricity
exp5290,r657,130,Electricity
exp5291,r230,170,Water
exp5292,r177,190,Water
exp5293,r474,220,Electricity
exp5294,r126,210,Water
exp5295,r553,110,Cleaning
exp5296,r806,140,Water
exp5297,r320,200,Electricity
exp5298,r411,160,Cleaning
exp5299,r205,130,Water
exp5300,r479,110,Electricity
exp5301,r196,110,Water
exp5302,r628,200,Electricity
exp5303,r555,250,Electricity
exp5304,r657,120,Water
exp5305,r866,250,Water
exp5306,r963,230,Water
exp5307,r239,130,Cleaning
exp5308,r295,220,Cleaning
exp5309,r980,170,Cleaning
exp5310,r529,220,Cleaning
exp5311,r954,100,Cleaning
exp5312,r544,170,Cleaning
exp5313,r160,250,Water
exp5314,r451,120,Water
exp5315,r357,130,Water
exp5316,r585,140,Water
exp5317,r775,160,Electricity
exp5318,r338,240,Electricity
exp5319,r721,190,Electricity
exp5320,r501,220,Cleaning
exp5321,r911,100,Electricity
exp5322,r263,130,Water
exp5323,r443,190,Cleaning
exp5324,r365,110,Cleaning
exp5325,r195,100,Water
exp5326,r152,140,Electricity
exp5327,r313,240,Cleaning
exp5328,r120,120,Water
exp5329,r222,200,Electricity
exp5330,r381,130,Water
exp5331,r942,240,Cleaning
exp5332,r735,220,Water
exp5333,r455,230,Water
exp5334,r707,100,Water
exp5335,r769,130,Cleaning
exp5336,r745,230,Electricity
exp5337,r507,200,Water
exp5338,r817,150,Electricity
exp5339,r806,140,Water
exp5340,r428,160,Water
exp5341,r929,230,Cleaning
exp5342,r223,180,Cleaning
exp5343,r192,250,Electricity
exp5344,r296,140,Cleaning
exp5345,r291,180,Cleaning
exp5346,r279,230,Electricity
exp5347,r985,160,Cleaning
exp5348,r440,180,Cleaning
exp5349,r687,130,Water
exp5350,r198,120,Water
exp5351,r828,210,Electricity
exp5352,r527,100,Cleaning
exp5353,r789,180,Electricity
exp5354,r843,190,Electricity
exp5355,r744,250,Cleaning
exp5356,r671,250,Water
exp5357,r332,250,Water
exp5358,r610,100,Electricity
exp5359,r697,130,Electricity
exp5360,r771,180,Cleaning
exp5361,r670,220,Electricity
exp5362,r451,100,Water
exp5363,r151,180,Water
exp5364,r336,130,Cleaning
exp5365,r730,250,Cleaning
exp5366,r354,230,Electricity
exp5367,r772,160,Water
exp5368,r384,130,Cleaning
exp5369,r244,100,Electricity
exp5370,r111,160,Electricity
exp5371,r483,180,Electricity
exp5372,r383,230,Cleaning
exp5373,r119,160,Water
exp5374,r596,190,Water
exp5375,r811,130,Cleaning
exp5376,r609,100,Cleaning
exp5377,r974,130,Cleaning
exp5378,r477,190,Electricity
exp5379,r771,170,Cleaning
exp5380,r845,130,Electricity
exp5381,r226,150,Water
exp5382,r893,120,Electricity
exp5383,r154,160,Electricity
exp5384,r404,120,Electricity
exp5385,r128,180,Cleaning
exp5386,r803,150,Electricity
exp5387,r961,170,Electricity
exp5388,r147,130,Cleaning
exp5389,r190,130,Cleaning
exp5390,r828,240,Water
exp5391,r387,210,Water
exp5392,r915,130,Water
exp5393,r866,210,Water
exp5394,r406,160,Water
exp5395,r741,220,Water
exp5396,r376,250,Electricity
exp5397,r991,240,Cleaning
exp5398,r529,110,Cleaning
exp5399,r421,140,Cleaning
exp5400,r193,120,Electricity
exp5401,r172,130,Cleaning
exp5402,r729,190,Electricity
exp5403,r897,150,Cleaning
exp5404,r172,130,Cleaning
exp5405,r634,120,Electricity
exp5406,r418,180,Water
exp5407,r668,120,Cleaning
exp5408,r897,180,Cleaning
exp5409,r771,250,Water
exp5410,r528,220,Water
exp5411,r115,240,Cleaning
exp5412,r390,250,Cleaning
exp5413,r357,200,Cleaning
exp5414,r302,240,Electricity
exp5415,r610,220,Cleaning
exp5416,r517,230,Water
exp5417,r443,160,Water
exp5418,r692,250,Water
exp5419,r940,170,Water
exp5420,r421,200,Electricity
exp5421,r706,220,Water
exp5422,r430,150,Cleaning
exp5423,r612,160,Electricity
exp5424,r248,110,Cleaning
exp5425,r412,240,Cleaning
exp5426,r458,200,Electricity
exp5427,r720,230,Water
exp5428,r376,110,Water
exp5429,r313,200,Electricity
exp5430,r396,250,Electricity
exp5431,r225,220,Electricity
exp5432,r389,220,Water
exp5433,r558,220,Cleaning
exp5434,r495,200,Electricity
exp5435,r805,250,Cleaning
exp5436,r314,130,Water
exp5437,r109,240,Electricity
exp5438,r638,200,Water
exp5439,r976,170,Water
exp5440,r285,190,Water
exp5441,r692,110,Electricity
exp5442,r680,160,Electricity
exp5443,r802,190,Water
exp5444,r116,120,Water
exp5445,r340,170,Cleaning
exp5446,r615,170,Cleaning
exp5447,r355,110,Electricity
exp5448,r324,190,Water
exp5449,r102,240,Electricity
exp5450,r671,140,Electricity
exp5451,r502,230,Electricity
exp5452,r715,150,Electricity
exp5453,r998,200,Cleaning
exp5454,r957,240,Electricity
exp5455,r523,210,Water
exp5456,r475,190,Electricity
exp5457,r528,150,Water
exp5458,r382,200,Cleaning
exp5459,r517,140,Water
exp5460,r970,210,Cleaning
exp5461,r875,210,Electricity
exp5462,r289,220,Electricity
exp5463,r539,200,Water
exp5464,r950,160,Water
exp5465,r161,160,Electricity
exp5466,r376,210,Cleaning
exp5467,r814,180,Cleaning
exp5468,r918,120,Cleaning
exp5469,r717,200,Electricity
exp5470,r458,200,Cleaning
exp5471,r998,190,Water
exp5472,r896,230,Cleaning
exp5473,r542,110,Cleaning
exp5474,r370,250,Electricity
exp5475,r986,170,Water
exp5476,r688,150,Water
exp5477,r156,190,Cleaning
exp5478,r686,250,Electricity
exp5479,r916,200,Water
exp5480,r442,150,Cleaning
exp5481,r838,100,Water
exp5482,r714,130,Cleaning
exp5483,r506,150,Water
exp5484,r142,190,Water
exp5485,r977,150,Water
exp5486,r665,240,Water
exp5487,r212,180,Water
exp5488,r342,200,Electricity
exp5489,r809,160,Water
exp5490,r795,180,Electricity
exp5491,r382,250,Electricity
exp5492,r209,150,Cleaning
exp5493,r537,210,Electricity
exp5494,r984,150,Water
exp5495,r101,210,Electricity
exp5496,r772,220,Cleaning
exp5497,r383,180,Cleaning
exp5498,r156,150,Electricity
exp5499,r893,120,Cleaning
exp5500,r960,100,Water
exp5501,r755,180,Cleaning
exp5502,r419,220,Water
exp5503,r649,170,Water
exp5504,r781,240,Water
exp5505,r199,140,Water
exp5506,r451,160,Water
exp5507,r753,200,Water
exp5508,r717,120,Water
exp5509,r435,190,Cleaning
exp5510,r862,200,Cleaning
exp5511,r593,100,Cleaning
exp5512,r266,230,Electricity
exp5513,r140,120,Water
exp5514,r304,230,Water
exp5515,r632,120,Electricity
exp5516,r102,100,Electricity
exp5517,r662,190,Cleaning
exp5518,r913,200,Electricity
exp5519,r591,200,Cleaning
exp5520,r450,200,Cleaning
exp5521,r858,210,Cleaning
exp5522,r599,170,Cleaning
exp5523,r765,120,Cleaning
exp5524,r122,130,Water
exp5525,r784,210,Cleaning
exp5526,r845,140,Cleaning
exp5527,r945,210,Water
exp5528,r139,220,Cleaning
exp5529,r486,200,Water
exp5530,r168,230,Water
exp5531,r508,130,Electricity
exp5532,r966,210,Cleaning
exp5533,r923,110,Electricity
exp5534,r944,250,Electricity
exp5535,r214,220,Water
exp5536,r821,150,Water
exp5537,r241,170,Water
exp5538,r830,230,Water
exp5539,r980,120,Electricity
exp5540,r198,150,Cleaning
exp5541,r309,150,Water
exp5542,r894,230,Electricity
exp5543,r960,100,Cleaning
exp5544,r710,140,Cleaning
exp5545,r735,120,Electricity
exp5546,r815,180,Cleaning
exp5547,r669,220,Cleaning
exp5548,r233,240,Cleaning
exp5549,r727,240,Water
exp5550,r389,160,Electricity
exp5551,r487,120,Electricity
exp5552,r843,220,Water
exp5553,r498,130,Cleaning
exp5554,r835,120,Water
exp5555,r994,240,Electricity
exp5556,r624,120,Cleaning
exp5557,r387,210,Water
exp5558,r699,190,Cleaning
exp5559,r476,130,Cleaning
exp5560,r891,230,Cleaning
exp5561,r181,110,Water
exp5562,r897,160,Water
exp5563,r290,120,Electricity
exp5564,r161,200,Cleaning
exp5565,r640,140,Cleaning
exp5566,r136,180,Water
exp5567,r666,200,Water
exp5568,r909,180,Cleaning
exp5569,r152,140,Electricity
exp5570,r959,130,Electricity
exp5571,r558,150,Cleaning
exp5572,r541,150,Electricity
exp5573,r911,180,Water
exp5574,r815,170,Cleaning
exp5575,r706,140,Electricity
exp5576,r745,210,Cleaning
exp5577,r733,100,Water
exp5578,r237,150,Water
exp5579,r101,230,Electricity
exp5580,r226,220,Cleaning
exp5581,r603,210,Cleaning
exp5582,r496,100,Cleaning
exp5583,r182,180,Electricity
exp5584,r998,200,Electricity
exp5585,r501,110,Cleaning
exp5586,r936,250,Water
exp5587,r682,190,Water
exp5588,r161,240,Water
exp5589,r653,190,Cleaning
exp5590,r249,110,Water
exp5591,r663,250,Water
exp5592,r857,190,Electricity
exp5593,r284,180,Water
exp5594,r209,210,Electricity
exp5595,r927,210,Water
exp5596,r391,100,Cleaning
exp5597,r367,190,Electricity
exp5598,r813,230,Electricity
exp5599,r316,230,Electricity
exp5600,r591,160,Electricity
exp5601,r238,140,Cleaning
exp5602,r488,220,Cleaning
exp5603,r809,190,Water
exp5604,r830,180,Electricity
exp5605,r143,150,Cleaning
exp5606,r630,150,Water
exp5607,r188,230,Water
exp5608,r677,180,Cleaning
exp5609,r688,250,Electricity
exp5610,r410,150,Cleaning
exp5611,r591,180,Water
exp5612,r912,150,Cleaning
exp5613,r137,100,Cleaning
exp5614,r182,120,Electricity
exp5615,r768,180,Water
exp5616,r383,120,Water
exp5617,r719,200,Water
exp5618,r317,130,Electricity
exp5619,r601,250,Electricity
exp5620,r938,140,Electricity
exp5621,r106,150,Cleaning
exp5622,r347,250,Electricity
exp5623,r742,180,Electricity
exp5624,r543,190,Cleaning
exp5625,r997,120,Cleaning
exp5626,r128,160,Water
exp5627,r395,150,Cleaning
exp5628,r600,100,Water
exp5629,r264,230,Water
exp5630,r442,180,Water
exp5631,r261,170,Cleaning
exp5632,r466,190,Cleaning
exp5633,r449,160,Cleaning
exp5634,r965,190,Cleaning
exp5635,r514,190,Cleaning
exp5636,r881,140,Cleaning
exp5637,r761,200,Water
exp5638,r962,150,Electricity
exp5639,r300,120,Water
exp5640,r526,210,Electricity
exp5641,r655,180,Water
exp5642,r556,160,Electricity
exp5643,r962,210,Water
exp5644,r642,100,Cleaning
exp5645,r236,150,Cleaning
exp5646,r914,200,Electricity
exp5647,r736,180,Electricity
exp5648,r981,170,Water
exp5649,r874,190,Water
exp5650,r785,140,Water
exp5651,r495,200,Electricity
exp5652,r614,230,Electricity
exp5653,r135,250,Electricity
exp5654,r816,150,Electricity
exp5655,r610,160,Electricity
exp5656,r355,160,Electricity
exp5657,r628,130,Water
exp5658,r135,110,Cleaning
exp5659,r459,180,Cleaning
exp5660,r648,210,Cleaning
exp5661,r690,180,Water
exp5662,r616,170,Water
exp5663,r798,120,Electricity
exp5664,r553,100,Water
exp5665,r515,130,Cleaning
exp5666,r343,210,Cleaning
exp5667,r785,250,Cleaning
exp5668,r513,100,Water
exp5669,r494,150,Cleaning
exp5670,r293,180,Water
exp5671,r321,190,Electricity
exp5672,r706,250,Electricity
exp5673,r253,150,Water
exp5674,r931,170,Electricity
exp5675,r217,190,Electricity
exp5676,r374,100,Electricity
exp5677,r714,170,Water
exp5678,r589,140,Electricity
exp5679,r822,120,Water
exp5680,r963,160,Water
exp5681,r917,250,Cleaning
exp5682,r337,240,Electricity
exp5683,r660,190,Cleaning
exp5684,r651,100,Cleaning
exp5685,r690,210,Cleaning
exp5686,r848,220,Electricity
exp5687,r309,160,Water
exp5688,r847,130,Water
exp5689,r940,200,Water
exp5690,r608,120,Electricity
exp5691,r249,200,Electricity
exp5692,r367,110,Electricity
exp5693,r778,130,Cleaning
exp5694,r850,210,Water
exp5695,r998,200,Cleaning
exp5696,r727,230,Electricity
exp5697,r655,210,Electricity
exp5698,r772,220,Electricity
exp5699,r618,140,Water
exp5700,r229,220,Cleaning
exp5701,r297,130,Cleaning
exp5702,r894,250,Cleaning
exp5703,r463,110,Water
exp5704,r967,220,Cleaning
exp5705,r903,170,Electricity
exp5706,r993,180,Cleaning
exp5707,r289,240,Cleaning
exp5708,r139,190,Water
exp5709,r649,210,Water
exp5710,r883,100,Cleaning
exp5711,r285,250,Water
exp5712,r770,180,Electricity
exp5713,r121,240,Water
exp5714,r355,150,Cleaning
exp5715,r895,100,Water
exp5716,r752,170,Electricity
exp5717,r413,220,Water
exp5718,r999,150,Cleaning
exp5719,r593,180,Water
exp5720,r366,140,Water
exp5721,r420,150,Electricity
exp5722,r301,210,Electricity
exp5723,r853,130,Electricity
exp5724,r650,210,Cleaning
exp5725,r214,180,Cleaning
exp5726,r235,120,Electricity
exp5727,r415,220,Electricity
exp5728,r774,160,Electricity
exp5729,r720,190,Water
exp5730,r937,170,Water
exp5731,r388,250,Cleaning
exp5732,r828,240,Electricity
exp5733,r180,140,Water
exp5734,r288,190,Cleaning
exp5735,r402,140,Water
exp5736,r502,200,Electricity
exp5737,r816,150,Cleaning
exp5738,r322,230,Water
exp5739,r373,200,Electricity
exp5740,r252,200,Water
exp5741,r324,130,Water
exp5742,r715,160,Electricity
exp5743,r455,120,Cleaning
exp5744,r264,140,Water
exp5745,r629,150,Water
exp5746,r704,130,Cleaning
exp5747,r298,230,Cleaning
exp5748,r186,230,Cleaning
exp5749,r980,150,Water
exp5750,r189,230,Water
exp5751,r320,110,Electricity
exp5752,r742,120,Electricity
exp5753,r200,190,Water
exp5754,r431,150,Electricity
exp5755,r336,230,Electricity
exp5756,r544,220,Electricity
exp5757,r342,140,Water
exp5758,r987,100,Water
exp5759,r267,240,Water
exp5760,r540,200,Water
exp5761,r612,190,Electricity
exp5762,r238,150,Water
exp5763,r247,140,Electricity
exp5764,r588,200,Water
exp5765,r764,240,Cleaning
exp5766,r838,150,Electricity
exp5767,r726,210,Cleaning
exp5768,r361,250,Cleaning
exp5769,r891,220,Cleaning
exp5770,r356,250,Cleaning
exp5771,r513,230,Cleaning
exp5772,r674,130,Cleaning
exp5773,r117,100,Cleaning
exp5774,r291,170,Water
exp5775,r192,160,Cleaning
exp5776,r279,120,Cleaning
exp5777,r740,220,Cleaning
exp5778,r554,150,Cleaning
exp5779,r512,210,Water
exp5780,r337,200,Water
exp5781,r868,220,Cleaning
exp5782,r551,200,Cleaning
exp5783,r392,160,Cleaning
exp5784,r459,180,Cleaning
exp5785,r426,140,Electricity
exp5786,r997,110,Cleaning
exp5787,r606,190,Cleaning
exp5788,r668,150,Cleaning
exp5789,r246,140,Cleaning
exp5790,r640,190,Electricity
exp5791,r201,250,Electricity
exp5792,r957,250,Electricity
exp5793,r213,220,Water
exp5794,r206,190,Electricity
exp5795,r247,230,Water
exp5796,r117,140,Water
exp5797,r438,170,Electricity
exp5798,r832,220,Water
exp5799,r578,200,Electricity
exp5800,r202,250,Cleaning
exp5801,r198,120,Cleaning
exp5802,r947,170,Electricity
exp5803,r222,210,Electricity
exp5804,r198,180,Water
exp5805,r288,230,Electricity
exp5806,r789,140,Water
exp5807,r322,140,Water
exp5808,r720,140,Electricity
exp5809,r440,170,Cleaning
exp5810,r458,150,Electricity
exp5811,r340,140,Electricity
exp5812,r890,170,Electricity
exp5813,r121,240,Cleaning
exp5814,r549,130,Water
exp5815,r166,160,Cleaning
exp5816,r517,160,Electricity
exp5817,r663,210,Electricity
exp5818,r642,130,Water
exp5819,r555,150,Cleaning
exp5820,r528,140,Cleaning
exp5821,r232,200,Water
exp5822,r337,160,Cleaning
exp5823,r998,160,Water
exp5824,r486,200,Electricity
exp5825,r578,110,Water
exp5826,r475,190,Water
exp5827,r603,100,Cleaning
exp5828,r639,140,Water
exp5829,r777,160,Water
exp5830,r517,240,Electricity
exp5831,r602,130,Water
exp5832,r297,130,Water
exp5833,r700,180,Cleaning
exp5834,r251,110,Electricity
exp5835,r173,180,Cleaning
exp5836,r922,100,Cleaning
exp5837,r743,250,Water
exp5838,r541,220,Water
exp5839,r306,210,Cleaning
exp5840,r717,180,Water
exp5841,r186,120,Water
exp5842,r233,230,Electricity
exp5843,r875,150,Cleaning
exp5844,r284,170,Cleaning
exp5845,r955,230,Electricity
exp5846,r205,190,Cleaning
exp5847,r211,100,Water
exp5848,r977,190,Electricity
exp5849,r436,190,Cleaning
exp5850,r504,160,Water
exp5851,r671,190,Water
exp5852,r528,210,Cleaning
exp5853,r604,220,Cleaning
exp5854,r953,190,Cleaning
exp5855,r796,110,Water
exp5856,r319,180,Water
exp5857,r547,150,Cleaning
exp5858,r643,180,Cleaning
exp5859,r144,150,Electricity
exp5860,r330,150,Water
exp5861,r684,160,Water
exp5862,r196,250,Water
exp5863,r728,120,Water
exp5864,r912,240,Water
exp5865,r382,110,Cleaning
exp5866,r318,240,Electricity
exp5867,r525,130,Water
exp5868,r977,180,Cleaning
exp5869,r466,210,Water
exp5870,r471,140,Electricity
exp5871,r148,200,Cleaning
exp5872,r287,100,Electricity
exp5873,r503,140,Cleaning
exp5874,r534,100,Electricity
exp5875,r814,240,Cleaning
exp5876,r285,190,Water
exp5877,r191,250,Water
exp5878,r246,210,Cleaning
exp5879,r700,220,Water
exp5880,r246,100,Electricity
exp5881,r662,160,Water
exp5882,r250,170,Electricity
exp5883,r158,220,Electricity
exp5884,r854,140,Water
exp5885,r312,170,Water
exp5886,r911,110,Cleaning
exp5887,r947,210,Water
exp5888,r562,170,Water
exp5889,r885,190,Cleaning
exp5890,r350,150,Water
exp5891,r843,230,Electricity
exp5892,r636,170,Cleaning
exp5893,r895,240,Electricity
exp5894,r412,190,Cleaning
exp5895,r290,190,Water
exp5896,r372,190,Cleaning
exp5897,r308,130,Water
exp5898,r944,140,Cleaning
exp5899,r635,120,Water
exp5900,r848,200,Water
exp5901,r906,140,Cleaning
exp5902,r307,140,Electricity
exp5903,r659,110,Electricity
exp5904,r164,210,Cleaning
exp5905,r933,230,Cleaning
exp5906,r135,170,Water
exp5907,r855,230,Water
exp5908,r172,250,Electricity
exp5909,r970,140,Cleaning
exp5910,r294,170,Electricity
exp5911,r329,130,Electricity
exp5912,r648,190,Water
exp5913,r221,240,Cleaning
exp5914,r553,200,Electricity
exp5915,r364,200,Water
exp5916,r537,170,Cleaning
exp5917,r324,120,Cleaning
exp5918,r552,130,Cleaning
exp5919,r267,130,Electricity
exp5920,r349,200,Water
exp5921,r518,220,Cleaning
exp5922,r981,100,Water
exp5923,r928,210,Cleaning
exp5924,r451,240,Electricity
exp5925,r502,250,Electricity
exp5926,r829,160,Electricity
exp5927,r207,240,Water
exp5928,r802,100,Cleaning
exp5929,r534,230,Cleaning
exp5930,r423,170,Water
exp5931,r627,230,Water
exp5932,r466,120,Electricity
exp5933,r678,250,Cleaning
exp5934,r851,160,Water
exp5935,r910,250,Electricity
exp5936,r868,240,Water
exp5937,r613,170,Electricity
exp5938,r164,120,Electricity
exp5939,r721,150,Electricity
exp5940,r942,160,Electricity
exp5941,r369,110,Cleaning
exp5942,r949,240,Cleaning
exp5943,r964,130,Electricity
exp5944,r970,150,Electricity
exp5945,r222,250,Cleaning
exp5946,r475,150,Water
exp5947,r575,160,Cleaning
exp5948,r288,130,Electricity
exp5949,r536,230,Electricity
exp5950,r496,140,Water
exp5951,r879,170,Electricity
exp5952,r157,200,Cleaning
exp5953,r255,130,Water
exp5954,r188,160,Water
exp5955,r309,130,Cleaning
exp5956,r280,140,Cleaning
exp5957,r111,190,Water
exp5958,r354,150,Electricity
exp5959,r111,160,Electricity
exp5960,r699,230,Cleaning
exp5961,r577,150,Cleaning
exp5962,r162,110,Cleaning
exp5963,r173,200,Electricity
exp5964,r213,190,Electricity
exp5965,r964,160,Water
exp5966,r448,120,Cleaning
exp5967,r398,240,Water
exp5968,r708,250,Water
exp5969,r817,210,Water
exp5970,r298,150,Water
exp5971,r596,180,Electricity
exp5972,r418,180,Electricity
exp5973,r953,150,Cleaning
exp5974,r411,240,Electricity
exp5975,r927,210,Water
exp5976,r516,200,Water
exp5977,r504,240,Water
exp5978,r415,230,Water
exp5979,r353,180,Water
exp5980,r821,230,Electricity
exp5981,r224,130,Cleaning
exp5982,r503,130,Electricity
exp5983,r725,110,Cleaning
exp5984,r879,120,Cleaning
exp5985,r604,170,Electricity
exp5986,r793,210,Electricity
exp5987,r585,170,Cleaning
exp5988,r462,140,Water
exp5989,r375,120,Electricity
exp5990,r508,140,Water
exp5991,r576,180,Water
exp5992,r277,220,Electricity
exp5993,r110,130,Cleaning
exp5994,r670,150,Cleaning
exp5995,r355,110,Water
exp5996,r768,230,Electricity
exp5997,r340,230,Water
exp5998,r759,210,Electricity
exp5999,r453,120,Electricity
exp6000,r353,210,Electricity
exp6001,r217,180,Electricity
exp6002,r896,140,Cleaning
exp6003,r810,240,Water
exp6004,r920,200,Electricity
exp6005,r527,110,Water
exp6006,r786,230,Water
exp6007,r898,220,Electricity
exp6008,r693,160,Cleaning
exp6009,r804,210,Electricity
exp6010,r524,180,Cleaning
exp6011,r386,200,Cleaning
exp6012,r943,230,Cleaning
exp6013,r213,170,Water
exp6014,r708,140,Electricity
exp6015,r922,250,Cleaning
exp6016,r702,220,Electricity
exp6017,r459,120,Electricity
exp6018,r845,230,Cleaning
exp6019,r452,130,Electricity
exp6020,r204,170,Cleaning
exp6021,r329,110,Water
exp6022,r402,100,Water
exp6023,r985,200,Cleaning
exp6024,r757,160,Water
exp6025,r386,200,Water
exp6026,r967,230,Water
exp6027,r317,140,Electricity
exp6028,r452,110,Electricity
exp6029,r864,210,Cleaning
exp6030,r710,200,Water
exp6031,r133,230,Electricity
exp6032,r442,170,Water
exp6033,r640,150,Electricity
exp6034,r957,180,Water
exp6035,r962,250,Electricity
exp6036,r232,220,Cleaning
exp6037,r599,180,Water
exp6038,r614,160,Cleaning
exp6039,r342,190,Water
exp6040,r825,110,Electricity
exp6041,r631,150,Water
exp6042,r490,250,Electricity
exp6043,r325,140,Water
exp6044,r691,170,Cleaning
exp6045,r699,140,Water
exp6046,r700,180,Cleaning
exp6047,r505,250,Cleaning
exp6048,r341,100,Electricity
exp6049,r700,110,Electricity
exp6050,r182,190,Electricity
exp6051,r735,150,Water
exp6052,r929,100,Electricity
exp6053,r142,100,Electricity
exp6054,r149,130,Cleaning
exp6055,r897,150,Cleaning
exp6056,r888,190,Cleaning
exp6057,r166,170,Cleaning
exp6058,r679,230,Electricity
exp6059,r731,180,Water
exp6060,r865,190,Water
exp6061,r972,160,Electricity
exp6062,r412,150,Cleaning
exp6063,r961,230,Water
exp6064,r771,240,Electricity
exp6065,r550,120,Cleaning
exp6066,r308,110,Cleaning
exp6067,r588,230,Electricity
exp6068,r701,240,Cleaning
exp6069,r723,190,Electricity
exp6070,r135,240,Cleaning
exp6071,r283,220,Electricity
exp6072,r150,100,Cleaning
exp6073,r830,140,Water
exp6074,r494,160,Electricity
exp6075,r555,160,Cleaning
exp6076,r463,230,Water
exp6077,r635,240,Water
exp6078,r172,130,Cleaning
exp6079,r177,100,Water
exp6080,r660,110,Water
exp6081,r257,210,Electricity
exp6082,r109,210,Water
exp6083,r571,110,Electricity
exp6084,r656,220,Electricity
exp6085,r758,170,Electricity
exp6086,r609,230,Electricity
exp6087,r746,140,Water
exp6088,r855,180,Water
exp6089,r164,110,Electricity
exp6090,r487,100,Water
exp6091,r895,160,Cleaning
exp6092,r207,140,Water
exp6093,r124,120,Electricity
exp6094,r660,240,Electricity
exp6095,r746,230,Electricity
exp6096,r836,120,Electricity
exp6097,r296,180,Water
exp6098,r461,180,Cleaning
exp6099,r919,180,Water
exp6100,r449,180,Water
exp6101,r615,130,Water
exp6102,r374,140,Water
exp6103,r473,220,Electricity
exp6104,r472,180,Electricity
exp6105,r586,190,Cleaning
exp6106,r859,230,Electricity
exp6107,r236,150,Electricity
exp6108,r382,110,Electricity
exp6109,r291,140,Water
exp6110,r902,250,Cleaning
exp6111,r959,230,Cleaning
exp6112,r481,170,Electricity
exp6113,r493,170,Cleaning
exp6114,r893,190,Water
exp6115,r330,170,Water
exp6116,r458,170,Cleaning
exp6117,r400,140,Cleaning
exp6118,r418,120,Water
exp6119,r158,140,Electricity
exp6120,r871,140,Cleaning
exp6121,r862,110,Cleaning
exp6122,r766,120,Cleaning
exp6123,r880,120,Electricity
exp6124,r216,120,Cleaning
exp6125,r356,150,Cleaning
exp6126,r591,110,Water
exp6127,r469,160,Cleaning
exp6128,r800,230,Water
exp6129,r592,130,Electricity
exp6130,r834,190,Cleaning
exp6131,r927,110,Cleaning
exp6132,r355,250,Electricity
exp6133,r154,120,Water
exp6134,r888,230,Cleaning
exp6135,r419,120,Water
exp6136,r533,180,Cleaning
exp6137,r926,200,Cleaning
exp6138,r781,100,Cleaning
exp6139,r857,190,Cleaning
exp6140,r808,250,Electricity
exp6141,r302,130,Electricity
exp6142,r549,100,Electricity
exp6143,r949,100,Cleaning
exp6144,r884,250,Electricity
exp6145,r958,110,Cleaning
exp6146,r493,200,Electricity
exp6147,r189,220,Cleaning
exp6148,r870,100,Water
exp6149,r560,140,Electricity
exp6150,r684,170,Water
exp6151,r536,210,Water
exp6152,r476,180,Cleaning
exp6153,r954,130,Electricity
exp6154,r643,200,Electricity
exp6155,r588,200,Water
exp6156,r789,120,Water
exp6157,r458,110,Electricity
exp6158,r311,250,Water
exp6159,r608,190,Cleaning
exp6160,r299,130,Electricity
exp6161,r206,180,Cleaning
exp6162,r115,220,Electricity
exp6163,r464,100,Cleaning
exp6164,r389,230,Cleaning
exp6165,r512,220,Cleaning
exp6166,r517,240,Cleaning
exp6167,r674,240,Electricity
exp6168,r671,220,Cleaning
exp6169,r610,240,Water
exp6170,r336,200,Electricity
exp6171,r125,200,Cleaning
exp6172,r546,200,Water
exp6173,r593,120,Electricity
exp6174,r593,160,Cleaning
exp6175,r454,150,Cleaning
exp6176,r982,150,Water
exp6177,r828,210,Electricity
exp6178,r952,120,Electricity
exp6179,r319,150,Water
exp6180,r976,150,Electricity
exp6181,r891,200,Water
exp6182,r871,210,Cleaning
exp6183,r278,150,Cleaning
exp6184,r850,150,Water
exp6185,r230,210,Cleaning
exp6186,r276,230,Cleaning
exp6187,r946,170,Cleaning
exp6188,r606,130,Cleaning
exp6189,r646,220,Electricity
exp6190,r767,250,Electricity
exp6191,r372,240,Cleaning
exp6192,r663,110,Water
exp6193,r398,250,Water
exp6194,r365,140,Electricity
exp6195,r660,230,Cleaning
exp6196,r360,110,Water
exp6197,r878,160,Water
exp6198,r670,180,Cleaning
exp6199,r853,130,Cleaning
exp6200,r148,170,Cleaning
exp6201,r230,120,Cleaning
exp6202,r260,100,Water
exp6203,r365,220,Cleaning
exp6204,r958,180,Cleaning
exp6205,r384,120,Electricity
exp6206,r842,240,Cleaning
exp6207,r322,170,Electricity
exp6208,r811,190,Cleaning
exp6209,r426,190,Water
exp6210,r548,130,Cleaning
exp6211,r935,130,Cleaning
exp6212,r363,110,Electricity
exp6213,r456,150,Cleaning
exp6214,r158,210,Water
exp6215,r690,200,Cleaning
exp6216,r191,210,Water
exp6217,r391,240,Electricity
exp6218,r261,230,Water
exp6219,r105,190,Water
exp6220,r817,190,Electricity
exp6221,r714,120,Water
exp6222,r839,100,Electricity
exp6223,r803,100,Water
exp6224,r815,130,Water
exp6225,r232,210,Electricity
exp6226,r119,190,Water
exp6227,r459,230,Water
exp6228,r459,160,Water
exp6229,r265,120,Electricity
exp6230,r623,210,Cleaning
exp6231,r983,110,Cleaning
exp6232,r415,110,Cleaning
exp6233,r840,220,Cleaning
exp6234,r902,150,Electricity
exp6235,r165,100,Electricity
exp6236,r369,170,Electricity
exp6237,r872,210,Water
exp6238,r165,240,Cleaning
exp6239,r133,180,Water
exp6240,r820,160,Electricity
exp6241,r649,140,Cleaning
exp6242,r995,170,Electricity
exp6243,r210,220,Electricity
exp6244,r722,230,Cleaning
exp6245,r580,230,Cleaning
exp6246,r858,240,Water
exp6247,r995,180,Cleaning
exp6248,r253,130,Cleaning
exp6249,r470,150,Electricity
exp6250,r562,180,Water
exp6251,r512,130,Electricity
exp6252,r666,190,Electricity
exp6253,r713,220,Cleaning
exp6254,r226,180,Electricity
exp6255,r589,160,Cleaning
exp6256,r867,140,Water
exp6257,r381,160,Electricity
exp6258,r241,200,Electricity
exp6259,r645,110,Cleaning
exp6260,r248,110,Cleaning
exp6261,r520,170,Water
exp6262,r596,240,Water
exp6263,r542,140,Cleaning
exp6264,r166,180,Water
exp6265,r117,170,Water
exp6266,r295,150,Water
exp6267,r883,220,Cleaning
exp6268,r386,210,Electricity
exp6269,r525,150,Electricity
exp6270,r811,180,Water
exp6271,r781,190,Cleaning
exp6272,r957,180,Water
exp6273,r807,230,Cleaning
exp6274,r537,250,Cleaning
exp6275,r224,100,Electricity
exp6276,r238,190,Electricity
exp6277,r306,170,Water
exp6278,r505,110,Cleaning
exp6279,r207,250,Water
exp6280,r124,160,Cleaning
exp6281,r308,220,Electricity
exp6282,r360,230,Electricity
exp6283,r423,200,Water
exp6284,r112,120,Cleaning
exp6285,r493,170,Water
exp6286,r867,160,Water
exp6287,r453,200,Electricity
exp6288,r108,240,Electricity
exp6289,r958,130,Water
exp6290,r848,230,Water
exp6291,r168,150,Water
exp6292,r654,210,Cleaning
exp6293,r758,150,Water
exp6294,r262,120,Water
exp6295,r215,160,Water
exp6296,r952,160,Cleaning
exp6297,r892,210,Electricity
exp6298,r867,210,Electricity
exp6299,r211,140,Water
exp6300,r911,160,Electricity
exp6301,r471,150,Water
exp6302,r478,180,Electricity
exp6303,r665,130,Water
exp6304,r428,170,Water
exp6305,r773,200,Electricity
exp6306,r563,200,Electricity
exp6307,r477,190,Cleaning
exp6308,r139,250,Cleaning
exp6309,r175,170,Cleaning
exp6310,r795,130,Cleaning
exp6311,r887,210,Cleaning
exp6312,r447,180,Cleaning
exp6313,r843,160,Water
exp6314,r364,130,Cleaning
exp6315,r105,170,Water
exp6316,r143,160,Cleaning
exp6317,r739,130,Cleaning
exp6318,r483,100,Cleaning
exp6319,r105,220,Cleaning
exp6320,r438,110,Electricity
exp6321,r166,210,Water
exp6322,r601,220,Water
exp6323,r613,140,Water
exp6324,r349,230,Electricity
exp6325,r999,200,Electricity
exp6326,r423,110,Electricity
exp6327,r707,170,Water
exp6328,r495,190,Electricity
exp6329,r991,150,Electricity
exp6330,r437,220,Electricity
exp6331,r144,150,Electricity
exp6332,r776,250,Water
exp6333,r733,220,Cleaning
exp6334,r618,240,Electricity
exp6335,r363,160,Water
exp6336,r542,240,Cleaning
exp6337,r750,190,Water
exp6338,r355,120,Water
exp6339,r353,160,Water
exp6340,r390,130,Electricity
exp6341,r501,190,Water
exp6342,r202,170,Cleaning
exp6343,r284,240,Water
exp6344,r726,150,Electricity
exp6345,r300,110,Electricity
exp6346,r967,230,Water
exp6347,r291,190,Cleaning
exp6348,r801,200,Cleaning
exp6349,r669,210,Water
exp6350,r662,210,Electricity
exp6351,r979,150,Cleaning
exp6352,r754,190,Electricity
exp6353,r121,100,Electricity
exp6354,r521,110,Electricity
exp6355,r313,100,Water
exp6356,r760,230,Water
exp6357,r881,150,Electricity
exp6358,r830,150,Water
exp6359,r250,240,Water
exp6360,r821,170,Electricity
exp6361,r350,230,Electricity
exp6362,r436,130,Water
exp6363,r986,230,Electricity
exp6364,r226,190,Water
exp6365,r367,150,Electricity
exp6366,r437,130,Water
exp6367,r160,160,Electricity
exp6368,r536,250,Electricity
exp6369,r523,200,Cleaning
exp6370,r606,210,Electricity
exp6371,r496,210,Water
exp6372,r250,250,Cleaning
exp6373,r207,230,Electricity
exp6374,r137,180,Water
exp6375,r417,230,Electricity
exp6376,r183,120,Water
exp6377,r373,210,Water
exp6378,r529,240,Water
exp6379,r571,210,Electricity
exp6380,r220,200,Water
exp6381,r690,230,Electricity
exp6382,r781,130,Cleaning
exp6383,r894,110,Cleaning
exp6384,r774,160,Water
exp6385,r936,190,Electricity
exp6386,r420,190,Cleaning
exp6387,r872,220,Cleaning
exp6388,r783,120,Electricity
exp6389,r679,120,Water
exp6390,r552,200,Water
exp6391,r643,200,Water
exp6392,r877,250,Electricity
exp6393,r812,150,Electricity
exp6394,r671,110,Water
exp6395,r567,130,Water
exp6396,r324,210,Electricity
exp6397,r624,200,Cleaning
exp6398,r962,180,Cleaning
exp6399,r864,140,Water
exp6400,r637,190,Water
exp6401,r101,130,Cleaning
exp6402,r662,160,Electricity
exp6403,r641,180,Cleaning
exp6404,r911,220,Electricity
exp6405,r825,250,Electricity
exp6406,r310,140,Cleaning
exp6407,r913,240,Electricity
exp6408,r890,220,Water
exp6409,r568,230,Electricity
exp6410,r161,170,Water
exp6411,r535,180,Water
exp6412,r912,210,Cleaning
exp6413,r365,120,Electricity
exp6414,r398,100,Cleaning
exp6415,r581,100,Water
exp6416,r914,160,Cleaning
exp6417,r439,250,Cleaning
exp6418,r663,110,Electricity
exp6419,r213,200,Electricity
exp6420,r361,250,Electricity
exp6421,r323,160,Electricity
exp6422,r842,210,Cleaning
exp6423,r572,140,Electricity
exp6424,r120,180,Water
exp6425,r691,130,Electricity
exp6426,r760,220,Cleaning
exp6427,r250,140,Cleaning
exp6428,r786,230,Cleaning
exp6429,r520,150,Electricity
exp6430,r916,180,Electricity
exp6431,r671,240,Water
exp6432,r332,130,Water
exp6433,r404,140,Cleaning
exp6434,r746,110,Water
exp6435,r324,240,Cleaning
exp6436,r741,240,Electricity
exp6437,r779,110,Cleaning
exp6438,r746,170,Cleaning
exp6439,r889,110,Water
exp6440,r447,220,Water
exp6441,r282,170,Water
exp6442,r879,210,Electricity
exp6443,r178,160,Water
exp6444,r355,110,Electricity
exp6445,r760,130,Cleaning
exp6446,r721,210,Electricity
exp6447,r198,150,Water
exp6448,r413,210,Cleaning
exp6449,r619,230,Water
exp6450,r172,120,Cleaning
exp6451,r373,180,Water
exp6452,r732,190,Cleaning
exp6453,r857,100,Water
exp6454,r877,130,Electricity
exp6455,r991,240,Cleaning
exp6456,r326,210,Electricity
exp6457,r978,140,Electricity
exp6458,r686,160,Cleaning
exp6459,r157,240,Electricity
exp6460,r930,220,Cleaning
exp6461,r618,210,Cleaning
exp6462,r987,130,Water
exp6463,r414,230,Water
exp6464,r142,110,Cleaning
exp6465,r898,130,Water
exp6466,r219,190,Electricity
exp6467,r254,250,Water
exp6468,r272,130,Electricity
exp6469,r364,130,Water
exp6470,r947,220,Cleaning
exp6471,r654,170,Electricity
exp6472,r238,240,Water
exp6473,r117,160,Electricity
exp6474,r532,100,Cleaning
exp6475,r785,170,Cleaning
exp6476,r317,200,Cleaning
exp6477,r563,140,Cleaning
exp6478,r666,230,Electricity
exp6479,r151,120,Water
exp6480,r205,190,Water
exp6481,r619,220,Water
exp6482,r784,200,Water
exp6483,r741,170,Electricity
exp6484,r771,200,Cleaning
exp6485,r206,110,Electricity
exp6486,r582,240,Water
exp6487,r608,210,Water
exp6488,r424,130,Electricity
exp6489,r152,250,Water
exp6490,r435,110,Electricity
exp6491,r594,110,Water
exp6492,r160,200,Electricity
exp6493,r544,140,Cleaning
exp6494,r451,110,Water
exp6495,r331,190,Cleaning
exp6496,r983,240,Electricity
exp6497,r260,210,Electricity
exp6498,r681,120,Cleaning
exp6499,r146,210,Water
exp6500,r963,130,Electricity
exp6501,r594,100,Cleaning
exp6502,r384,100,Cleaning
exp6503,r947,130,Electricity
exp6504,r778,110,Cleaning
exp6505,r484,150,Water
exp6506,r828,120,Water
exp6507,r548,210,Electricity
exp6508,r770,110,Cleaning
exp6509,r105,160,Electricity
exp6510,r611,160,Cleaning
exp6511,r396,180,Water
exp6512,r801,150,Cleaning
exp6513,r257,170,Electricity
exp6514,r114,130,Water
exp6515,r458,140,Water
exp6516,r759,250,Water
exp6517,r473,150,Water
exp6518,r994,170,Cleaning
exp6519,r462,190,Electricity
exp6520,r546,140,Electricity
exp6521,r125,150,Cleaning
exp6522,r362,150,Electricity
exp6523,r218,110,Electricity
exp6524,r842,110,Cleaning
exp6525,r660,100,Water
exp6526,r911,180,Electricity
exp6527,r790,230,Electricity
exp6528,r580,120,Electricity
exp6529,r963,180,Water
exp6530,r975,250,Water
exp6531,r529,250,Cleaning
exp6532,r793,110,Cleaning
exp6533,r857,200,Cleaning
exp6534,r806,150,Electricity
exp6535,r913,130,Cleaning
exp6536,r436,130,Electricity
exp6537,r603,220,Electricity
exp6538,r958,160,Electricity
exp6539,r603,120,Water
exp6540,r738,110,Cleaning
exp6541,r620,120,Water
exp6542,r955,200,Electricity
exp6543,r510,210,Electricity
exp6544,r237,130,Water
exp6545,r119,130,Cleaning
exp6546,r196,100,Water
exp6547,r733,110,Water
exp6548,r718,190,Electricity
exp6549,r655,170,Electricity
exp6550,r517,230,Cleaning
exp6551,r297,170,Electricity
exp6552,r732,210,Electricity
exp6553,r445,100,Cleaning
exp6554,r906,140,Electricity
exp6555,r211,160,Cleaning
exp6556,r288,150,Water
exp6557,r515,230,Cleaning
exp6558,r892,120,Electricity
exp6559,r656,110,Water
exp6560,r967,130,Cleaning
exp6561,r293,210,Cleaning
exp6562,r581,200,Water
exp6563,r137,230,Cleaning
exp6564,r841,160,Cleaning
exp6565,r854,130,Electricity
exp6566,r686,230,Cleaning
exp6567,r134,120,Electricity
exp6568,r241,120,Water
exp6569,r734,140,Electricity
exp6570,r551,190,Cleaning
exp6571,r399,190,Electricity
exp6572,r910,230,Cleaning
exp6573,r116,240,Electricity
exp6574,r598,160,Water
exp6575,r553,190,Cleaning
exp6576,r732,200,Electricity
exp6577,r356,130,Water
exp6578,r592,120,Electricity
exp6579,r962,240,Cleaning
exp6580,r421,250,Electricity
exp6581,r754,230,Water
exp6582,r743,190,Electricity
exp6583,r291,180,Water
exp6584,r421,230,Water
exp6585,r909,110,Cleaning
exp6586,r697,140,Cleaning
exp6587,r380,210,Cleaning
exp6588,r859,230,Cleaning
exp6589,r616,220,Electricity
exp6590,r243,160,Cleaning
exp6591,r829,140,Electricity
exp6592,r287,120,Electricity
exp6593,r758,150,Electricity
exp6594,r152,120,Cleaning
exp6595,r256,180,Cleaning
exp6596,r143,160,Water
exp6597,r697,170,Cleaning
exp6598,r681,240,Cleaning
exp6599,r680,110,Electricity
exp6600,r135,200,Water
exp6601,r583,110,Water
exp6602,r508,190,Electricity
exp6603,r919,110,Electricity
exp6604,r935,130,Electricity
exp6605,r639,140,Water
exp6606,r580,220,Electricity
exp6607,r133,120,Water
exp6608,r884,210,Water
exp6609,r505,160,Electricity
exp6610,r249,150,Cleaning
exp6611,r150,160,Water
exp6612,r921,120,Water
exp6613,r726,100,Electricity
exp6614,r227,190,Electricity
exp6615,r916,130,Water
exp6616,r551,220,Electricity
exp6617,r326,220,Cleaning
exp6618,r384,180,Cleaning
exp6619,r726,240,Water
exp6620,r842,200,Water
exp6621,r812,110,Cleaning
exp6622,r295,180,Water
exp6623,r377,170,Electricity
exp6624,r626,200,Cleaning
exp6625,r389,240,Electricity
exp6626,r473,150,Electricity
exp6627,r668,140,Water
exp6628,r745,120,Electricity
exp6629,r839,130,Electricity
exp6630,r693,220,Cleaning
exp6631,r749,180,Water
exp6632,r787,130,Water
exp6633,r879,160,Water
exp6634,r162,190,Electricity
exp6635,r482,160,Water
exp6636,r676,150,Cleaning
exp6637,r630,210,Electricity
exp6638,r447,210,Cleaning
exp6639,r294,160,Water
exp6640,r265,100,Cleaning
exp6641,r705,230,Water
exp6642,r439,240,Water
exp6643,r803,250,Cleaning
exp6644,r590,250,Cleaning
exp6645,r302,130,Water
exp6646,r519,100,Electricity
exp6647,r484,150,Cleaning
exp6648,r297,240,Electricity
exp6649,r129,100,Cleaning
exp6650,r726,140,Electricity
exp6651,r312,180,Water
exp6652,r404,190,Water
exp6653,r572,250,Water
exp6654,r320,150,Water
exp6655,r191,200,Electricity
exp6656,r782,160,Water
exp6657,r615,250,Water
exp6658,r638,180,Cleaning
exp6659,r864,180,Cleaning
exp6660,r229,250,Water
exp6661,r472,230,Cleaning
exp6662,r716,130,Water
exp6663,r822,250,Water
exp6664,r173,130,Electricity
exp6665,r345,250,Cleaning
exp6666,r228,160,Cleaning
exp6667,r419,150,Water
exp6668,r846,180,Cleaning
exp6669,r319,130,Water
exp6670,r182,160,Electricity
exp6671,r795,250,Cleaning
exp6672,r305,120,Electricity
exp6673,r847,140,Cleaning
exp6674,r775,140,Cleaning
exp6675,r490,100,Electricity
exp6676,r375,240,Water
exp6677,r922,220,Electricity
exp6678,r474,130,Cleaning
exp6679,r825,170,Cleaning
exp6680,r818,250,Cleaning
exp6681,r191,130,Water
exp6682,r561,190,Electricity
exp6683,r251,170,Electricity
exp6684,r831,230,Water
exp6685,r715,190,Electricity
exp6686,r606,110,Cleaning
exp6687,r123,170,Cleaning
exp6688,r121,160,Cleaning
exp6689,r327,230,Water
exp6690,r172,250,Water
exp6691,r637,240,Water
exp6692,r375,110,Cleaning
exp6693,r965,210,Electricity
exp6694,r106,120,Water
exp6695,r553,210,Electricity
exp6696,r330,100,Cleaning
exp6697,r547,180,Cleaning
exp6698,r867,170,Electricity
exp6699,r795,250,Cleaning
exp6700,r421,150,Cleaning
exp6701,r821,210,Electricity
exp6702,r615,210,Electricity
exp6703,r999,230,Electricity
exp6704,r151,200,Water
exp6705,r584,180,Cleaning
exp6706,r929,170,Water
exp6707,r379,190,Water
exp6708,r921,210,Electricity
exp6709,r984,180,Electricity
exp6710,r949,240,Water
exp6711,r643,120,Cleaning
exp6712,r296,180,Cleaning
exp6713,r739,160,Cleaning
exp6714,r417,110,Cleaning
exp6715,r489,100,Cleaning
exp6716,r919,100,Cleaning
exp6717,r567,190,Electricity
exp6718,r835,150,Electricity
exp6719,r293,160,Cleaning
exp6720,r536,220,Electricity
exp6721,r934,110,Water
exp6722,r621,180,Cleaning
exp6723,r972,230,Cleaning
exp6724,r868,140,Cleaning
exp6725,r957,140,Cleaning
exp6726,r774,100,Water
exp6727,r879,150,Cleaning
exp6728,r333,240,Cleaning
exp6729,r291,100,Water
exp6730,r447,110,Electricity
exp6731,r955,210,Water
exp6732,r326,110,Water
exp6733,r676,250,Electricity
exp6734,r661,180,Electricity
exp6735,r993,230,Water
exp6736,r511,180,Water
exp6737,r463,120,Water
exp6738,r830,160,Water
exp6739,r750,110,Cleaning
exp6740,r961,140,Water
exp6741,r450,210,Cleaning
exp6742,r210,160,Water
exp6743,r417,100,Electricity
exp6744,r634,120,Electricity
exp6745,r323,200,Cleaning
exp6746,r942,200,Cleaning
exp6747,r687,130,Electricity
exp6748,r887,220,Electricity
exp6749,r381,100,Water
exp6750,r162,250,Electricity
exp6751,r859,200,Electricity
exp6752,r588,160,Electricity
exp6753,r371,250,Electricity
exp6754,r716,230,Cleaning
exp6755,r368,230,Electricity
exp6756,r846,200,Water
exp6757,r316,110,Electricity
exp6758,r534,160,Water
exp6759,r992,210,Water
exp6760,r556,210,Electricity
exp6761,r291,120,Cleaning
exp6762,r796,100,Cleaning
exp6763,r889,100,Water
exp6764,r511,140,Water
exp6765,r457,140,Electricity
exp6766,r682,250,Cleaning
exp6767,r966,230,Cleaning
exp6768,r511,180,Electricity
exp6769,r960,160,Cleaning
exp6770,r140,150,Cleaning
exp6771,r401,180,Cleaning
exp6772,r512,140,Electricity
exp6773,r550,130,Electricity
exp6774,r831,210,Cleaning
exp6775,r181,120,Electricity
exp6776,r671,110,Cleaning
exp6777,r303,220,Water
exp6778,r590,160,Water
exp6779,r886,150,Electricity
exp6780,r364,220,Water
exp6781,r275,130,Electricity
exp6782,r498,250,Water
exp6783,r170,130,Electricity
exp6784,r965,180,Electricity
exp6785,r398,240,Cleaning
exp6786,r939,140,Electricity
exp6787,r357,160,Cleaning
exp6788,r719,200,Cleaning
exp6789,r561,210,Cleaning
exp6790,r453,160,Cleaning
exp6791,r436,210,Electricity
exp6792,r747,220,Electricity
exp6793,r780,120,Cleaning
exp6794,r482,240,Electricity
exp6795,r166,130,Electricity
exp6796,r785,100,Water
exp6797,r270,250,Water
exp6798,r898,200,Water
exp6799,r118,120,Cleaning
exp6800,r563,220,Cleaning
exp6801,r269,240,Cleaning
exp6802,r444,190,Water
exp6803,r297,220,Electricity
exp6804,r931,190,Water
exp6805,r651,130,Electricity
exp6806,r192,120,Electricity
exp6807,r605,120,Water
exp6808,r458,220,Cleaning
exp6809,r142,140,Water
exp6810,r470,180,Water
exp6811,r824,230,Electricity
exp6812,r104,100,Water
exp6813,r435,210,Water
exp6814,r834,240,Electricity
exp6815,r851,220,Water
exp6816,r825,180,Cleaning
exp6817,r590,210,Cleaning
exp6818,r816,200,Electricity
exp6819,r574,120,Electricity
exp6820,r519,150,Electricity
exp6821,r338,250,Water
exp6822,r904,180,Cleaning
exp6823,r371,130,Electricity
exp6824,r857,150,Water
exp6825,r511,150,Electricity
exp6826,r792,220,Electricity
exp6827,r822,140,Cleaning
exp6828,r828,210,Water
exp6829,r455,160,Water
exp6830,r988,250,Electricity
exp6831,r166,160,Water
exp6832,r779,210,Electricity
exp6833,r500,220,Electricity
exp6834,r990,130,Electricity
exp6835,r716,110,Electricity
exp6836,r382,120,Cleaning
exp6837,r879,130,Cleaning
exp6838,r365,100,Electricity
exp6839,r451,140,Electricity
exp6840,r430,190,Cleaning
exp6841,r336,250,Electricity
exp6842,r364,200,Electricity
exp6843,r249,160,Cleaning
exp6844,r546,130,Electricity
exp6845,r306,130,Electricity
exp6846,r453,130,Cleaning
exp6847,r476,230,Water
exp6848,r412,140,Cleaning
exp6849,r894,200,Water
exp6850,r369,230,Electricity
exp6851,r751,220,Electricity
exp6852,r944,180,Electricity
exp6853,r967,190,Cleaning
exp6854,r994,200,Water
exp6855,r202,240,Water
exp6856,r530,180,Electricity
exp6857,r507,200,Water
exp6858,r846,240,Cleaning
exp6859,r356,210,Water
exp6860,r361,200,Water
exp6861,r151,240,Electricity
exp6862,r621,190,Electricity
exp6863,r150,110,Electricity
exp6864,r371,160,Water
exp6865,r115,210,Water
exp6866,r839,230,Water
exp6867,r417,240,Electricity
exp6868,r620,120,Water
exp6869,r113,180,Water
exp6870,r581,190,Cleaning
exp6871,r200,200,Cleaning
exp6872,r766,120,Water
exp6873,r532,130,Electricity
exp6874,r886,160,Electricity
exp6875,r237,120,Cleaning
exp6876,r348,200,Electricity
exp6877,r891,130,Electricity
exp6878,r129,160,Water
exp6879,r799,170,Electricity
exp6880,r492,200,Electricity
exp6881,r547,190,Electricity
exp6882,r335,110,Water
exp6883,r981,160,Cleaning
exp6884,r508,100,Water
exp6885,r205,120,Water
exp6886,r511,160,Water
exp6887,r552,140,Electricity
exp6888,r567,170,Cleaning
exp6889,r954,100,Cleaning
exp6890,r580,210,Water
exp6891,r492,150,Cleaning
exp6892,r589,190,Cleaning
exp6893,r232,250,Cleaning
exp6894,r167,140,Cleaning
exp6895,r456,200,Water
exp6896,r996,150,Water
exp6897,r472,250,Water
exp6898,r324,110,Water
exp6899,r432,170,Cleaning
exp6900,r987,190,Cleaning
exp6901,r157,190,Water
exp6902,r128,200,Electricity
exp6903,r407,180,Cleaning
exp6904,r907,150,Electricity
exp6905,r639,150,Cleaning
exp6906,r270,210,Cleaning
exp6907,r951,160,Water
exp6908,r949,110,Cleaning
exp6909,r981,190,Water
exp6910,r634,120,Cleaning
exp6911,r960,100,Water
exp6912,r742,100,Water
exp6913,r585,220,Cleaning
exp6914,r188,180,Cleaning
exp6915,r687,170,Cleaning
exp6916,r400,110,Cleaning
exp6917,r429,180,Cleaning
exp6918,r318,180,Electricity
exp6919,r999,150,Water
exp6920,r899,140,Water
exp6921,r256,140,Water
exp6922,r635,190,Cleaning
exp6923,r531,150,Water
exp6924,r616,230,Cleaning
exp6925,r438,210,Water
exp6926,r611,170,Water
exp6927,r192,100,Electricity
exp6928,r198,210,Cleaning
exp6929,r659,180,Electricity
exp6930,r341,130,Electricity
exp6931,r673,190,Cleaning
exp6932,r884,230,Cleaning
exp6933,r646,180,Water
exp6934,r496,150,Cleaning
exp6935,r627,110,Cleaning
exp6936,r258,160,Electricity
exp6937,r914,230,Electricity
exp6938,r829,200,Electricity
exp6939,r905,120,Water
exp6940,r356,100,Cleaning
exp6941,r403,220,Water
exp6942,r278,160,Water
exp6943,r543,140,Cleaning
exp6944,r806,100,Cleaning
exp6945,r388,140,Electricity
exp6946,r252,220,Water
exp6947,r416,130,Electricity
exp6948,r222,220,Electricity
exp6949,r712,140,Cleaning
exp6950,r895,110,Cleaning
exp6951,r463,160,Cleaning
exp6952,r591,150,Cleaning
exp6953,r246,180,Water
exp6954,r620,190,Electricity
exp6955,r600,200,Electricity
exp6956,r633,240,Cleaning
exp6957,r693,250,Water
exp6958,r245,130,Cleaning
exp6959,r516,120,Water
exp6960,r974,110,Water
exp6961,r219,250,Cleaning
exp6962,r769,160,Water
exp6963,r726,220,Cleaning
exp6964,r276,180,Electricity
exp6965,r658,130,Electricity
exp6966,r332,150,Water
exp6967,r668,180,Cleaning
exp6968,r718,150,Water
exp6969,r575,110,Water
exp6970,r353,170,Water
exp6971,r511,220,Water
exp6972,r973,110,Cleaning
exp6973,r519,240,Water
exp6974,r412,230,Water
exp6975,r661,160,Electricity
exp6976,r273,140,Electricity
exp6977,r124,220,Water
exp6978,r183,240,Water
exp6979,r249,100,Cleaning
exp6980,r589,220,Water
exp6981,r519,220,Water
exp6982,r328,120,Electricity
exp6983,r815,220,Water
exp6984,r356,140,Cleaning
exp6985,r400,100,Cleaning
exp6986,r346,100,Electricity
exp6987,r591,220,Cleaning
exp6988,r296,130,Water
exp6989,r978,210,Electricity
exp6990,r190,100,Electricity
exp6991,r210,220,Cleaning
exp6992,r671,140,Electricity
exp6993,r380,240,Water
exp6994,r407,180,Water
exp6995,r986,210,Water
exp6996,r153,250,Water
exp6997,r715,190,Electricity
exp6998,r786,150,Water
exp6999,r785,100,Cleaning
exp7000,r263,190,Water
exp7001,r803,190,Electricity
exp7002,r557,110,Water
exp7003,r917,120,Cleaning
exp7004,r813,210,Electricity
exp7005,r809,150,Electricity
exp7006,r904,190,Electricity
exp7007,r319,130,Cleaning
exp7008,r419,230,Cleaning
exp7009,r966,130,Water
exp7010,r853,200,Electricity
exp7011,r240,220,Water
exp7012,r586,160,Electricity
exp7013,r126,170,Water
exp7014,r860,150,Water
exp7015,r715,120,Cleaning
exp7016,r394,190,Cleaning
exp7017,r675,120,Electricity
exp7018,r503,230,Cleaning
exp7019,r901,230,Cleaning
exp7020,r312,140,Cleaning
exp7021,r135,240,Electricity
exp7022,r934,250,Cleaning
exp7023,r651,240,Water
exp7024,r514,150,Cleaning
exp7025,r955,150,Water
exp7026,r273,120,Electricity
exp7027,r377,180,Electricity
exp7028,r424,110,Electricity
exp7029,r444,100,Water
exp7030,r502,150,Water
exp7031,r811,150,Electricity
exp7032,r703,100,Water
exp7033,r913,250,Electricity
exp7034,r497,140,Electricity
exp7035,r512,180,Electricity
exp7036,r991,140,Electricity
exp7037,r752,130,Water
exp7038,r950,110,Water
exp7039,r828,250,Electricity
exp7040,r115,190,Cleaning
exp7041,r106,120,Electricity
exp7042,r490,190,Water
exp7043,r630,190,Electricity
exp7044,r270,110,Water
exp7045,r335,200,Water
exp7046,r737,220,Electricity
exp7047,r374,100,Water
exp7048,r825,130,Cleaning
exp7049,r131,240,Water
exp7050,r399,250,Electricity
exp7051,r438,170,Electricity
exp7052,r277,170,Cleaning
exp7053,r258,180,Cleaning
exp7054,r211,160,Cleaning
exp7055,r446,220,Water
exp7056,r765,250,Water
exp7057,r455,180,Electricity
exp7058,r200,210,Electricity
exp7059,r826,170,Cleaning
exp7060,r720,130,Cleaning
exp7061,r338,100,Cleaning
exp7062,r672,150,Cleaning
exp7063,r131,210,Water
exp7064,r970,100,Cleaning
exp7065,r652,210,Cleaning
exp7066,r461,200,Electricity
exp7067,r102,200,Cleaning
exp7068,r675,170,Cleaning
exp7069,r252,100,Cleaning
exp7070,r716,140,Water
exp7071,r354,130,Water
exp7072,r849,130,Electricity
exp7073,r855,140,Electricity
exp7074,r603,200,Cleaning
exp7075,r352,140,Electricity
exp7076,r919,120,Electricity
exp7077,r559,180,Water
exp7078,r962,190,Electricity
exp7079,r774,200,Cleaning
exp7080,r693,120,Water
exp7081,r889,190,Water
exp7082,r226,210,Water
exp7083,r261,190,Water
exp7084,r595,250,Water
exp7085,r400,160,Electricity
exp7086,r200,220,Cleaning
exp7087,r850,240,Water
exp7088,r110,180,Cleaning
exp7089,r749,170,Water
exp7090,r915,140,Electricity
exp7091,r857,210,Electricity
exp7092,r120,170,Water
exp7093,r239,240,Water
exp7094,r321,130,Cleaning
exp7095,r550,190,Electricity
exp7096,r377,140,Electricity
exp7097,r382,250,Electricity
exp7098,r686,210,Electricity
exp7099,r310,220,Electricity
exp7100,r602,130,Water
exp7101,r581,190,Electricity
exp7102,r376,250,Cleaning
exp7103,r445,100,Cleaning
exp7104,r168,140,Electricity
exp7105,r841,120,Electricity
exp7106,r804,170,Cleaning
exp7107,r945,240,Electricity
exp7108,r840,210,Cleaning
exp7109,r430,230,Water
exp7110,r740,180,Electricity
exp7111,r136,250,Cleaning
exp7112,r610,200,Electricity
exp7113,r365,160,Cleaning
exp7114,r335,140,Water
exp7115,r967,170,Cleaning
exp7116,r517,100,Electricity
exp7117,r208,130,Electricity
exp7118,r512,230,Water
exp7119,r479,150,Electricity
exp7120,r841,170,Electricity
exp7121,r995,170,Electricity
exp7122,r217,140,Cleaning
exp7123,r368,130,Electricity
exp7124,r107,200,Water
exp7125,r584,220,Electricity
exp7126,r585,250,Cleaning
exp7127,r257,200,Water
exp7128,r780,220,Electricity
exp7129,r872,110,Water
exp7130,r388,140,Electricity
exp7131,r900,200,Cleaning
exp7132,r798,250,Electricity
exp7133,r625,120,Water
exp7134,r601,100,Cleaning
exp7135,r774,190,Cleaning
exp7136,r950,130,Water
exp7137,r273,130,Water
exp7138,r234,120,Electricity
exp7139,r199,210,Electricity
exp7140,r625,200,Water
exp7141,r213,140,Water
exp7142,r583,210,Cleaning
exp7143,r627,220,Water
exp7144,r955,240,Electricity
exp7145,r630,150,Water
exp7146,r780,170,Electricity
exp7147,r981,110,Electricity
exp7148,r491,100,Cleaning
exp7149,r408,220,Electricity
exp7150,r612,230,Water
exp7151,r587,220,Cleaning
exp7152,r837,150,Electricity
exp7153,r116,220,Electricity
exp7154,r932,100,Electricity
exp7155,r185,230,Water
exp7156,r133,150,Electricity
exp7157,r276,160,Electricity
exp7158,r633,140,Electricity
exp7159,r187,110,Electricity
exp7160,r921,170,Electricity
exp7161,r151,150,Cleaning
exp7162,r876,250,Cleaning
exp7163,r960,100,Cleaning
exp7164,r241,160,Cleaning
exp7165,r554,100,Cleaning
exp7166,r729,170,Water
exp7167,r577,170,Electricity
exp7168,r334,250,Electricity
exp7169,r704,210,Electricity
exp7170,r404,170,Cleaning
exp7171,r880,130,Electricity
exp7172,r305,100,Electricity
exp7173,r902,210,Electricity
exp7174,r876,140,Water
exp7175,r998,110,Cleaning
exp7176,r744,130,Cleaning
exp7177,r258,210,Electricity
exp7178,r243,100,Electricity
exp7179,r381,250,Cleaning
exp7180,r508,160,Electricity
exp7181,r982,190,Electricity
exp7182,r789,200,Water
exp7183,r160,210,Cleaning
exp7184,r193,130,Water
exp7185,r719,130,Cleaning
exp7186,r272,170,Cleaning
exp7187,r925,190,Water
exp7188,r722,240,Cleaning
exp7189,r351,230,Electricity
exp7190,r905,180,Cleaning
exp7191,r184,140,Electricity
exp7192,r680,170,Cleaning
exp7193,r733,130,Water
exp7194,r986,150,Cleaning
exp7195,r617,150,Cleaning
exp7196,r418,120,Electricity
exp7197,r236,240,Electricity
exp7198,r875,130,Electricity
exp7199,r830,230,Electricity
exp7200,r288,130,Electricity
exp7201,r172,230,Electricity
exp7202,r658,230,Water
exp7203,r261,160,Water
exp7204,r170,180,Water
exp7205,r117,200,Electricity
exp7206,r627,200,Water
exp7207,r306,240,Cleaning
exp7208,r148,200,Cleaning
exp7209,r976,200,Electricity
exp7210,r427,110,Electricity
exp7211,r184,110,Cleaning
exp7212,r646,160,Cleaning
exp7213,r884,190,Electricity
exp7214,r492,250,Electricity
exp7215,r802,230,Electricity
exp7216,r439,150,Water
exp7217,r680,220,Cleaning
exp7218,r803,190,Electricity
exp7219,r303,240,Water
exp7220,r181,210,Cleaning
exp7221,r569,180,Electricity
exp7222,r291,100,Electricity
exp7223,r115,150,Cleaning
exp7224,r148,120,Electricity
exp7225,r681,140,Cleaning
exp7226,r848,200,Electricity
exp7227,r495,180,Electricity
exp7228,r903,110,Electricity
exp7229,r245,150,Cleaning
exp7230,r310,120,Water
exp7231,r663,100,Electricity
exp7232,r975,240,Water
exp7233,r211,130,Water
exp7234,r934,210,Electricity
exp7235,r161,100,Electricity
exp7236,r174,240,Cleaning
exp7237,r844,140,Cleaning
exp7238,r729,240,Water
exp7239,r600,120,Electricity
exp7240,r226,160,Electricity
exp7241,r313,190,Water
exp7242,r279,140,Cleaning
exp7243,r429,250,Cleaning
exp7244,r763,160,Cleaning
exp7245,r430,220,Electricity
exp7246,r977,160,Cleaning
exp7247,r803,180,Cleaning
exp7248,r524,120,Water
exp7249,r904,240,Electricity
exp7250,r375,210,Cleaning
exp7251,r651,190,Cleaning
exp7252,r594,250,Electricity
exp7253,r941,220,Electricity
exp7254,r478,160,Water
exp7255,r234,210,Water
exp7256,r305,220,Electricity
exp7257,r286,200,Cleaning
exp7258,r518,250,Water
exp7259,r871,180,Electricity
exp7260,r529,180,Water
exp7261,r142,190,Electricity
exp7262,r674,170,Cleaning
exp7263,r591,200,Electricity
exp7264,r370,120,Water
exp7265,r145,120,Electricity
exp7266,r564,140,Cleaning
exp7267,r723,140,Cleaning
exp7268,r831,220,Electricity
exp7269,r424,240,Cleaning
exp7270,r907,250,Water
exp7271,r471,100,Cleaning
exp7272,r426,150,Cleaning
exp7273,r571,190,Water
exp7274,r588,200,Cleaning
exp7275,r145,200,Cleaning
exp7276,r937,130,Electricity
exp7277,r735,150,Electricity
exp7278,r256,150,Cleaning
exp7279,r276,190,Water
exp7280,r898,120,Electricity
exp7281,r332,220,Cleaning
exp7282,r466,230,Cleaning
exp7283,r271,130,Electricity
exp7284,r422,250,Electricity
exp7285,r819,240,Water
exp7286,r854,250,Water
exp7287,r626,210,Electricity
exp7288,r286,170,Electricity
exp7289,r312,180,Electricity
exp7290,r479,110,Water
exp7291,r251,170,Water
exp7292,r577,130,Cleaning
exp7293,r683,110,Electricity
exp7294,r880,220,Water
exp7295,r415,120,Electricity
exp7296,r286,120,Electricity
exp7297,r312,250,Cleaning
exp7298,r497,240,Cleaning
exp7299,r952,170,Water
exp7300,r778,190,Cleaning
exp7301,r217,190,Cleaning
exp7302,r120,160,Electricity
exp7303,r233,100,Cleaning
exp7304,r845,210,Electricity
exp7305,r331,210,Water
exp7306,r813,160,Cleaning
exp7307,r669,220,Cleaning
exp7308,r971,250,Electricity
exp7309,r490,160,Cleaning
exp7310,r106,240,Water
exp7311,r823,100,Water
exp7312,r309,130,Water
exp7313,r102,120,Cleaning
exp7314,r487,150,Cleaning
exp7315,r380,150,Cleaning
exp7316,r157,150,Cleaning
exp7317,r590,120,Water
exp7318,r747,230,Cleaning
exp7319,r186,110,Electricity
exp7320,r558,220,Water
exp7321,r838,240,Electricity
exp7322,r578,110,Cleaning
exp7323,r542,160,Electricity
exp7324,r748,180,Cleaning
exp7325,r550,210,Water
exp7326,r778,250,Cleaning
exp7327,r480,140,Electricity
exp7328,r495,160,Water
exp7329,r650,140,Cleaning
exp7330,r665,130,Electricity
exp7331,r456,180,Cleaning
exp7332,r598,140,Cleaning
exp7333,r734,230,Electricity
exp7334,r789,210,Water
exp7335,r838,190,Water
exp7336,r824,150,Water
exp7337,r501,220,Electricity
exp7338,r498,200,Cleaning
exp7339,r334,230,Electricity
exp7340,r150,190,Electricity
exp7341,r266,110,Water
exp7342,r256,190,Water
exp7343,r662,110,Water
exp7344,r872,100,Cleaning
exp7345,r927,170,Cleaning
exp7346,r491,190,Electricity
exp7347,r668,180,Water
exp7348,r129,160,Water
exp7349,r960,120,Electricity
exp7350,r167,240,Water
exp7351,r210,100,Water
exp7352,r179,140,Cleaning
exp7353,r394,110,Water
exp7354,r830,250,Electricity
exp7355,r815,200,Water
exp7356,r353,130,Water
exp7357,r879,110,Cleaning
exp7358,r837,150,Cleaning
exp7359,r337,110,Cleaning
exp7360,r169,220,Electricity
exp7361,r284,220,Cleaning
exp7362,r241,190,Electricity
exp7363,r279,100,Cleaning
exp7364,r428,110,Water
exp7365,r862,100,Water
exp7366,r248,100,Cleaning
exp7367,r765,250,Electricity
exp7368,r518,100,Cleaning
exp7369,r139,100,Water
exp7370,r772,170,Cleaning
exp7371,r164,120,Electricity
exp7372,r689,100,Water
exp7373,r637,200,Cleaning
exp7374,r738,140,Water
exp7375,r241,230,Water
exp7376,r943,250,Cleaning
exp7377,r980,180,Electricity
exp7378,r221,250,Electricity
exp7379,r588,180,Electricity
exp7380,r981,140,Water
exp7381,r924,100,Cleaning
exp7382,r702,250,Electricity
exp7383,r938,230,Electricity
exp7384,r584,170,Cleaning
exp7385,r585,120,Cleaning
exp7386,r247,120,Cleaning
exp7387,r131,200,Cleaning
exp7388,r218,100,Cleaning
exp7389,r936,120,Electricity
exp7390,r867,110,Electricity
exp7391,r147,180,Cleaning
exp7392,r491,110,Cleaning
exp7393,r485,150,Water
exp7394,r516,140,Electricity
exp7395,r728,210,Water
exp7396,r484,100,Water
exp7397,r795,110,Electricity
exp7398,r299,140,Water
exp7399,r557,250,Water
exp7400,r255,120,Electricity
exp7401,r589,160,Cleaning
exp7402,r183,150,Cleaning
exp7403,r526,130,Electricity
exp7404,r183,220,Water
exp7405,r203,210,Electricity
exp7406,r556,120,Cleaning
exp7407,r328,130,Water
exp7408,r690,140,Cleaning
exp7409,r253,240,Electricity
exp7410,r897,250,Electricity
exp7411,r397,130,Water
exp7412,r244,170,Cleaning
exp7413,r966,100,Cleaning
exp7414,r159,160,Electricity
exp7415,r368,130,Electricity
exp7416,r783,230,Electricity
exp7417,r491,200,Water
exp7418,r451,210,Electricity
exp7419,r767,190,Cleaning
exp7420,r327,250,Cleaning
exp7421,r177,230,Water
exp7422,r245,130,Electricity
exp7423,r737,100,Water
exp7424,r592,190,Water
exp7425,r629,120,Water
exp7426,r107,130,Cleaning
exp7427,r188,110,Cleaning
exp7428,r402,100,Cleaning
exp7429,r932,130,Cleaning
exp7430,r825,100,Electricity
exp7431,r266,160,Cleaning
exp7432,r606,150,Water
exp7433,r483,150,Cleaning
exp7434,r634,200,Electricity
exp7435,r401,170,Electricity
exp7436,r614,250,Water
exp7437,r397,170,Electricity
exp7438,r474,230,Electricity
exp7439,r169,220,Electricity
exp7440,r849,230,Cleaning
exp7441,r155,110,Water
exp7442,r721,130,Electricity
exp7443,r892,120,Water
exp7444,r485,200,Cleaning
exp7445,r245,170,Cleaning
exp7446,r318,160,Water
exp7447,r657,220,Cleaning
exp7448,r302,110,Cleaning
exp7449,r973,190,Electricity
exp7450,r784,220,Electricity
exp7451,r171,140,Water
exp7452,r996,220,Water
exp7453,r810,130,Water
exp7454,r854,190,Electricity
exp7455,r363,190,Cleaning
exp7456,r776,150,Water
exp7457,r567,100,Water
exp7458,r582,190,Cleaning
exp7459,r701,100,Cleaning
exp7460,r902,200,Cleaning
exp7461,r264,160,Water
exp7462,r564,200,Electricity
exp7463,r836,180,Water
exp7464,r666,160,Cleaning
exp7465,r533,240,Cleaning
exp7466,r187,240,Water
exp7467,r110,220,Water
exp7468,r392,240,Electricity
exp7469,r247,110,Water
exp7470,r233,210,Cleaning
exp7471,r130,240,Cleaning
exp7472,r990,110,Water
exp7473,r867,100,Cleaning
exp7474,r717,250,Water
exp7475,r499,160,Water
exp7476,r903,170,Electricity
exp7477,r473,160,Electricity
exp7478,r785,220,Water
exp7479,r284,100,Water
exp7480,r768,210,Electricity
exp7481,r381,240,Water
exp7482,r520,180,Cleaning
exp7483,r455,230,Electricity
exp7484,r687,180,Cleaning
exp7485,r960,160,Water
exp7486,r962,160,Cleaning
exp7487,r256,200,Electricity
exp7488,r309,200,Water
exp7489,r152,120,Electricity
exp7490,r503,240,Water
exp7491,r503,140,Water
exp7492,r381,200,Water
exp7493,r281,180,Water
exp7494,r871,110,Cleaning
exp7495,r830,250,Cleaning
exp7496,r420,120,Electricity
exp7497,r162,250,Electricity
exp7498,r323,130,Electricity
exp7499,r211,110,Electricity
exp7500,r157,100,Cleaning
exp7501,r853,150,Electricity
exp7502,r401,240,Water
exp7503,r537,140,Water
exp7504,r296,130,Cleaning
exp7505,r905,200,Cleaning
exp7506,r950,180,Cleaning
exp7507,r364,150,Electricity
exp7508,r107,160,Cleaning
exp7509,r621,170,Electricity
exp7510,r562,170,Electricity
exp7511,r903,220,Electricity
exp7512,r528,190,Cleaning
exp7513,r400,240,Cleaning
exp7514,r768,220,Electricity
exp7515,r270,110,Electricity
exp7516,r943,230,Cleaning
exp7517,r567,230,Cleaning
exp7518,r450,120,Electricity
exp7519,r571,200,Water
exp7520,r241,190,Cleaning
exp7521,r411,220,Electricity
exp7522,r758,210,Cleaning
exp7523,r424,140,Water
exp7524,r949,160,Electricity
exp7525,r644,250,Cleaning
exp7526,r815,240,Electricity
exp7527,r813,150,Cleaning
exp7528,r820,120,Electricity
exp7529,r215,250,Electricity
exp7530,r165,220,Electricity
exp7531,r652,200,Cleaning
exp7532,r904,110,Water
exp7533,r462,250,Cleaning
exp7534,r632,120,Electricity
exp7535,r567,190,Electricity
exp7536,r115,180,Electricity
exp7537,r223,110,Water
exp7538,r314,220,Water
exp7539,r764,150,Electricity
exp7540,r628,120,Electricity
exp7541,r970,160,Water
exp7542,r222,210,Water
exp7543,r917,120,Water
exp7544,r262,180,Water
exp7545,r596,140,Cleaning
exp7546,r308,190,Electricity
exp7547,r724,220,Water
exp7548,r455,160,Cleaning
exp7549,r965,220,Water
exp7550,r405,160,Electricity
exp7551,r532,230,Water
exp7552,r808,130,Electricity
exp7553,r109,120,Electricity
exp7554,r578,130,Electricity
exp7555,r754,120,Cleaning
exp7556,r352,220,Cleaning
exp7557,r606,130,Cleaning
exp7558,r954,120,Electricity
exp7559,r292,190,Cleaning
exp7560,r798,110,Water
exp7561,r542,140,Water
exp7562,r542,140,Electricity
exp7563,r433,200,Cleaning
exp7564,r985,230,Electricity
exp7565,r659,160,Water
exp7566,r166,100,Cleaning
exp7567,r835,130,Electricity
exp7568,r547,130,Water
exp7569,r341,120,Cleaning
exp7570,r493,230,Electricity
exp7571,r396,210,Cleaning
exp7572,r164,130,Water
exp7573,r345,210,Cleaning
exp7574,r247,110,Water
exp7575,r728,140,Water
exp7576,r930,230,Water
exp7577,r925,100,Water
exp7578,r843,220,Cleaning
exp7579,r743,220,Water
exp7580,r359,230,Cleaning
exp7581,r306,170,Cleaning
exp7582,r371,140,Cleaning
exp7583,r989,150,Cleaning
exp7584,r234,200,Cleaning
exp7585,r463,170,Water
exp7586,r819,100,Electricity
exp7587,r685,140,Cleaning
exp7588,r232,140,Water
exp7589,r481,110,Water
exp7590,r254,100,Water
exp7591,r286,240,Electricity
exp7592,r727,210,Water
exp7593,r726,230,Water
exp7594,r106,160,Electricity
exp7595,r439,210,Cleaning
exp7596,r888,180,Electricity
exp7597,r365,230,Cleaning
exp7598,r680,130,Water
exp7599,r923,150,Electricity
exp7600,r440,240,Electricity
exp7601,r148,130,Water
exp7602,r390,100,Water
exp7603,r762,150,Cleaning
exp7604,r989,230,Electricity
exp7605,r136,250,Water
exp7606,r176,120,Electricity
exp7607,r805,120,Water
exp7608,r204,190,Electricity
exp7609,r782,200,Electricity
exp7610,r902,160,Water
exp7611,r468,150,Cleaning
exp7612,r631,110,Water
exp7613,r584,180,Water
exp7614,r214,210,Electricity
exp7615,r138,180,Electricity
exp7616,r210,110,Cleaning
exp7617,r278,210,Water
exp7618,r416,150,Water
exp7619,r757,220,Water
exp7620,r594,140,Water
exp7621,r264,210,Electricity
exp7622,r700,120,Water
exp7623,r731,230,Cleaning
exp7624,r112,130,Water
exp7625,r497,150,Electricity
exp7626,r708,210,Water
exp7627,r108,220,Cleaning
exp7628,r966,220,Cleaning
exp7629,r307,230,Cleaning
exp7630,r394,170,Cleaning
exp7631,r588,200,Electricity
exp7632,r998,180,Electricity
exp7633,r694,170,Cleaning
exp7634,r265,150,Cleaning
exp7635,r835,140,Electricity
exp7636,r270,200,Electricity
exp7637,r680,150,Cleaning
exp7638,r413,230,Water
exp7639,r495,110,Water
exp7640,r538,240,Cleaning
exp7641,r604,160,Electricity
exp7642,r358,100,Water
exp7643,r603,210,Water
exp7644,r540,220,Cleaning
exp7645,r483,170,Water
exp7646,r159,160,Cleaning
exp7647,r471,200,Electricity
exp7648,r908,120,Cleaning
exp7649,r592,240,Electricity
exp7650,r599,160,Cleaning
exp7651,r863,220,Cleaning
exp7652,r962,230,Water
exp7653,r741,240,Electricity
exp7654,r754,220,Cleaning
exp7655,r289,190,Cleaning
exp7656,r294,220,Cleaning
exp7657,r665,210,Electricity
exp7658,r459,180,Electricity
exp7659,r791,230,Water
exp7660,r643,250,Cleaning
exp7661,r875,100,Water
exp7662,r508,110,Cleaning
exp7663,r129,210,Water
exp7664,r574,240,Cleaning
exp7665,r605,110,Cleaning
exp7666,r866,140,Water
exp7667,r951,140,Water
exp7668,r507,230,Water
exp7669,r133,180,Cleaning
exp7670,r747,250,Electricity
exp7671,r407,200,Cleaning
exp7672,r767,210,Water
exp7673,r729,220,Water
exp7674,r766,160,Cleaning
exp7675,r959,150,Cleaning
exp7676,r546,250,Cleaning
exp7677,r859,210,Water
exp7678,r798,100,Water
exp7679,r350,180,Water
exp7680,r793,110,Water
exp7681,r238,190,Cleaning
exp7682,r541,200,Electricity
exp7683,r946,120,Electricity
exp7684,r944,240,Electricity
exp7685,r431,120,Electricity
exp7686,r574,100,Water
exp7687,r284,140,Cleaning
exp7688,r760,180,Electricity
exp7689,r149,110,Water
exp7690,r642,190,Water
exp7691,r262,230,Water
exp7692,r736,210,Cleaning
exp7693,r554,130,Cleaning
exp7694,r157,240,Electricity
exp7695,r445,130,Electricity
exp7696,r220,180,Water
exp7697,r759,200,Electricity
exp7698,r460,160,Water
exp7699,r851,130,Cleaning
exp7700,r447,150,Water
exp7701,r432,210,Water
exp7702,r684,200,Electricity
exp7703,r877,240,Water
exp7704,r943,180,Electricity
exp7705,r648,150,Water
exp7706,r907,120,Electricity
exp7707,r316,240,Cleaning
exp7708,r347,170,Electricity
exp7709,r120,240,Water
exp7710,r393,110,Electricity
exp7711,r512,190,Water
exp7712,r591,160,Electricity
exp7713,r781,120,Electricity
exp7714,r601,250,Cleaning
exp7715,r669,110,Water
exp7716,r949,220,Electricity
exp7717,r416,180,Water
exp7718,r664,130,Water
exp7719,r841,120,Electricity
exp7720,r777,240,Cleaning
exp7721,r978,220,Water
exp7722,r798,240,Electricity
exp7723,r121,140,Cleaning
exp7724,r645,190,Cleaning
exp7725,r476,190,Water
exp7726,r396,200,Water
exp7727,r171,140,Electricity
exp7728,r741,170,Cleaning
exp7729,r271,110,Water
exp7730,r127,230,Electricity
exp7731,r464,200,Water
exp7732,r279,120,Electricity
exp7733,r786,170,Electricity
exp7734,r996,130,Water
exp7735,r498,200,Electricity
exp7736,r117,220,Electricity
exp7737,r486,160,Cleaning
exp7738,r433,110,Water
exp7739,r528,150,Electricity
exp7740,r638,140,Cleaning
exp7741,r659,220,Cleaning
exp7742,r223,190,Water
exp7743,r393,180,Electricity
exp7744,r310,220,Water
exp7745,r235,120,Cleaning
exp7746,r828,180,Cleaning
exp7747,r156,100,Cleaning
exp7748,r829,220,Water
exp7749,r753,140,Electricity
exp7750,r188,130,Cleaning
exp7751,r945,240,Electricity
exp7752,r442,210,Cleaning
exp7753,r237,250,Electricity
exp7754,r734,220,Water
exp7755,r846,130,Cleaning
exp7756,r715,120,Electricity
exp7757,r432,160,Cleaning
exp7758,r911,250,Electricity
exp7759,r133,130,Cleaning
exp7760,r242,190,Electricity
exp7761,r133,160,Cleaning
exp7762,r131,140,Electricity
exp7763,r458,210,Cleaning
exp7764,r556,250,Water
exp7765,r603,140,Electricity
exp7766,r758,120,Water
exp7767,r574,150,Water
exp7768,r937,250,Water
exp7769,r775,170,Cleaning
exp7770,r967,140,Water
exp7771,r607,100,Electricity
exp7772,r944,100,Cleaning
exp7773,r716,240,Electricity
exp7774,r761,210,Water
exp7775,r755,160,Water
exp7776,r170,100,Water
exp7777,r673,210,Cleaning
exp7778,r957,210,Cleaning
exp7779,r411,150,Cleaning
exp7780,r300,100,Electricity
exp7781,r133,160,Water
exp7782,r781,110,Electricity
exp7783,r614,210,Water
exp7784,r226,120,Water
exp7785,r737,100,Water
exp7786,r848,240,Water
exp7787,r181,240,Cleaning
exp7788,r571,120,Water
exp7789,r942,190,Electricity
exp7790,r863,200,Water
exp7791,r791,160,Water
exp7792,r988,150,Cleaning
exp7793,r492,220,Water
exp7794,r371,240,Water
exp7795,r379,110,Water
exp7796,r168,130,Electricity
exp7797,r638,130,Electricity
exp7798,r831,190,Cleaning
exp7799,r598,250,Water
exp7800,r190,220,Electricity
exp7801,r165,140,Electricity
exp7802,r164,120,Cleaning
exp7803,r700,210,Electricity
exp7804,r968,190,Water
exp7805,r767,240,Water
exp7806,r865,120,Cleaning
exp7807,r633,160,Cleaning
exp7808,r906,240,Electricity
exp7809,r586,100,Cleaning
exp7810,r465,110,Cleaning
exp7811,r439,130,Water
exp7812,r573,170,Water
exp7813,r669,190,Water
exp7814,r479,100,Water
exp7815,r886,200,Water
exp7816,r569,240,Electricity
exp7817,r231,120,Electricity
exp7818,r320,120,Electricity
exp7819,r375,220,Electricity
exp7820,r984,110,Cleaning
exp7821,r851,120,Electricity
exp7822,r482,220,Electricity
exp7823,r788,140,Electricity
exp7824,r774,100,Electricity
exp7825,r677,180,Electricity
exp7826,r308,110,Electricity
exp7827,r809,150,Cleaning
exp7828,r526,150,Electricity
exp7829,r667,100,Water
exp7830,r433,210,Cleaning
exp7831,r433,170,Water
exp7832,r709,250,Water
exp7833,r802,190,Water
exp7834,r915,190,Water
exp7835,r609,180,Cleaning
exp7836,r969,250,Cleaning
exp7837,r988,180,Cleaning
exp7838,r350,180,Water
exp7839,r104,180,Water
exp7840,r481,220,Cleaning
exp7841,r511,180,Water
exp7842,r370,230,Electricity
exp7843,r364,130,Cleaning
exp7844,r863,230,Electricity
exp7845,r406,190,Water
exp7846,r785,210,Cleaning
exp7847,r187,170,Water
exp7848,r453,110,Electricity
exp7849,r327,120,Water
exp7850,r406,170,Cleaning
exp7851,r512,110,Electricity
exp7852,r173,220,Water
exp7853,r622,110,Cleaning
exp7854,r229,200,Water
exp7855,r721,170,Cleaning
exp7856,r886,190,Water
exp7857,r901,110,Cleaning
exp7858,r913,200,Electricity
exp7859,r511,120,Cleaning
exp7860,r242,190,Electricity
exp7861,r456,230,Cleaning
exp7862,r743,210,Water
exp7863,r187,160,Water
exp7864,r384,240,Cleaning
exp7865,r221,130,Cleaning
exp7866,r488,170,Water
exp7867,r272,180,Electricity
exp7868,r891,130,Water
exp7869,r659,100,Electricity
exp7870,r678,150,Cleaning
exp7871,r595,160,Electricity
exp7872,r316,150,Cleaning
exp7873,r957,170,Cleaning
exp7874,r192,120,Cleaning
exp7875,r264,100,Water
exp7876,r448,210,Water
exp7877,r105,200,Electricity
exp7878,r185,170,Electricity
exp7879,r108,220,Water
exp7880,r391,230,Water
exp7881,r464,250,Cleaning
exp7882,r885,240,Cleaning
exp7883,r366,110,Electricity
exp7884,r970,110,Cleaning
exp7885,r383,130,Cleaning
exp7886,r664,100,Electricity
exp7887,r903,240,Cleaning
exp7888,r908,250,Water
exp7889,r869,120,Electricity
exp7890,r703,220,Electricity
exp7891,r809,140,Electricity
exp7892,r398,150,Water
exp7893,r716,100,Electricity
exp7894,r918,160,Cleaning
exp7895,r471,190,Cleaning
exp7896,r825,200,Water
exp7897,r589,250,Cleaning
exp7898,r738,240,Water
exp7899,r590,160,Electricity
exp7900,r686,180,Electricity
exp7901,r884,120,Water
exp7902,r333,230,Water
exp7903,r292,230,Cleaning
exp7904,r358,170,Electricity
exp7905,r955,220,Cleaning
exp7906,r511,170,Electricity
exp7907,r359,170,Cleaning
exp7908,r532,220,Electricity
exp7909,r272,230,Water
exp7910,r696,210,Water
exp7911,r203,120,Water
exp7912,r674,210,Cleaning
exp7913,r183,250,Water
exp7914,r533,200,Cleaning
exp7915,r219,160,Cleaning
exp7916,r323,190,Cleaning
exp7917,r480,230,Electricity
exp7918,r560,130,Electricity
exp7919,r792,180,Electricity
exp7920,r653,220,Water
exp7921,r898,250,Electricity
exp7922,r269,110,Water
exp7923,r722,140,Water
exp7924,r199,110,Cleaning
exp7925,r106,120,Electricity
exp7926,r541,220,Water
exp7927,r948,180,Cleaning
exp7928,r836,230,Water
exp7929,r951,200,Cleaning
exp7930,r736,200,Water
exp7931,r617,200,Water
exp7932,r905,240,Electricity
exp7933,r819,130,Water
exp7934,r461,160,Cleaning
exp7935,r946,170,Electricity
exp7936,r300,100,Electricity
exp7937,r129,240,Water
exp7938,r604,160,Electricity
exp7939,r752,130,Electricity
exp7940,r655,120,Cleaning
exp7941,r787,190,Cleaning
exp7942,r889,200,Water
exp7943,r635,240,Water
exp7944,r436,140,Cleaning
exp7945,r993,190,Water
exp7946,r294,130,Cleaning
exp7947,r382,130,Water
exp7948,r799,220,Electricity
exp7949,r380,110,Electricity
exp7950,r907,100,Water
exp7951,r911,210,Cleaning
exp7952,r947,220,Water
exp7953,r828,210,Electricity
exp7954,r544,140,Water
exp7955,r360,250,Cleaning
exp7956,r930,100,Electricity
exp7957,r133,250,Water
exp7958,r862,210,Cleaning
exp7959,r488,230,Cleaning
exp7960,r125,150,Electricity
exp7961,r183,230,Water
exp7962,r332,230,Water
exp7963,r384,160,Water
exp7964,r133,190,Cleaning
exp7965,r967,250,Cleaning
exp7966,r502,100,Water
exp7967,r357,250,Electricity
exp7968,r799,220,Cleaning
exp7969,r404,220,Electricity
exp7970,r685,200,Water
exp7971,r497,140,Water
exp7972,r712,190,Electricity
exp7973,r405,250,Cleaning
exp7974,r507,150,Water
exp7975,r404,170,Water
exp7976,r646,180,Cleaning
exp7977,r407,140,Electricity
exp7978,r706,210,Water
exp7979,r510,110,Water
exp7980,r774,230,Cleaning
exp7981,r523,130,Electricity
exp7982,r211,190,Cleaning
exp7983,r573,160,Water
exp7984,r687,190,Cleaning
exp7985,r172,230,Electricity
exp7986,r577,190,Electricity
exp7987,r603,110,Water
exp7988,r849,160,Water
exp7989,r609,120,Cleaning
exp7990,r871,160,Water
exp7991,r227,240,Water
exp7992,r226,210,Cleaning
exp7993,r573,210,Electricity
exp7994,r760,100,Water
exp7995,r275,170,Water
exp7996,r800,160,Electricity
exp7997,r294,240,Electricity
exp7998,r205,200,Water
exp7999,r255,110,Cleaning
exp8000,r874,240,Electricity
exp8001,r868,200,Cleaning
exp8002,r192,110,Electricity
exp8003,r334,200,Electricity
exp8004,r364,130,Water
exp8005,r607,200,Water
exp8006,r298,150,Water
exp8007,r333,190,Cleaning
exp8008,r281,140,Cleaning
exp8009,r805,230,Cleaning
exp8010,r833,190,Water
exp8011,r161,120,Electricity
exp8012,r259,220,Electricity
exp8013,r137,130,Water
exp8014,r974,190,Cleaning
exp8015,r642,160,Water
exp8016,r338,190,Cleaning
exp8017,r842,240,Electricity
exp8018,r907,130,Cleaning
exp8019,r259,160,Water
exp8020,r967,120,Electricity
exp8021,r667,100,Cleaning
exp8022,r421,240,Water
exp8023,r569,230,Electricity
exp8024,r503,190,Water
exp8025,r144,210,Water
exp8026,r812,170,Cleaning
exp8027,r673,240,Water
exp8028,r577,150,Water
exp8029,r849,120,Electricity
exp8030,r526,200,Cleaning
exp8031,r700,180,Water
exp8032,r391,180,Cleaning
exp8033,r699,250,Cleaning
exp8034,r592,240,Cleaning
exp8035,r295,150,Cleaning
exp8036,r907,210,Cleaning
exp8037,r590,140,Cleaning
exp8038,r201,170,Cleaning
exp8039,r197,200,Electricity
exp8040,r248,120,Electricity
exp8041,r721,100,Water
exp8042,r555,170,Cleaning
exp8043,r902,130,Electricity
exp8044,r941,220,Cleaning
exp8045,r806,160,Water
exp8046,r887,150,Cleaning
exp8047,r605,210,Water
exp8048,r115,170,Water
exp8049,r415,130,Water
exp8050,r986,220,Cleaning
exp8051,r590,140,Electricity
exp8052,r456,170,Cleaning
exp8053,r707,140,Electricity
exp8054,r446,130,Cleaning
exp8055,r586,120,Water
exp8056,r845,150,Cleaning
exp8057,r332,180,Water
exp8058,r267,120,Water
exp8059,r534,100,Cleaning
exp8060,r736,110,Water
exp8061,r493,240,Water
exp8062,r261,220,Cleaning
exp8063,r740,110,Electricity
exp8064,r814,220,Water
exp8065,r768,240,Cleaning
exp8066,r485,180,Electricity
exp8067,r479,220,Cleaning
exp8068,r290,220,Electricity
exp8069,r717,160,Cleaning
exp8070,r557,120,Water
exp8071,r790,230,Electricity
exp8072,r548,130,Water
exp8073,r282,220,Water
exp8074,r137,110,Electricity
exp8075,r449,180,Water
exp8076,r327,180,Electricity
exp8077,r970,220,Electricity
exp8078,r469,170,Water
exp8079,r645,150,Cleaning
exp8080,r773,140,Electricity
exp8081,r382,250,Electricity
exp8082,r937,140,Water
exp8083,r839,160,Water
exp8084,r949,240,Water
exp8085,r375,230,Water
exp8086,r143,140,Water
exp8087,r875,230,Water
exp8088,r574,240,Water
exp8089,r273,240,Electricity
exp8090,r489,160,Water
exp8091,r908,250,Electricity
exp8092,r779,200,Cleaning
exp8093,r864,240,Cleaning
exp8094,r655,240,Water
exp8095,r239,160,Cleaning
exp8096,r617,230,Cleaning
exp8097,r771,240,Cleaning
exp8098,r715,100,Water
exp8099,r775,230,Water
exp8100,r876,210,Cleaning
exp8101,r243,110,Electricity
exp8102,r644,160,Cleaning
exp8103,r436,150,Cleaning
exp8104,r966,100,Water
exp8105,r165,240,Water
exp8106,r761,160,Cleaning
exp8107,r603,230,Water
exp8108,r813,150,Electricity
exp8109,r864,220,Cleaning
exp8110,r346,150,Electricity
exp8111,r565,190,Water
exp8112,r470,170,Electricity
exp8113,r469,110,Electricity
exp8114,r322,230,Cleaning
exp8115,r506,240,Water
exp8116,r890,180,Water
exp8117,r239,180,Cleaning
exp8118,r934,110,Cleaning
exp8119,r282,210,Cleaning
exp8120,r495,220,Electricity
exp8121,r323,230,Water
exp8122,r632,230,Cleaning
exp8123,r428,210,Electricity
exp8124,r526,170,Cleaning
exp8125,r466,110,Electricity
exp8126,r502,230,Cleaning
exp8127,r709,150,Cleaning
exp8128,r659,110,Water
exp8129,r285,240,Electricity
exp8130,r422,180,Electricity
exp8131,r157,200,Cleaning
exp8132,r684,230,Cleaning
exp8133,r414,240,Cleaning
exp8134,r951,200,Cleaning
exp8135,r946,160,Electricity
exp8136,r308,100,Water
exp8137,r795,250,Cleaning
exp8138,r408,100,Cleaning
exp8139,r720,150,Cleaning
exp8140,r107,120,Electricity
exp8141,r187,250,Water
exp8142,r834,140,Cleaning
exp8143,r208,110,Electricity
exp8144,r472,100,Water
exp8145,r367,150,Electricity
exp8146,r501,240,Water
exp8147,r608,250,Electricity
exp8148,r506,100,Water
exp8149,r182,120,Cleaning
exp8150,r372,180,Electricity
exp8151,r718,100,Water
exp8152,r795,170,Cleaning
exp8153,r661,110,Water
exp8154,r477,110,Cleaning
exp8155,r943,150,Water
exp8156,r423,230,Water
exp8157,r447,250,Cleaning
exp8158,r209,230,Electricity
exp8159,r931,240,Electricity
exp8160,r486,170,Electricity
exp8161,r926,160,Cleaning
exp8162,r761,210,Cleaning
exp8163,r710,150,Water
exp8164,r275,130,Cleaning
exp8165,r795,190,Cleaning
exp8166,r760,150,Cleaning
exp8167,r116,250,Cleaning
exp8168,r934,250,Electricity
exp8169,r645,220,Water
exp8170,r258,130,Electricity
exp8171,r609,150,Water
exp8172,r651,160,Water
exp8173,r677,120,Water
exp8174,r235,100,Electricity
exp8175,r520,160,Cleaning
exp8176,r118,250,Electricity
exp8177,r873,200,Water
exp8178,r511,100,Water
exp8179,r441,160,Electricity
exp8180,r599,190,Electricity
exp8181,r405,150,Water
exp8182,r627,130,Electricity
exp8183,r469,130,Cleaning
exp8184,r164,220,Water
exp8185,r939,110,Cleaning
exp8186,r384,210,Cleaning
exp8187,r370,150,Electricity
exp8188,r235,150,Cleaning
exp8189,r304,220,Cleaning
exp8190,r895,230,Cleaning
exp8191,r384,190,Electricity
exp8192,r875,160,Water
exp8193,r278,150,Cleaning
exp8194,r690,130,Cleaning
exp8195,r833,170,Electricity
exp8196,r384,220,Water
exp8197,r446,130,Water
exp8198,r954,150,Water
exp8199,r958,200,Water
exp8200,r207,160,Cleaning
exp8201,r983,170,Electricity
exp8202,r599,230,Electricity
exp8203,r734,210,Cleaning
exp8204,r365,230,Cleaning
exp8205,r499,220,Water
exp8206,r460,120,Electricity
exp8207,r327,170,Cleaning
exp8208,r587,110,Electricity
exp8209,r375,130,Cleaning
exp8210,r227,130,Electricity
exp8211,r230,150,Water
exp8212,r395,220,Electricity
exp8213,r447,110,Cleaning
exp8214,r688,160,Electricity
exp8215,r489,160,Cleaning
exp8216,r352,190,Water
exp8217,r312,220,Cleaning
exp8218,r592,150,Electricity
exp8219,r498,230,Cleaning
exp8220,r144,130,Cleaning
exp8221,r432,160,Electricity
exp8222,r648,210,Water
exp8223,r908,170,Water
exp8224,r392,180,Electricity
exp8225,r555,130,Electricity
exp8226,r510,180,Cleaning
exp8227,r363,160,Water
exp8228,r796,200,Cleaning
exp8229,r230,140,Water
exp8230,r558,150,Water
exp8231,r904,170,Electricity
exp8232,r223,240,Water
exp8233,r561,100,Water
exp8234,r190,230,Cleaning
exp8235,r831,130,Water
exp8236,r182,180,Electricity
exp8237,r766,170,Water
exp8238,r501,120,Electricity
exp8239,r436,250,Water
exp8240,r696,240,Water
exp8241,r575,160,Cleaning
exp8242,r232,150,Electricity
exp8243,r430,190,Cleaning
exp8244,r184,170,Electricity
exp8245,r254,110,Water
exp8246,r716,180,Cleaning
exp8247,r480,220,Cleaning
exp8248,r180,190,Cleaning
exp8249,r557,120,Electricity
exp8250,r266,150,Electricity
exp8251,r375,200,Electricity
exp8252,r505,190,Electricity
exp8253,r519,200,Electricity
exp8254,r816,230,Cleaning
exp8255,r149,100,Water
exp8256,r598,250,Water
exp8257,r210,210,Electricity
exp8258,r749,150,Water
exp8259,r778,100,Water
exp8260,r174,230,Electricity
exp8261,r903,230,Water
exp8262,r488,190,Cleaning
exp8263,r826,170,Water
exp8264,r298,150,Electricity
exp8265,r322,110,Water
exp8266,r941,220,Electricity
exp8267,r518,100,Electricity
exp8268,r732,220,Electricity
exp8269,r201,160,Water
exp8270,r798,220,Water
exp8271,r815,210,Cleaning
exp8272,r412,240,Water
exp8273,r203,170,Cleaning
exp8274,r220,230,Water
exp8275,r135,200,Water
exp8276,r523,130,Water
exp8277,r201,140,Cleaning
exp8278,r834,120,Cleaning
exp8279,r801,170,Water
exp8280,r285,140,Water
exp8281,r411,110,Electricity
exp8282,r329,210,Water
exp8283,r375,250,Electricity
exp8284,r664,180,Cleaning
exp8285,r463,140,Water
exp8286,r883,110,Cleaning
exp8287,r328,190,Electricity
exp8288,r909,170,Cleaning
exp8289,r385,110,Electricity
exp8290,r104,140,Cleaning
exp8291,r721,100,Cleaning
exp8292,r825,230,Electricity
exp8293,r320,100,Cleaning
exp8294,r462,150,Water
exp8295,r420,220,Cleaning
exp8296,r475,210,Water
exp8297,r301,130,Cleaning
exp8298,r184,120,Water
exp8299,r404,160,Water
exp8300,r774,110,Electricity
exp8301,r139,230,Cleaning
exp8302,r306,180,Water
exp8303,r549,120,Cleaning
exp8304,r523,250,Electricity
exp8305,r392,170,Cleaning
exp8306,r942,240,Cleaning
exp8307,r998,130,Water
exp8308,r609,140,Water
exp8309,r108,180,Electricity
exp8310,r272,200,Water
exp8311,r342,180,Electricity
exp8312,r306,220,Cleaning
exp8313,r919,220,Water
exp8314,r272,230,Cleaning
exp8315,r751,150,Cleaning
exp8316,r667,210,Electricity
exp8317,r296,220,Cleaning
exp8318,r724,230,Electricity
exp8319,r533,170,Electricity
exp8320,r872,130,Water
exp8321,r349,240,Cleaning
exp8322,r795,220,Cleaning
exp8323,r359,170,Electricity
exp8324,r699,170,Electricity
exp8325,r102,150,Water
exp8326,r750,170,Cleaning
exp8327,r251,250,Electricity
exp8328,r254,250,Water
exp8329,r130,200,Cleaning
exp8330,r836,190,Water
exp8331,r511,150,Water
exp8332,r625,200,Cleaning
exp8333,r653,160,Water
exp8334,r212,210,Water
exp8335,r672,250,Cleaning
exp8336,r820,140,Electricity
exp8337,r199,110,Cleaning
exp8338,r895,170,Cleaning
exp8339,r549,130,Cleaning
exp8340,r289,180,Water
exp8341,r713,180,Water
exp8342,r925,140,Electricity
exp8343,r805,230,Electricity
exp8344,r638,140,Cleaning
exp8345,r318,230,Electricity
exp8346,r804,130,Cleaning
exp8347,r724,230,Cleaning
exp8348,r292,250,Cleaning
exp8349,r189,100,Cleaning
exp8350,r881,180,Water
exp8351,r345,130,Cleaning
exp8352,r199,120,Cleaning
exp8353,r226,110,Water
exp8354,r889,160,Electricity
exp8355,r113,180,Electricity
exp8356,r277,140,Electricity
exp8357,r348,210,Electricity
exp8358,r803,170,Cleaning
exp8359,r748,140,Cleaning
exp8360,r916,100,Water
exp8361,r955,240,Water
exp8362,r865,200,Water
exp8363,r642,200,Water
exp8364,r344,220,Water
exp8365,r966,110,Water
exp8366,r432,220,Electricity
exp8367,r192,120,Water
exp8368,r847,230,Cleaning
exp8369,r416,110,Electricity
exp8370,r360,140,Water
exp8371,r652,250,Water
exp8372,r803,230,Electricity
exp8373,r495,200,Electricity
exp8374,r113,200,Water
exp8375,r717,210,Electricity
exp8376,r268,170,Cleaning
exp8377,r548,150,Water
exp8378,r241,120,Cleaning
exp8379,r650,200,Cleaning
exp8380,r492,250,Water
exp8381,r456,180,Electricity
exp8382,r948,160,Cleaning
exp8383,r263,250,Water
exp8384,r623,230,Electricity
exp8385,r582,230,Water
exp8386,r505,100,Electricity
exp8387,r568,120,Cleaning
exp8388,r262,170,Cleaning
exp8389,r638,110,Cleaning
exp8390,r750,200,Water
exp8391,r614,100,Water
exp8392,r858,230,Electricity
exp8393,r182,160,Cleaning
exp8394,r130,220,Electricity
exp8395,r736,130,Cleaning
exp8396,r833,250,Cleaning
exp8397,r662,250,Cleaning
exp8398,r870,220,Electricity
exp8399,r918,240,Electricity
exp8400,r165,200,Cleaning
exp8401,r444,140,Electricity
exp8402,r620,220,Water
exp8403,r556,200,Cleaning
exp8404,r909,200,Electricity
exp8405,r102,200,Water
exp8406,r469,130,Water
exp8407,r224,250,Electricity
exp8408,r399,120,Electricity
exp8409,r968,110,Electricity
exp8410,r601,240,Cleaning
exp8411,r992,100,Electricity
exp8412,r268,140,Cleaning
exp8413,r842,230,Cleaning
exp8414,r932,160,Cleaning
exp8415,r107,120,Electricity
exp8416,r235,170,Electricity
exp8417,r502,110,Water
exp8418,r750,160,Water
exp8419,r430,170,Water
exp8420,r116,140,Electricity
exp8421,r815,230,Water
exp8422,r789,100,Cleaning
exp8423,r571,160,Water
exp8424,r852,220,Electricity
exp8425,r597,140,Water
exp8426,r319,120,Electricity
exp8427,r671,160,Cleaning
exp8428,r206,230,Water
exp8429,r246,120,Cleaning
exp8430,r342,170,Electricity
exp8431,r956,130,Electricity
exp8432,r516,140,Cleaning
exp8433,r326,200,Electricity
exp8434,r583,120,Water
exp8435,r949,190,Electricity
exp8436,r818,220,Cleaning
exp8437,r229,250,Electricity
exp8438,r541,190,Electricity
exp8439,r799,210,Water
exp8440,r332,170,Water
exp8441,r590,160,Electricity
exp8442,r718,150,Cleaning
exp8443,r376,120,Water
exp8444,r320,190,Electricity
exp8445,r790,220,Electricity
exp8446,r515,170,Cleaning
exp8447,r946,130,Cleaning
exp8448,r452,190,Cleaning
exp8449,r994,120,Water
exp8450,r979,240,Cleaning
exp8451,r416,220,Cleaning
exp8452,r383,130,Water
exp8453,r430,160,Cleaning
exp8454,r202,100,Water
exp8455,r949,250,Electricity
exp8456,r672,250,Electricity
exp8457,r853,220,Electricity
exp8458,r683,100,Water
exp8459,r606,180,Electricity
exp8460,r234,140,Cleaning
exp8461,r482,210,Cleaning
exp8462,r954,210,Cleaning
exp8463,r327,120,Cleaning
exp8464,r998,240,Cleaning
exp8465,r478,120,Electricity
exp8466,r123,190,Electricity
exp8467,r463,150,Cleaning
exp8468,r771,200,Electricity
exp8469,r102,170,Water
exp8470,r753,240,Water
exp8471,r717,250,Cleaning
exp8472,r551,200,Cleaning
exp8473,r137,180,Electricity
exp8474,r292,240,Cleaning
exp8475,r103,160,Cleaning
exp8476,r144,160,Electricity
exp8477,r277,230,Cleaning
exp8478,r975,240,Cleaning
exp8479,r284,220,Electricity
exp8480,r772,160,Water
exp8481,r270,180,Water
exp8482,r312,140,Electricity
exp8483,r704,150,Water
exp8484,r629,100,Cleaning
exp8485,r807,200,Cleaning
exp8486,r481,230,Electricity
exp8487,r431,150,Electricity
exp8488,r497,250,Water
exp8489,r383,250,Cleaning
exp8490,r548,120,Electricity
exp8491,r864,180,Water
exp8492,r747,110,Electricity
exp8493,r561,200,Cleaning
exp8494,r799,130,Electricity
exp8495,r396,190,Cleaning
exp8496,r261,190,Electricity
exp8497,r526,190,Cleaning
exp8498,r106,240,Cleaning
exp8499,r141,120,Water
exp8500,r947,120,Water
exp8501,r865,150,Cleaning
exp8502,r312,160,Electricity
exp8503,r698,100,Cleaning
exp8504,r271,130,Water
exp8505,r771,130,Electricity
exp8506,r970,240,Electricity
exp8507,r334,140,Electricity
exp8508,r519,180,Water
exp8509,r298,230,Water
exp8510,r287,220,Water
exp8511,r897,130,Cleaning
exp8512,r790,110,Cleaning
exp8513,r427,120,Electricity
exp8514,r911,200,Cleaning
exp8515,r613,190,Water
exp8516,r925,220,Electricity
exp8517,r515,230,Electricity
exp8518,r367,240,Water
exp8519,r306,170,Water
exp8520,r571,120,Cleaning
exp8521,r155,140,Electricity
exp8522,r541,220,Electricity
exp8523,r235,120,Water
exp8524,r358,250,Water
exp8525,r930,130,Cleaning
exp8526,r853,140,Electricity
exp8527,r746,140,Cleaning
exp8528,r647,250,Electricity
exp8529,r541,120,Electricity
exp8530,r860,230,Cleaning
exp8531,r603,180,Electricity
exp8532,r976,220,Cleaning
exp8533,r575,120,Water
exp8534,r839,170,Cleaning
exp8535,r740,230,Water
exp8536,r523,160,Water
exp8537,r567,160,Electricity
exp8538,r961,150,Cleaning
exp8539,r654,230,Electricity
exp8540,r624,170,Water
exp8541,r729,220,Cleaning
exp8542,r844,190,Cleaning
exp8543,r469,210,Cleaning
exp8544,r634,230,Electricity
exp8545,r815,250,Electricity
exp8546,r456,210,Electricity
exp8547,r540,180,Water
exp8548,r675,220,Cleaning
exp8549,r734,130,Electricity
exp8550,r843,240,Electricity
exp8551,r290,130,Cleaning
exp8552,r510,120,Water
exp8553,r603,130,Electricity
exp8554,r995,140,Cleaning
exp8555,r515,200,Electricity
exp8556,r574,240,Electricity
exp8557,r426,160,Water
exp8558,r416,180,Water
exp8559,r799,250,Cleaning
exp8560,r917,200,Electricity
exp8561,r790,250,Electricity
exp8562,r347,100,Cleaning
exp8563,r296,150,Water
exp8564,r230,190,Water
exp8565,r770,240,Electricity
exp8566,r168,220,Electricity
exp8567,r380,250,Electricity
exp8568,r220,200,Water
exp8569,r121,220,Water
exp8570,r437,140,Water
exp8571,r179,110,Water
exp8572,r448,210,Cleaning
exp8573,r370,110,Cleaning
exp8574,r237,220,Electricity
exp8575,r756,120,Cleaning
exp8576,r913,130,Electricity
exp8577,r501,140,Water
exp8578,r703,240,Electricity
exp8579,r613,110,Water
exp8580,r995,110,Cleaning
exp8581,r589,250,Water
exp8582,r301,100,Cleaning
exp8583,r749,120,Cleaning
exp8584,r634,110,Electricity
exp8585,r963,110,Water
exp8586,r256,160,Electricity
exp8587,r629,240,Cleaning
exp8588,r237,120,Water
exp8589,r380,230,Electricity
exp8590,r747,160,Cleaning
exp8591,r736,250,Electricity
exp8592,r470,220,Water
exp8593,r685,210,Water
exp8594,r695,220,Electricity
exp8595,r554,170,Electricity
exp8596,r152,150,Water
exp8597,r194,210,Cleaning
exp8598,r113,200,Cleaning
exp8599,r409,240,Electricity
exp8600,r353,130,Water
exp8601,r475,230,Water
exp8602,r322,160,Cleaning
exp8603,r310,100,Water
exp8604,r747,210,Water
exp8605,r339,200,Electricity
exp8606,r131,210,Cleaning
exp8607,r907,130,Electricity
exp8608,r655,130,Cleaning
exp8609,r447,160,Water
exp8610,r143,180,Water
exp8611,r112,220,Electricity
exp8612,r854,140,Cleaning
exp8613,r585,140,Cleaning
exp8614,r201,120,Water
exp8615,r779,120,Electricity
exp8616,r479,240,Electricity
exp8617,r734,100,Electricity
exp8618,r773,210,Cleaning
exp8619,r514,150,Electricity
exp8620,r213,250,Cleaning
exp8621,r133,120,Electricity
exp8622,r533,150,Water
exp8623,r574,180,Electricity
exp8624,r999,170,Water
exp8625,r336,250,Electricity
exp8626,r947,130,Water
exp8627,r657,140,Cleaning
exp8628,r903,120,Electricity
exp8629,r832,100,Cleaning
exp8630,r855,150,Cleaning
exp8631,r619,200,Electricity
exp8632,r409,200,Water
exp8633,r695,250,Electricity
exp8634,r136,130,Electricity
exp8635,r467,150,Cleaning
exp8636,r715,120,Electricity
exp8637,r184,140,Cleaning
exp8638,r335,140,Electricity
exp8639,r220,110,Water
exp8640,r583,100,Electricity
exp8641,r899,180,Water
exp8642,r847,150,Electricity
exp8643,r964,240,Water
exp8644,r599,190,Water
exp8645,r202,130,Electricity
exp8646,r348,210,Electricity
exp8647,r136,230,Cleaning
exp8648,r693,240,Water
exp8649,r944,210,Water
exp8650,r996,180,Electricity
exp8651,r691,210,Electricity
exp8652,r830,100,Electricity
exp8653,r202,230,Water
exp8654,r927,140,Cleaning
exp8655,r686,210,Cleaning
exp8656,r244,230,Cleaning
exp8657,r259,190,Water
exp8658,r386,160,Water
exp8659,r653,180,Cleaning
exp8660,r389,240,Electricity
exp8661,r319,190,Water
exp8662,r798,210,Electricity
exp8663,r102,180,Electricity
exp8664,r467,110,Electricity
exp8665,r222,140,Electricity
exp8666,r586,210,Electricity
exp8667,r440,200,Electricity
exp8668,r116,160,Electricity
exp8669,r219,120,Water
exp8670,r716,140,Water
exp8671,r911,240,Cleaning
exp8672,r828,160,Water
exp8673,r590,210,Water
exp8674,r426,200,Cleaning
exp8675,r846,110,Cleaning
exp8676,r908,130,Electricity
exp8677,r680,110,Water
exp8678,r557,100,Cleaning
exp8679,r773,110,Water
exp8680,r176,220,Cleaning
exp8681,r924,230,Cleaning
exp8682,r572,210,Cleaning
exp8683,r265,230,Electricity
exp8684,r434,100,Cleaning
exp8685,r155,210,Electricity
exp8686,r118,140,Cleaning
exp8687,r213,220,Cleaning
exp8688,r665,140,Water
exp8689,r753,230,Water
exp8690,r391,190,Electricity
exp8691,r601,140,Water
exp8692,r874,130,Water
exp8693,r294,140,Water
exp8694,r609,110,Electricity
exp8695,r890,230,Water
exp8696,r280,230,Electricity
exp8697,r376,200,Electricity
exp8698,r771,160,Cleaning
exp8699,r326,110,Electricity
exp8700,r422,100,Electricity
exp8701,r845,230,Electricity
exp8702,r890,230,Electricity
exp8703,r918,210,Cleaning
exp8704,r985,130,Electricity
exp8705,r832,130,Electricity
exp8706,r727,110,Water
exp8707,r879,200,Cleaning
exp8708,r245,150,Electricity
exp8709,r225,170,Electricity
exp8710,r181,200,Water
exp8711,r825,150,Cleaning
exp8712,r667,210,Water
exp8713,r604,230,Electricity
exp8714,r767,190,Electricity
exp8715,r492,150,Cleaning
exp8716,r802,120,Cleaning
exp8717,r230,230,Electricity
exp8718,r827,200,Cleaning
exp8719,r802,100,Water
exp8720,r330,160,Water
exp8721,r798,110,Water
exp8722,r467,210,Electricity
exp8723,r270,220,Electricity
exp8724,r822,250,Water
exp8725,r260,180,Electricity
exp8726,r943,240,Electricity
exp8727,r733,250,Water
exp8728,r710,190,Cleaning
exp8729,r574,140,Cleaning
exp8730,r324,120,Water
exp8731,r395,120,Cleaning
exp8732,r893,220,Electricity
exp8733,r919,150,Cleaning
exp8734,r350,120,Water
exp8735,r759,170,Electricity
exp8736,r958,210,Water
exp8737,r499,130,Water
exp8738,r203,120,Cleaning
exp8739,r938,180,Water
exp8740,r294,110,Water
exp8741,r911,170,Cleaning
exp8742,r518,100,Cleaning
exp8743,r739,100,Cleaning
exp8744,r446,120,Water
exp8745,r285,130,Cleaning
exp8746,r537,240,Water
exp8747,r579,200,Water
exp8748,r882,170,Water
exp8749,r684,100,Electricity
exp8750,r134,110,Electricity
exp8751,r975,250,Water
exp8752,r341,160,Cleaning
exp8753,r197,160,Water
exp8754,r795,220,Water
exp8755,r985,220,Cleaning
exp8756,r504,170,Electricity
exp8757,r535,220,Electricity
exp8758,r773,120,Cleaning
exp8759,r692,210,Electricity
exp8760,r203,130,Cleaning
exp8761,r557,100,Water
exp8762,r813,240,Electricity
exp8763,r119,190,Cleaning
exp8764,r779,180,Water
exp8765,r915,170,Electricity
exp8766,r200,100,Water
exp8767,r554,240,Electricity
exp8768,r729,180,Water
exp8769,r486,210,Electricity
exp8770,r751,100,Electricity
exp8771,r961,110,Cleaning
exp8772,r780,130,Water
exp8773,r178,170,Water
exp8774,r152,170,Cleaning
exp8775,r766,140,Water
exp8776,r960,150,Electricity
exp8777,r708,100,Water
exp8778,r283,150,Water
exp8779,r302,250,Cleaning
exp8780,r751,190,Cleaning
exp8781,r815,200,Water
exp8782,r203,110,Cleaning
exp8783,r618,250,Cleaning
exp8784,r464,230,Water
exp8785,r872,190,Electricity
exp8786,r710,170,Electricity
exp8787,r803,210,Electricity
exp8788,r364,160,Electricity
exp8789,r902,150,Electricity
exp8790,r461,250,Cleaning
exp8791,r468,240,Electricity
exp8792,r825,190,Water
exp8793,r566,200,Cleaning
exp8794,r892,240,Water
exp8795,r701,130,Cleaning
exp8796,r771,210,Water
exp8797,r967,120,Electricity
exp8798,r256,150,Water
exp8799,r798,190,Electricity
exp8800,r406,140,Electricity
exp8801,r628,100,Cleaning
exp8802,r596,140,Cleaning
exp8803,r496,240,Water
exp8804,r907,140,Water
exp8805,r357,180,Electricity
exp8806,r446,230,Water
exp8807,r552,240,Cleaning
exp8808,r101,150,Cleaning
exp8809,r705,220,Electricity
exp8810,r369,230,Cleaning
exp8811,r522,110,Water
exp8812,r962,100,Cleaning
exp8813,r989,160,Cleaning
exp8814,r867,150,Cleaning
exp8815,r597,250,Cleaning
exp8816,r951,190,Cleaning
exp8817,r181,110,Cleaning
exp8818,r782,160,Cleaning
exp8819,r592,140,Cleaning
exp8820,r881,200,Water
exp8821,r139,110,Electricity
exp8822,r410,250,Water
exp8823,r503,170,Electricity
exp8824,r309,230,Electricity
exp8825,r572,120,Electricity
exp8826,r170,200,Cleaning
exp8827,r870,140,Electricity
exp8828,r442,130,Electricity
exp8829,r675,150,Water
exp8830,r471,140,Electricity
exp8831,r759,110,Water
exp8832,r324,160,Electricity
exp8833,r457,170,Water
exp8834,r730,160,Cleaning
exp8835,r955,100,Electricity
exp8836,r822,120,Electricity
exp8837,r553,170,Water
exp8838,r998,240,Electricity
exp8839,r601,240,Water
exp8840,r569,160,Electricity
exp8841,r414,250,Cleaning
exp8842,r512,240,Cleaning
exp8843,r654,170,Electricity
exp8844,r332,210,Water
exp8845,r585,140,Cleaning
exp8846,r565,170,Electricity
exp8847,r138,120,Cleaning
exp8848,r547,150,Water
exp8849,r458,210,Electricity
exp8850,r434,140,Electricity
exp8851,r675,130,Electricity
exp8852,r384,210,Water
exp8853,r698,170,Water
exp8854,r142,160,Cleaning
exp8855,r978,240,Water
exp8856,r934,150,Cleaning
exp8857,r532,100,Cleaning
exp8858,r161,190,Electricity
exp8859,r722,130,Cleaning
exp8860,r199,240,Electricity
exp8861,r768,250,Water
exp8862,r780,160,Cleaning
exp8863,r246,220,Water
exp8864,r119,240,Water
exp8865,r308,180,Water
exp8866,r958,190,Water
exp8867,r291,170,Water
exp8868,r458,250,Cleaning
exp8869,r999,100,Electricity
exp8870,r224,220,Cleaning
exp8871,r488,110,Electricity
exp8872,r579,200,Cleaning
exp8873,r680,190,Cleaning
exp8874,r887,140,Cleaning
exp8875,r590,240,Cleaning
exp8876,r407,110,Water
exp8877,r312,190,Water
exp8878,r654,100,Water
exp8879,r731,140,Electricity
exp8880,r316,200,Electricity
exp8881,r598,220,Cleaning
exp8882,r808,130,Electricity
exp8883,r587,150,Cleaning
exp8884,r569,130,Water
exp8885,r818,200,Electricity
exp8886,r998,240,Electricity
exp8887,r972,220,Cleaning
exp8888,r989,100,Electricity
exp8889,r427,140,Cleaning
exp8890,r103,190,Cleaning
exp8891,r796,250,Electricity
exp8892,r839,130,Electricity
exp8893,r662,230,Water
exp8894,r504,200,Electricity
exp8895,r153,150,Cleaning
exp8896,r357,230,Water
exp8897,r370,150,Cleaning
exp8898,r546,140,Water
exp8899,r408,110,Electricity
exp8900,r585,230,Electricity
exp8901,r407,230,Cleaning
exp8902,r221,130,Water
exp8903,r748,190,Water
exp8904,r128,170,Electricity
exp8905,r573,240,Water
exp8906,r969,160,Electricity
exp8907,r867,210,Cleaning
exp8908,r484,210,Electricity
exp8909,r899,240,Electricity
exp8910,r541,150,Electricity
exp8911,r799,200,Cleaning
exp8912,r724,200,Water
exp8913,r107,110,Cleaning
exp8914,r555,150,Water
exp8915,r357,160,Electricity
exp8916,r106,160,Water
exp8917,r119,250,Water
exp8918,r152,240,Cleaning
exp8919,r899,230,Electricity
exp8920,r737,210,Electricity
exp8921,r740,250,Electricity
exp8922,r463,140,Electricity
exp8923,r435,200,Electricity
exp8924,r618,100,Cleaning
exp8925,r692,240,Electricity
exp8926,r317,120,Cleaning
exp8927,r407,210,Water
exp8928,r479,200,Electricity
exp8929,r123,210,Electricity
exp8930,r314,190,Electricity
exp8931,r264,120,Cleaning
exp8932,r413,130,Water
exp8933,r301,170,Water
exp8934,r311,110,Cleaning
exp8935,r912,210,Water
exp8936,r350,190,Electricity
exp8937,r175,180,Electricity
exp8938,r402,250,Electricity
exp8939,r680,120,Water
exp8940,r631,160,Water
exp8941,r862,170,Water
exp8942,r132,170,Water
exp8943,r948,120,Cleaning
exp8944,r163,240,Cleaning
exp8945,r792,190,Water
exp8946,r778,100,Water
exp8947,r486,180,Cleaning
exp8948,r676,190,Water
exp8949,r848,190,Cleaning
exp8950,r491,110,Electricity
exp8951,r637,170,Cleaning
exp8952,r320,230,Water
exp8953,r184,150,Electricity
exp8954,r974,160,Water
exp8955,r118,190,Electricity
exp8956,r755,220,Electricity
exp8957,r359,150,Cleaning
exp8958,r454,120,Water
exp8959,r811,200,Cleaning
exp8960,r206,250,Water
exp8961,r233,190,Cleaning
exp8962,r414,150,Electricity
exp8963,r490,150,Cleaning
exp8964,r278,250,Electricity
exp8965,r291,210,Water
exp8966,r633,170,Water
exp8967,r995,180,Water
exp8968,r486,230,Cleaning
exp8969,r354,140,Electricity
exp8970,r380,240,Electricity
exp8971,r991,200,Cleaning
exp8972,r775,100,Electricity
exp8973,r853,140,Cleaning
exp8974,r539,220,Water
exp8975,r358,130,Cleaning
exp8976,r375,200,Electricity
exp8977,r543,180,Water
exp8978,r933,180,Electricity
exp8979,r181,250,Electricity
exp8980,r271,100,Electricity
exp8981,r922,180,Electricity
exp8982,r184,110,Electricity
exp8983,r842,230,Water
exp8984,r134,250,Cleaning
exp8985,r106,140,Cleaning
exp8986,r960,210,Water
exp8987,r395,180,Electricity
exp8988,r163,190,Water
exp8989,r174,210,Cleaning
exp8990,r874,160,Cleaning
exp8991,r300,180,Cleaning
exp8992,r863,100,Electricity
exp8993,r336,120,Electricity
exp8994,r545,220,Water
exp8995,r732,240,Electricity
exp8996,r678,240,Cleaning
exp8997,r188,100,Electricity
exp8998,r812,240,Cleaning
exp8999,r518,170,Water
exp9000,r700,210,Cleaning
exp9001,r187,130,Water
exp9002,r111,210,Cleaning
exp9003,r125,210,Electricity
exp9004,r392,220,Cleaning
exp9005,r939,250,Cleaning
exp9006,r955,240,Water
exp9007,r191,240,Cleaning
exp9008,r512,160,Cleaning
exp9009,r120,100,Water
exp9010,r959,170,Electricity
exp9011,r161,220,Water
exp9012,r362,200,Electricity
exp9013,r542,180,Electricity
exp9014,r734,120,Electricity
exp9015,r537,230,Electricity
exp9016,r659,180,Water
exp9017,r788,250,Water
exp9018,r482,140,Water
exp9019,r885,100,Water
exp9020,r794,100,Cleaning
exp9021,r162,250,Cleaning
exp9022,r888,180,Cleaning
exp9023,r191,110,Cleaning
exp9024,r320,130,Water
exp9025,r463,170,Water
exp9026,r887,250,Electricity
exp9027,r284,210,Electricity
exp9028,r843,210,Cleaning
exp9029,r117,210,Water
exp9030,r449,200,Cleaning
exp9031,r850,170,Electricity
exp9032,r344,120,Electricity
exp9033,r399,130,Cleaning
exp9034,r446,210,Electricity
exp9035,r400,170,Cleaning
exp9036,r312,210,Water
exp9037,r150,130,Cleaning
exp9038,r939,220,Cleaning
exp9039,r920,200,Cleaning
exp9040,r368,230,Cleaning
exp9041,r790,160,Cleaning
exp9042,r629,170,Cleaning
exp9043,r465,140,Water
exp9044,r460,210,Water
exp9045,r506,160,Water
exp9046,r481,230,Electricity
exp9047,r109,210,Electricity
exp9048,r896,120,Water
exp9049,r585,150,Cleaning
exp9050,r768,190,Electricity
exp9051,r949,150,Cleaning
exp9052,r688,120,Cleaning
exp9053,r327,230,Cleaning
exp9054,r167,120,Cleaning
exp9055,r646,150,Water
exp9056,r490,160,Electricity
exp9057,r357,250,Water
exp9058,r165,220,Water
exp9059,r234,110,Electricity
exp9060,r337,100,Electricity
exp9061,r593,170,Water
exp9062,r764,230,Electricity
exp9063,r263,240,Cleaning
exp9064,r795,100,Water
exp9065,r430,110,Electricity
exp9066,r132,200,Water
exp9067,r500,110,Electricity
exp9068,r899,180,Electricity
exp9069,r789,230,Electricity
exp9070,r929,210,Electricity
exp9071,r576,100,Electricity
exp9072,r568,170,Electricity
exp9073,r557,220,Water
exp9074,r871,230,Water
exp9075,r591,110,Water
exp9076,r968,110,Electricity
exp9077,r437,170,Electricity
exp9078,r217,250,Electricity
exp9079,r863,190,Cleaning
exp9080,r462,160,Electricity
exp9081,r308,130,Water
exp9082,r763,140,Electricity
exp9083,r334,250,Cleaning
exp9084,r600,160,Cleaning
exp9085,r122,180,Cleaning
exp9086,r356,200,Electricity
exp9087,r958,130,Water
exp9088,r839,110,Cleaning
exp9089,r104,240,Cleaning
exp9090,r918,190,Water
exp9091,r995,130,Water
exp9092,r260,120,Cleaning
exp9093,r702,200,Water
exp9094,r273,170,Water
exp9095,r328,180,Electricity
exp9096,r851,250,Electricity
exp9097,r585,170,Electricity
exp9098,r701,160,Electricity
exp9099,r115,170,Water
exp9100,r982,210,Cleaning
exp9101,r304,150,Cleaning
exp9102,r861,210,Water
exp9103,r533,170,Cleaning
exp9104,r835,250,Electricity
exp9105,r970,100,Cleaning
exp9106,r964,160,Water
exp9107,r198,220,Electricity
exp9108,r806,180,Water
exp9109,r695,240,Electricity
exp9110,r635,100,Water
exp9111,r937,170,Water
exp9112,r351,240,Water
exp9113,r426,110,Water
exp9114,r442,140,Cleaning
exp9115,r115,100,Water
exp9116,r230,100,Water
exp9117,r936,180,Electricity
exp9118,r199,120,Water
exp9119,r677,240,Water
exp9120,r269,190,Cleaning
exp9121,r534,180,Water
exp9122,r129,240,Cleaning
exp9123,r224,130,Cleaning
exp9124,r398,160,Cleaning
exp9125,r243,120,Cleaning
exp9126,r734,130,Water
exp9127,r589,160,Water
exp9128,r461,170,Water
exp9129,r320,240,Cleaning
exp9130,r988,210,Water
exp9131,r328,160,Electricity
exp9132,r523,140,Water
exp9133,r645,180,Electricity
exp9134,r812,170,Cleaning
exp9135,r276,120,Electricity
exp9136,r193,150,Electricity
exp9137,r487,240,Electricity
exp9138,r876,180,Cleaning
exp9139,r240,120,Water
exp9140,r469,170,Water
exp9141,r488,120,Cleaning
exp9142,r351,170,Electricity
exp9143,r372,190,Water
exp9144,r189,180,Electricity
exp9145,r683,170,Water
exp9146,r613,170,Water
exp9147,r482,210,Cleaning
exp9148,r691,170,Electricity
exp9149,r184,240,Cleaning
exp9150,r639,250,Water
exp9151,r327,190,Cleaning
exp9152,r982,100,Water
exp9153,r392,150,Electricity
exp9154,r230,140,Cleaning
exp9155,r609,180,Cleaning
exp9156,r375,210,Cleaning
exp9157,r305,150,Cleaning
exp9158,r112,230,Water
exp9159,r500,160,Water
exp9160,r582,240,Water
exp9161,r220,170,Cleaning
exp9162,r827,230,Water
exp9163,r318,240,Water
exp9164,r562,130,Cleaning
exp9165,r204,220,Water
exp9166,r739,250,Electricity
exp9167,r776,130,Cleaning
exp9168,r642,160,Water
exp9169,r493,230,Water
exp9170,r663,110,Water
exp9171,r915,140,Cleaning
exp9172,r805,200,Water
exp9173,r855,170,Cleaning
exp9174,r301,110,Cleaning
exp9175,r213,200,Cleaning
exp9176,r972,200,Water
exp9177,r491,180,Water
exp9178,r102,180,Cleaning
exp9179,r304,150,Water
exp9180,r856,110,Cleaning
exp9181,r334,200,Water
exp9182,r784,230,Cleaning
exp9183,r507,220,Cleaning
exp9184,r242,140,Cleaning
exp9185,r911,210,Water
exp9186,r714,130,Electricity
exp9187,r139,210,Electricity
exp9188,r295,110,Electricity
exp9189,r616,220,Water
exp9190,r188,120,Water
exp9191,r971,230,Water
exp9192,r975,210,Cleaning
exp9193,r784,130,Water
exp9194,r279,110,Electricity
exp9195,r614,190,Water
exp9196,r745,170,Water
exp9197,r178,120,Cleaning
exp9198,r784,160,Electricity
exp9199,r939,210,Electricity
exp9200,r747,230,Water
exp9201,r352,140,Water
exp9202,r584,220,Electricity
exp9203,r407,130,Electricity
exp9204,r528,230,Electricity
exp9205,r828,160,Water
exp9206,r233,210,Cleaning
exp9207,r994,130,Cleaning
exp9208,r229,180,Water
exp9209,r653,220,Cleaning
exp9210,r430,130,Cleaning
exp9211,r157,100,Electricity
exp9212,r189,140,Electricity
exp9213,r432,240,Cleaning
exp9214,r822,190,Water
exp9215,r630,100,Cleaning
exp9216,r221,170,Cleaning
exp9217,r161,230,Water
exp9218,r801,100,Electricity
exp9219,r842,150,Cleaning
exp9220,r570,190,Electricity
exp9221,r614,140,Water
exp9222,r844,110,Water
exp9223,r997,130,Water
exp9224,r456,210,Electricity
exp9225,r579,170,Cleaning
exp9226,r936,180,Cleaning
exp9227,r481,110,Water
exp9228,r595,250,Water
exp9229,r648,230,Cleaning
exp9230,r748,190,Cleaning
exp9231,r565,130,Electricity
exp9232,r483,240,Water
exp9233,r907,100,Electricity
exp9234,r884,130,Electricity
exp9235,r945,170,Electricity
exp9236,r544,160,Cleaning
exp9237,r163,230,Water
exp9238,r906,210,Cleaning
exp9239,r564,220,Electricity
exp9240,r357,180,Water
exp9241,r574,190,Cleaning
exp9242,r789,110,Electricity
exp9243,r167,230,Water
exp9244,r219,140,Electricity
exp9245,r628,200,Water
exp9246,r458,210,Electricity
exp9247,r940,110,Electricity
exp9248,r838,170,Water
exp9249,r985,220,Electricity
exp9250,r846,120,Water
exp9251,r428,130,Water
exp9252,r358,180,Water
exp9253,r406,210,Cleaning
exp9254,r700,240,Cleaning
exp9255,r537,160,Water
exp9256,r362,130,Cleaning
exp9257,r696,170,Electricity
exp9258,r413,120,Cleaning
exp9259,r534,130,Water
exp9260,r776,140,Cleaning
exp9261,r527,200,Cleaning
exp9262,r883,170,Water
exp9263,r638,190,Water
exp9264,r817,170,Cleaning
exp9265,r558,160,Water
exp9266,r201,190,Cleaning
exp9267,r198,160,Cleaning
exp9268,r807,120,Electricity
exp9269,r792,110,Electricity
exp9270,r221,100,Water
exp9271,r332,140,Water
exp9272,r925,100,Water
exp9273,r562,240,Electricity
exp9274,r167,110,Water
exp9275,r642,220,Cleaning
exp9276,r738,150,Electricity
exp9277,r453,180,Cleaning
exp9278,r247,240,Cleaning
exp9279,r471,170,Cleaning
exp9280,r539,100,Electricity
exp9281,r888,140,Water
exp9282,r539,230,Electricity
exp9283,r244,190,Water
exp9284,r635,140,Water
exp9285,r742,170,Water
exp9286,r757,170,Electricity
exp9287,r972,120,Cleaning
exp9288,r460,170,Electricity
exp9289,r731,250,Cleaning
exp9290,r535,110,Water
exp9291,r805,150,Water
exp9292,r886,110,Cleaning
exp9293,r220,210,Water
exp9294,r859,170,Electricity
exp9295,r758,110,Cleaning
exp9296,r262,120,Cleaning
exp9297,r724,210,Cleaning
exp9298,r552,100,Electricity
exp9299,r200,160,Cleaning
exp9300,r220,240,Water
exp9301,r984,170,Electricity
exp9302,r719,120,Water
exp9303,r426,200,Electricity
exp9304,r753,120,Water
exp9305,r626,210,Water
exp9306,r408,240,Electricity
exp9307,r176,230,Water
exp9308,r589,230,Electricity
exp9309,r797,180,Cleaning
exp9310,r419,230,Water
exp9311,r482,200,Water
exp9312,r245,160,Electricity
exp9313,r818,180,Cleaning
exp9314,r442,240,Cleaning
exp9315,r871,190,Electricity
exp9316,r809,190,Electricity
exp9317,r161,150,Water
exp9318,r895,250,Electricity
exp9319,r608,250,Cleaning
exp9320,r800,230,Cleaning
exp9321,r728,250,Water
exp9322,r444,250,Electricity
exp9323,r310,120,Electricity
exp9324,r133,150,Water
exp9325,r948,180,Electricity
exp9326,r122,190,Cleaning
exp9327,r213,180,Water
exp9328,r346,190,Electricity
exp9329,r355,230,Cleaning
exp9330,r631,160,Water
exp9331,r703,140,Electricity
exp9332,r868,110,Electricity
exp9333,r210,210,Cleaning
exp9334,r122,140,Cleaning
exp9335,r553,190,Electricity
exp9336,r573,170,Electricity
exp9337,r295,150,Electricity
exp9338,r954,160,Electricity
exp9339,r666,170,Water
exp9340,r459,190,Water
exp9341,r413,190,Electricity
exp9342,r835,220,Water
exp9343,r587,100,Electricity
exp9344,r764,110,Cleaning
exp9345,r703,240,Electricity
exp9346,r114,250,Electricity
exp9347,r592,190,Cleaning
exp9348,r136,150,Electricity
exp9349,r815,200,Electricity
exp9350,r311,110,Water
exp9351,r814,210,Cleaning
exp9352,r934,230,Water
exp9353,r102,240,Water
exp9354,r532,170,Cleaning
exp9355,r883,190,Electricity
exp9356,r658,110,Electricity
exp9357,r572,160,Electricity
exp9358,r440,190,Water
exp9359,r737,140,Electricity
exp9360,r217,230,Water
exp9361,r751,150,Cleaning
exp9362,r666,110,Water
exp9363,r932,250,Electricity
exp9364,r320,180,Electricity
exp9365,r965,190,Water
exp9366,r896,210,Water
exp9367,r456,180,Electricity
exp9368,r372,250,Water
exp9369,r415,200,Electricity
exp9370,r171,140,Cleaning
exp9371,r756,160,Water
exp9372,r901,100,Cleaning
exp9373,r200,160,Cleaning
exp9374,r146,140,Electricity
exp9375,r269,230,Water
exp9376,r985,250,Water
exp9377,r766,140,Water
exp9378,r952,230,Water
exp9379,r875,220,Cleaning
exp9380,r160,230,Cleaning
exp9381,r216,240,Cleaning
exp9382,r230,150,Cleaning
exp9383,r925,110,Electricity
exp9384,r304,140,Cleaning
exp9385,r604,110,Water
exp9386,r995,130,Water
exp9387,r260,150,Cleaning
exp9388,r241,230,Electricity
exp9389,r838,120,Electricity
exp9390,r120,120,Electricity
exp9391,r912,100,Electricity
exp9392,r481,250,Water
exp9393,r985,200,Water
exp9394,r162,220,Electricity
exp9395,r863,140,Cleaning
exp9396,r860,250,Water
exp9397,r745,120,Electricity
exp9398,r592,250,Cleaning
exp9399,r183,150,Water
exp9400,r926,120,Water
exp9401,r660,130,Cleaning
exp9402,r368,190,Cleaning
exp9403,r245,130,Water
exp9404,r225,170,Cleaning
exp9405,r704,170,Cleaning
exp9406,r393,200,Cleaning
exp9407,r819,180,Electricity
exp9408,r371,210,Electricity
exp9409,r644,150,Water
exp9410,r617,120,Electricity
exp9411,r618,100,Cleaning
exp9412,r558,250,Electricity
exp9413,r975,170,Cleaning
exp9414,r688,180,Electricity
exp9415,r629,250,Electricity
exp9416,r924,120,Water
exp9417,r790,100,Electricity
exp9418,r341,130,Cleaning
exp9419,r429,100,Electricity
exp9420,r153,120,Electricity
exp9421,r121,100,Water
exp9422,r823,190,Cleaning
exp9423,r620,240,Water
exp9424,r358,220,Cleaning
exp9425,r378,110,Water
exp9426,r737,160,Electricity
exp9427,r817,120,Electricity
exp9428,r396,190,Water
exp9429,r368,170,Cleaning
exp9430,r586,180,Electricity
exp9431,r102,120,Electricity
exp9432,r530,190,Cleaning
exp9433,r668,210,Electricity
exp9434,r167,120,Cleaning
exp9435,r154,190,Electricity
exp9436,r537,150,Cleaning
exp9437,r636,200,Cleaning
exp9438,r500,180,Cleaning
exp9439,r879,150,Electricity
exp9440,r312,240,Cleaning
exp9441,r384,170,Water
exp9442,r767,210,Electricity
exp9443,r850,150,Water
exp9444,r115,250,Electricity
exp9445,r795,230,Cleaning
exp9446,r437,180,Water
exp9447,r325,160,Cleaning
exp9448,r880,230,Water
exp9449,r878,220,Water
exp9450,r984,170,Cleaning
exp9451,r413,230,Electricity
exp9452,r985,130,Water
exp9453,r977,230,Water
exp9454,r654,180,Cleaning
exp9455,r768,110,Cleaning
exp9456,r628,120,Cleaning
exp9457,r225,240,Cleaning
exp9458,r920,100,Electricity
exp9459,r800,190,Water
exp9460,r330,150,Water
exp9461,r188,210,Electricity
exp9462,r936,110,Water
exp9463,r224,110,Electricity
exp9464,r381,120,Cleaning
exp9465,r422,190,Water
exp9466,r394,190,Cleaning
exp9467,r228,110,Water
exp9468,r923,240,Cleaning
exp9469,r195,100,Electricity
exp9470,r833,240,Electricity
exp9471,r330,100,Water
exp9472,r453,150,Cleaning
exp9473,r359,160,Water
exp9474,r396,150,Electricity
exp9475,r312,160,Water
exp9476,r274,160,Electricity
exp9477,r537,140,Cleaning
exp9478,r176,110,Cleaning
exp9479,r369,170,Cleaning
exp9480,r495,190,Water
exp9481,r742,230,Water
exp9482,r757,210,Cleaning
exp9483,r931,240,Cleaning
exp9484,r539,200,Electricity
exp9485,r627,160,Water
exp9486,r532,180,Cleaning
exp9487,r526,220,Electricity
exp9488,r812,160,Cleaning
exp9489,r518,250,Water
exp9490,r858,120,Electricity
exp9491,r569,240,Cleaning
exp9492,r345,200,Water
exp9493,r656,190,Cleaning
exp9494,r416,100,Water
exp9495,r993,200,Water
exp9496,r740,110,Electricity
exp9497,r399,220,Cleaning
exp9498,r210,140,Cleaning
exp9499,r510,230,Cleaning
exp9500,r462,220,Electricity
exp9501,r955,100,Cleaning
exp9502,r241,120,Cleaning
exp9503,r978,210,Water
exp9504,r768,120,Electricity
exp9505,r139,200,Cleaning
exp9506,r218,210,Electricity
exp9507,r298,170,Cleaning
exp9508,r940,220,Electricity
exp9509,r317,140,Cleaning
exp9510,r117,200,Electricity
exp9511,r905,210,Electricity
exp9512,r514,100,Cleaning
exp9513,r357,190,Electricity
exp9514,r973,230,Cleaning
exp9515,r642,230,Electricity
exp9516,r378,100,Electricity
exp9517,r352,180,Electricity
exp9518,r734,250,Water
exp9519,r736,150,Water
exp9520,r259,130,Electricity
exp9521,r840,150,Water
exp9522,r475,220,Water
exp9523,r996,240,Cleaning
exp9524,r579,160,Water
exp9525,r200,160,Electricity
exp9526,r597,190,Water
exp9527,r276,230,Cleaning
exp9528,r487,120,Water
exp9529,r493,210,Water
exp9530,r305,200,Electricity
exp9531,r763,200,Cleaning
exp9532,r414,190,Cleaning
exp9533,r472,140,Cleaning
exp9534,r853,210,Cleaning
exp9535,r484,230,Electricity
exp9536,r299,120,Cleaning
exp9537,r261,190,Electricity
exp9538,r297,240,Water
exp9539,r361,100,Cleaning
exp9540,r201,220,Water
exp9541,r984,220,Electricity
exp9542,r267,160,Electricity
exp9543,r996,140,Water
exp9544,r361,140,Electricity
exp9545,r388,110,Cleaning
exp9546,r607,250,Water
exp9547,r144,140,Water
exp9548,r593,170,Electricity
exp9549,r881,130,Cleaning
exp9550,r650,180,Electricity
exp9551,r935,140,Electricity
exp9552,r999,200,Electricity
exp9553,r738,110,Electricity
exp9554,r526,230,Water
exp9555,r700,100,Water
exp9556,r620,130,Water
exp9557,r564,150,Cleaning
exp9558,r685,190,Cleaning
exp9559,r548,120,Electricity
exp9560,r831,160,Electricity
exp9561,r193,100,Cleaning
exp9562,r884,140,Cleaning
exp9563,r940,190,Water
exp9564,r936,230,Water
exp9565,r164,150,Electricity
exp9566,r889,110,Cleaning
exp9567,r874,190,Cleaning
exp9568,r601,190,Electricity
exp9569,r969,170,Electricity
exp9570,r487,120,Cleaning
exp9571,r164,140,Water
exp9572,r659,240,Water
exp9573,r322,110,Electricity
exp9574,r639,200,Electricity
exp9575,r635,120,Electricity
exp9576,r300,170,Water
exp9577,r618,190,Cleaning
exp9578,r342,110,Cleaning
exp9579,r432,140,Water
exp9580,r272,180,Cleaning
exp9581,r463,170,Cleaning
exp9582,r641,250,Electricity
exp9583,r944,140,Water
exp9584,r274,110,Electricity
exp9585,r293,120,Water
exp9586,r899,170,Water
exp9587,r487,100,Electricity
exp9588,r570,150,Cleaning
exp9589,r426,110,Water
exp9590,r854,100,Cleaning
exp9591,r334,190,Water
exp9592,r983,150,Water
exp9593,r662,180,Water
exp9594,r836,120,Cleaning
exp9595,r389,170,Cleaning
exp9596,r154,160,Cleaning
exp9597,r727,250,Cleaning
exp9598,r254,170,Cleaning
exp9599,r300,180,Water
exp9600,r538,140,Cleaning
exp9601,r555,150,Cleaning
exp9602,r757,240,Water
exp9603,r881,240,Water
exp9604,r262,230,Electricity
exp9605,r560,250,Electricity
exp9606,r206,190,Cleaning
exp9607,r729,120,Water
exp9608,r870,240,Electricity
exp9609,r993,230,Cleaning
exp9610,r448,100,Cleaning
exp9611,r526,200,Water
exp9612,r832,110,Electricity
exp9613,r277,250,Cleaning
exp9614,r478,130,Electricity
exp9615,r400,250,Cleaning
exp9616,r312,150,Cleaning
exp9617,r882,230,Cleaning
exp9618,r302,100,Electricity
exp9619,r784,140,Cleaning
exp9620,r993,150,Electricity
exp9621,r342,250,Cleaning
exp9622,r719,220,Cleaning
exp9623,r143,110,Water
exp9624,r322,140,Electricity
exp9625,r825,250,Electricity
exp9626,r918,130,Cleaning
exp9627,r267,200,Cleaning
exp9628,r291,240,Electricity
exp9629,r942,110,Cleaning
exp9630,r456,190,Cleaning
exp9631,r585,240,Electricity
exp9632,r317,190,Electricity
exp9633,r342,220,Electricity
exp9634,r399,250,Electricity
exp9635,r393,250,Electricity
exp9636,r244,230,Cleaning
exp9637,r855,220,Electricity
exp9638,r461,220,Cleaning
exp9639,r243,140,Cleaning
exp9640,r877,180,Electricity
exp9641,r338,210,Electricity
exp9642,r376,120,Water
exp9643,r814,150,Cleaning
exp9644,r576,140,Water
exp9645,r246,210,Electricity
exp9646,r518,120,Cleaning
exp9647,r599,170,Electricity
exp9648,r543,170,Electricity
exp9649,r312,210,Water
exp9650,r307,210,Water
exp9651,r391,110,Water
exp9652,r934,150,Cleaning
exp9653,r158,220,Water
exp9654,r905,220,Water
exp9655,r150,120,Water
exp9656,r430,110,Water
exp9657,r308,180,Cleaning
exp9658,r221,240,Water
exp9659,r935,170,Electricity
exp9660,r614,240,Water
exp9661,r505,240,Electricity
exp9662,r486,110,Water
exp9663,r869,120,Electricity
exp9664,r994,100,Water
exp9665,r614,180,Electricity
exp9666,r394,230,Cleaning
exp9667,r358,220,Water
exp9668,r861,120,Water
exp9669,r240,210,Cleaning
exp9670,r385,190,Electricity
exp9671,r750,200,Cleaning
exp9672,r759,220,Electricity
exp9673,r418,160,Cleaning
exp9674,r738,240,Water
exp9675,r482,250,Cleaning
exp9676,r866,100,Water
exp9677,r346,230,Water
exp9678,r103,160,Electricity
exp9679,r909,100,Electricity
exp9680,r288,140,Cleaning
exp9681,r714,230,Cleaning
exp9682,r889,230,Electricity
exp9683,r285,100,Water
exp9684,r362,220,Cleaning
exp9685,r819,120,Cleaning
exp9686,r971,100,Water
exp9687,r960,120,Water
exp9688,r840,180,Cleaning
exp9689,r711,230,Electricity
exp9690,r581,200,Water
exp9691,r811,100,Water
exp9692,r515,110,Electricity
exp9693,r337,130,Water
exp9694,r203,130,Water
exp9695,r948,180,Water
exp9696,r218,220,Cleaning
exp9697,r274,150,Electricity
exp9698,r995,110,Cleaning
exp9699,r611,130,Cleaning
exp9700,r957,130,Water
exp9701,r309,130,Cleaning
exp9702,r499,140,Cleaning
exp9703,r622,130,Cleaning
exp9704,r144,150,Cleaning
exp9705,r484,230,Water
exp9706,r941,210,Cleaning
exp9707,r908,180,Water
exp9708,r443,170,Water
exp9709,r687,210,Cleaning
exp9710,r163,150,Electricity
exp9711,r109,100,Cleaning
exp9712,r498,160,Cleaning
exp9713,r322,210,Water
exp9714,r642,150,Electricity
exp9715,r379,180,Electricity
exp9716,r460,140,Water
exp9717,r596,200,Electricity
exp9718,r873,230,Cleaning
exp9719,r175,140,Cleaning
exp9720,r337,120,Cleaning
exp9721,r625,130,Water
exp9722,r816,170,Cleaning
exp9723,r667,160,Electricity
exp9724,r553,190,Cleaning
exp9725,r812,170,Cleaning
exp9726,r163,110,Electricity
exp9727,r821,130,Cleaning
exp9728,r693,170,Water
exp9729,r667,240,Water
exp9730,r168,130,Water
exp9731,r667,160,Water
exp9732,r299,100,Electricity
exp9733,r662,150,Electricity
exp9734,r247,140,Water
exp9735,r171,140,Electricity
exp9736,r973,240,Cleaning
exp9737,r896,130,Electricity
exp9738,r747,230,Water
exp9739,r458,200,Cleaning
exp9740,r794,250,Water
exp9741,r102,180,Water
exp9742,r892,240,Cleaning
exp9743,r629,200,Water
exp9744,r925,120,Cleaning
exp9745,r643,150,Water
exp9746,r745,180,Cleaning
exp9747,r148,210,Electricity
exp9748,r211,160,Electricity
exp9749,r992,230,Cleaning
exp9750,r396,140,Electricity
exp9751,r485,100,Electricity
exp9752,r120,150,Electricity
exp9753,r879,130,Cleaning
exp9754,r575,220,Cleaning
exp9755,r907,180,Cleaning
exp9756,r909,140,Electricity
exp9757,r592,220,Water
exp9758,r380,190,Electricity
exp9759,r212,220,Water
exp9760,r367,160,Water
exp9761,r355,220,Cleaning
exp9762,r437,240,Electricity
exp9763,r802,140,Electricity
exp9764,r839,160,Cleaning
exp9765,r949,210,Water
exp9766,r198,220,Electricity
exp9767,r800,190,Electricity
exp9768,r160,210,Cleaning
exp9769,r817,110,Cleaning
exp9770,r743,190,Water
exp9771,r792,210,Electricity
exp9772,r718,130,Water
exp9773,r595,240,Cleaning
exp9774,r729,220,Water
exp9775,r123,100,Water
exp9776,r225,140,Electricity
exp9777,r963,110,Cleaning
exp9778,r969,220,Electricity
exp9779,r755,200,Water
exp9780,r200,230,Cleaning
exp9781,r181,130,Water
exp9782,r418,140,Water
exp9783,r980,120,Cleaning
exp9784,r971,190,Water
exp9785,r746,160,Cleaning
exp9786,r441,130,Water
exp9787,r853,230,Electricity
exp9788,r324,150,Cleaning
exp9789,r551,110,Electricity
exp9790,r242,150,Water
exp9791,r631,130,Electricity
exp9792,r831,130,Electricity
exp9793,r575,150,Water
exp9794,r287,200,Cleaning
exp9795,r564,150,Electricity
exp9796,r291,170,Water
exp9797,r623,150,Electricity
exp9798,r632,200,Water
exp9799,r720,160,Electricity
exp9800,r283,240,Electricity
exp9801,r341,170,Cleaning
exp9802,r487,230,Cleaning
exp9803,r648,170,Electricity
exp9804,r604,240,Electricity
exp9805,r145,220,Water
exp9806,r875,250,Water
exp9807,r984,240,Cleaning
exp9808,r558,120,Cleaning
exp9809,r454,250,Water
exp9810,r838,190,Electricity
exp9811,r906,240,Electricity
exp9812,r220,130,Water
exp9813,r350,230,Water
exp9814,r662,110,Cleaning
exp9815,r719,180,Cleaning
exp9816,r182,130,Water
exp9817,r589,250,Electricity
exp9818,r107,110,Electricity
exp9819,r138,230,Cleaning
exp9820,r575,150,Water
exp9821,r913,100,Water
exp9822,r629,210,Electricity
exp9823,r917,120,Electricity
exp9824,r291,170,Electricity
exp9825,r148,150,Cleaning
exp9826,r619,100,Cleaning
exp9827,r652,210,Cleaning
exp9828,r310,240,Electricity
exp9829,r907,240,Cleaning
exp9830,r353,130,Water
exp9831,r354,150,Electricity
exp9832,r967,250,Cleaning
exp9833,r497,210,Cleaning
exp9834,r369,240,Water
exp9835,r724,170,Electricity
exp9836,r960,150,Electricity
exp9837,r435,240,Water
exp9838,r285,120,Cleaning
exp9839,r682,190,Water
exp9840,r969,150,Cleaning
exp9841,r332,150,Cleaning
exp9842,r343,200,Water
exp9843,r261,120,Cleaning
exp9844,r631,200,Electricity
exp9845,r493,240,Water
exp9846,r706,210,Electricity
exp9847,r753,210,Water
exp9848,r233,110,Electricity
exp9849,r762,230,Cleaning
exp9850,r589,140,Electricity
exp9851,r922,180,Electricity
exp9852,r544,130,Water
exp9853,r853,120,Cleaning
exp9854,r196,180,Water
exp9855,r670,250,Water
exp9856,r227,200,Cleaning
exp9857,r222,140,Cleaning
exp9858,r238,130,Cleaning
exp9859,r645,130,Cleaning
exp9860,r176,170,Cleaning
exp9861,r111,240,Electricity
exp9862,r857,200,Electricity
exp9863,r124,200,Water
exp9864,r579,250,Water
exp9865,r531,250,Electricity
exp9866,r754,230,Electricity
exp9867,r683,200,Water
exp9868,r774,130,Water
exp9869,r435,130,Electricity
exp9870,r875,150,Electricity
exp9871,r938,130,Electricity
exp9872,r441,100,Electricity
exp9873,r766,160,Water
exp9874,r292,130,Electricity
exp9875,r908,100,Cleaning
exp9876,r487,120,Electricity
exp9877,r205,150,Water
exp9878,r543,160,Water
exp9879,r681,100,Cleaning
exp9880,r367,100,Cleaning
exp9881,r470,210,Cleaning
exp9882,r822,140,Cleaning
exp9883,r481,200,Electricity
exp9884,r177,230,Cleaning
exp9885,r744,240,Cleaning
exp9886,r372,210,Water
exp9887,r724,170,Cleaning
exp9888,r520,240,Water
exp9889,r202,150,Water
exp9890,r312,220,Water
exp9891,r834,250,Cleaning
exp9892,r828,220,Water
exp9893,r730,240,Water
exp9894,r378,110,Electricity
exp9895,r590,130,Water
exp9896,r983,110,Water
exp9897,r499,130,Electricity
exp9898,r912,240,Electricity
exp9899,r750,120,Water
exp9900,r755,120,Water
exp9901,r546,130,Electricity
exp9902,r728,240,Cleaning
exp9903,r274,220,Electricity
exp9904,r670,140,Electricity
exp9905,r894,120,Electricity
exp9906,r207,230,Electricity
exp9907,r435,150,Electricity
exp9908,r494,100,Cleaning
exp9909,r926,130,Cleaning
exp9910,r228,210,Water
exp9911,r160,200,Cleaning
exp9912,r247,220,Water
exp9913,r962,190,Electricity
exp9914,r949,120,Electricity
exp9915,r782,150,Cleaning
exp9916,r545,160,Electricity
exp9917,r283,170,Water
exp9918,r307,200,Electricity
exp9919,r791,190,Cleaning
exp9920,r887,250,Electricity
exp9921,r329,210,Electricity
exp9922,r440,150,Water
exp9923,r567,210,Water
exp9924,r618,240,Cleaning
exp9925,r233,140,Water
exp9926,r229,200,Water
exp9927,r686,130,Water
exp9928,r472,250,Water
exp9929,r518,160,Cleaning
exp9930,r982,210,Cleaning
exp9931,r526,190,Electricity
exp9932,r938,150,Electricity
exp9933,r565,120,Cleaning
exp9934,r511,150,Cleaning
exp9935,r872,160,Cleaning
exp9936,r504,160,Electricity
exp9937,r887,140,Electricity
exp9938,r920,130,Cleaning
exp9939,r496,240,Cleaning
exp9940,r146,250,Water
exp9941,r754,250,Cleaning
exp9942,r131,160,Cleaning
exp9943,r280,200,Water
exp9944,r626,210,Electricity
exp9945,r247,240,Water
exp9946,r926,130,Cleaning
exp9947,r248,160,Water
exp9948,r534,160,Water
exp9949,r178,230,Electricity
exp9950,r753,250,Water
exp9951,r663,180,Water
exp9952,r227,170,Water
exp9953,r384,210,Cleaning
exp9954,r144,210,Cleaning
exp9955,r554,100,Cleaning
exp9956,r557,170,Water
exp9957,r589,160,Electricity
exp9958,r264,190,Electricity
exp9959,r577,140,Cleaning
exp9960,r107,240,Water
exp9961,r247,100,Water
exp9962,r821,160,Cleaning
exp9963,r303,210,Cleaning
exp9964,r811,150,Cleaning
exp9965,r805,220,Electricity
exp9966,r836,230,Water
exp9967,r690,190,Water
exp9968,r627,100,Electricity
exp9969,r480,160,Cleaning
exp9970,r457,130,Electricity
exp9971,r256,200,Water
exp9972,r963,200,Electricity
exp9973,r202,210,Water
exp9974,r793,240,Water
exp9975,r737,110,Water
exp9976,r985,200,Water
exp9977,r430,150,Cleaning
exp9978,r675,120,Cleaning
exp9979,r643,200,Water
exp9980,r348,230,Water
exp9981,r442,100,Electricity
exp9982,r165,250,Cleaning
exp9983,r339,220,Water
exp9984,r742,180,Cleaning
exp9985,r835,190,Cleaning
exp9986,r639,180,Cleaning
exp9987,r254,150,Electricity
exp9988,r870,130,Cleaning
exp9989,r296,150,Cleaning
exp9990,r923,190,Cleaning
exp9991,r469,180,Water
exp9992,r482,250,Water
exp9993,r549,190,Electricity
exp9994,r116,120,Water
exp9995,r363,110,Electricity
exp9996,r796,170,Electricity
exp9997,r462,170,Electricity
exp9998,r117,250,Electricity
exp9999,r128,220,Cleaning
exp10000,r633,240,Cleaning
exp10001,r971,120,Electricity
exp10002,r586,100,Cleaning
exp10003,r238,200,Cleaning
exp10004,r287,250,Water
exp10005,r393,220,Electricity
exp10006,r986,140,Cleaning
exp10007,r611,160,Water
exp10008,r347,190,Cleaning
exp10009,r220,120,Electricity
exp10010,r245,100,Cleaning
exp10011,r169,150,Electricity
exp10012,r396,220,Water
exp10013,r376,130,Water
exp10014,r225,250,Water
exp10015,r540,160,Cleaning
exp10016,r350,170,Electricity
exp10017,r115,150,Cleaning
exp10018,r112,200,Water
exp10019,r828,140,Cleaning
exp10020,r631,200,Cleaning
exp10021,r699,240,Cleaning
exp10022,r587,210,Electricity
exp10023,r589,180,Cleaning
exp10024,r911,220,Electricity
exp10025,r293,250,Water
exp10026,r783,180,Electricity
exp10027,r886,190,Cleaning
exp10028,r247,100,Electricity
exp10029,r709,200,Water
exp10030,r711,170,Cleaning
exp10031,r291,120,Water
exp10032,r419,140,Water
exp10033,r238,210,Water
exp10034,r811,190,Electricity
exp10035,r789,200,Electricity
exp10036,r944,130,Water
exp10037,r860,200,Cleaning
exp10038,r634,120,Water
exp10039,r903,100,Cleaning
exp10040,r218,170,Cleaning
exp10041,r319,110,Water
exp10042,r806,220,Electricity
exp10043,r187,190,Cleaning
exp10044,r831,110,Electricity
exp10045,r631,240,Water
exp10046,r716,170,Electricity
exp10047,r668,250,Water
exp10048,r259,230,Electricity
exp10049,r924,230,Electricity
exp10050,r370,130,Water
exp10051,r807,180,Water
exp10052,r121,200,Cleaning
exp10053,r142,250,Electricity
exp10054,r651,160,Water
exp10055,r339,250,Water
exp10056,r346,170,Electricity
exp10057,r597,130,Cleaning
exp10058,r887,110,Cleaning
exp10059,r554,150,Water
exp10060,r645,180,Cleaning
exp10061,r770,100,Electricity
exp10062,r333,180,Electricity
exp10063,r267,230,Cleaning
exp10064,r807,110,Water
exp10065,r533,180,Water
exp10066,r721,190,Water
exp10067,r240,140,Water
exp10068,r164,170,Electricity
exp10069,r232,170,Water
exp10070,r759,160,Electricity
exp10071,r881,200,Electricity
exp10072,r646,110,Water
exp10073,r891,150,Cleaning
exp10074,r411,200,Water
exp10075,r235,180,Water
exp10076,r156,230,Cleaning
exp10077,r185,130,Electricity
exp10078,r311,110,Electricity
exp10079,r258,200,Cleaning
exp10080,r133,150,Cleaning
exp10081,r606,240,Water
exp10082,r778,100,Cleaning
exp10083,r932,240,Cleaning
exp10084,r208,160,Electricity
exp10085,r584,220,Cleaning
exp10086,r641,190,Cleaning
exp10087,r277,230,Water
exp10088,r815,100,Water
exp10089,r740,120,Electricity
exp10090,r908,250,Cleaning
exp10091,r648,150,Electricity
exp10092,r713,140,Electricity
exp10093,r571,110,Cleaning
exp10094,r846,140,Water
exp10095,r964,190,Water
exp10096,r854,230,Electricity
exp10097,r826,240,Electricity
exp10098,r644,180,Electricity
exp10099,r707,240,Electricity
exp10100,r925,110,Cleaning