b996,f127,3
b388,f102,5
b1026,f163,1
b628,f151,5
b264,f159,2
b1051,f142,2
b434,f154,3
b979,f118,1
b566,f192,3
b777,f151,1
b909,f113,1
b130,f196,5
b788,f148,1
b735,f161,4
b568,f149,3
b1086,f193,5
b211,f198,4
b648,f175,4
b205,f168,4
b528,f152,2
b790,f144,1
b594,f182,5
b551,f156,3
b246,f165,1
b660,f179,3
b1078,f167,3
b138,f167,4
b751,f191,5
b602,f131,1
b232,f104,2
b673,f141,1
b446,f127,1
b733,f170,3
b281,f107,5
b296,f115,5
b147,f107,3
b329,f150,3
b195,f148,5
b233,f134,4
b1072,f196,1
b540,f128,1
b569,f126,3
b126,f143,5
b625,f127,4
b716,f128,4
b323,f104,5
b742,f122,3
b449,f193,3
b211,f151,3
b794,f165,5
b878,f104,1
b245,f198,3
b831,f151,5
b130,f156,1
b1019,f162,4
b801,f107,1
b532,f175,2
b684,f126,3
b687,f141,5
b523,f186,4
b580,f141,5
b272,f132,5
b516,f190,4
b513,f172,4
b159,f175,5
b755,f124,3
b773,f173,2
b913,f121,2
b324,f112,5
b382,f168,3
b434,f147,2
b778,f123,2
b270,f193,5
b723,f185,3
b944,f159,3
b228,f178,2
b121,f101,5
b851,f191,3
b482,f138,1
b1023,f104,2
b837,f181,1
b593,f167,1
b880,f153,4
b961,f177,5
b364,f101,4
b336,f140,1
b357,f200,2
b708,f159,4
b881,f124,1
b849,f181,2
b881,f149,5
b778,f143,1
b820,f161,2
b1046,f196,3
b261,f150,2
b362,f126,1
b373,f172,3
b419,f141,5
b1064,f183,3
b635,f149,4
b363,f116,2
b124,f189,1
b1064,f125,2
b979,f106,1
b669,f119,3
b352,f182,3
b192,f148,4
b287,f157,4
b899,f146,4
b654,f192,1
b924,f149,5
b135,f187,1
b622,f187,4
b363,f110,4
b601,f124,2
b163,f103,5
b268,f114,4
b108,f129,3
b447,f180,1
b427,f132,5
b775,f117,1
b692,f188,1
b938,f144,4
b844,f104,3
b130,f107,3
b281,f161,4
b740,f130,2
b114,f181,1
b263,f160,5
b938,f159,4
b660,f136,5
b640,f184,1
b114,f172,1
b1010,f113,2
b906,f151,1
b1067,f111,3
b335,f134,4
b801,f162,5
b497,f120,4
b1000,f146,4
b747,f150,2
b231,f169,2
b843,f139,4
b381,f152,1
b633,f190,1
b912,f106,5
b350,f152,2
b740,f135,3
b928,f127,2
b184,f145,2
b416,f195,2
b284,f163,1
b619,f189,1
b161,f184,5
b318,f129,5
b336,f162,2
b976,f163,5
b790,f106,5
b326,f143,5
b182,f115,4
b804,f197,4
b216,f162,2
b812,f115,3
b761,f105,2
b509,f165,2
b539,f106,4
b278,f101,5
b974,f128,1
b664,f140,3
b149,f175,5
b977,f146,1
b610,f186,5
b683,f117,2
b403,f156,1
b262,f144,2
b987,f158,1
b394,f190,3
b351,f193,4
b858,f114,4
b501,f192,4
b561,f187,5
b600,f143,5
b1037,f119,4
b146,f143,2
b891,f158,4
b152,f163,3
b1034,f155,4
b987,f108,1
b624,f166,3
b249,f168,5
b151,f187,2
b255,f150,2
b615,f120,3
b834,f134,1
b668,f176,2
b470,f158,5
b698,f113,1
b217,f171,5
b1078,f108,5
b479,f163,4
b214,f110,1
b952,f110,2
b186,f110,3
b855,f182,3
b819,f115,4
b710,f157,3
b294,f103,5
b412,f135,2
b1066,f147,4
b150,f105,5
b1032,f168,5
b931,f193,2
b803,f175,3
b415,f146,2
b399,f143,1
b337,f175,5
b133,f183,2
b881,f177,5
b225,f135,4
b718,f195,3
b535,f101,2
b229,f103,3
b586,f156,2
b529,f137,3
b757,f188,3
b731,f181,1
b648,f145,2
b271,f151,1
b260,f146,5
b894,f142,3
b1062,f155,3
b742,f158,3
b319,f112,4
b244,f160,4
b300,f194,2
b673,f138,3
b380,f130,3
b1071,f180,3
b245,f125,2
b209,f135,5
b875,f185,2
b451,f161,4
b962,f113,3
b210,f122,5
b540,f150,1
b670,f104,3
b814,f123,5
b803,f147,1
b187,f153,1
b510,f156,4
b970,f195,4
b969,f140,1
b1014,f132,3
b472,f182,2
b957,f178,1
b187,f169,1
b787,f149,1
b141,f192,5
b1073,f141,1
b336,f186,3
b660,f118,4
b359,f107,1
b387,f193,4
b102,f129,2
b955,f158,1
b780,f106,2
b567,f180,1
b148,f112,1
b973,f168,1
b685,f184,1
b958,f193,2
b127,f102,3
b783,f123,3
b626,f189,3
b173,f179,1
b474,f109,5
b994,f120,2
b609,f181,2
b977,f162,1
b538,f145,2
b691,f196,4
b1014,f163,4
b356,f136,2
b269,f140,5
b103,f155,1
b420,f199,2
b526,f169,2
b133,f116,1
b1057,f130,1
b777,f118,2
b1050,f132,3
b390,f107,5
b959,f141,2
b175,f154,5
b392,f178,2
b124,f134,1
b852,f177,2
b537,f135,2
b995,f190,5
b711,f200,2
b111,f157,1
b181,f161,5
b417,f180,1
b468,f170,5
b422,f129,5
b1088,f166,1
b134,f141,3
b323,f155,2
b1053,f138,1
b139,f157,2
b380,f111,5
b249,f174,5
b810,f118,4
b307,f164,5
b796,f133,3
b1063,f117,2
b727,f172,1
b992,f116,1
b710,f123,2
b972,f184,3
b270,f160,5
b265,f179,5
b598,f110,5
b852,f177,3
b767,f140,3
b774,f143,5
b636,f138,1
b887,f166,3
b861,f116,4
b459,f170,1
b292,f132,3
b591,f143,4
b981,f198,5
b1025,f136,5
b592,f102,3
b696,f188,4
b265,f102,1
b346,f188,3
b1009,f153,3
b592,f163,4
b854,f125,5
b553,f170,2
b973,f200,4
b273,f118,1
b230,f163,4
b612,f132,2
b596,f154,2
b790,f189,4
b1090,f194,3
b614,f131,2
b556,f118,5
b240,f101,4
b277,f109,4
b828,f195,3
b1027,f185,1
b223,f179,1
b459,f140,1
b799,f102,1
b185,f168,3
b530,f170,4
b563,f163,4
b452,f138,1
b1067,f191,4
b516,f161,1
b465,f120,1
b173,f197,4
b537,f187,2
b292,f169,2
b1055,f173,3
b322,f161,4
b663,f117,4
b356,f103,4
b619,f109,1
b489,f170,2
b1071,f190,5
b752,f118,2
b399,f198,5
b1082,f169,2
b773,f101,3
b203,f166,2
b320,f169,4
b498,f159,1
b464,f156,1
b888,f132,1
b133,f156,5
b222,f141,3
b572,f117,1
b720,f144,3
b623,f171,2
b689,f150,3
b147,f142,2
b1049,f182,4
b141,f194,1
b637,f154,2
b261,f132,4
b660,f109,5
b410,f177,1
b974,f146,3
b743,f171,1
b861,f160,3
b482,f143,2
b902,f124,3
b918,f165,2
b196,f102,2
b735,f106,4
b149,f104,1
b521,f154,4
b1045,f174,1
b1010,f130,4
b677,f156,1
b120,f182,2
b948,f167,1
b364,f134,4
b168,f159,4
b164,f117,2
b1013,f108,1
b396,f182,5
b921,f127,2
b269,f166,5
b168,f200,4
b778,f103,1
b527,f141,1
b458,f154,5
b337,f101,2
b487,f152,3
b842,f134,5
b849,f131,2
b846,f158,2
b150,f158,1
b322,f179,4
b732,f124,3
b485,f142,4
b111,f130,3
b755,f187,3
b1058,f175,4
b714,f159,5
b1088,f107,3
b768,f129,3
b109,f175,3
b404,f178,1
b746,f134,5
b280,f129,2
b527,f106,5
b388,f170,4
b135,f189,5
b238,f165,4
b932,f147,5
b838,f189,3
b678,f188,4
b549,f107,2
b1086,f165,5
b133,f150,1
b324,f105,5
b124,f138,3
b921,f186,1
b481,f175,1
b571,f138,5
b348,f133,3
b779,f131,1
b995,f105,4
b276,f128,3
b1060,f187,4
b908,f197,5
b336,f153,3
b555,f153,3
b383,f105,3
b582,f109,4
b291,f181,3
b646,f102,4
b322,f138,1
b223,f183,3
b885,f167,3
b267,f121,4
b1073,f178,5
b547,f199,5
b678,f176,4
b907,f104,3
b445,f155,3
b1074,f167,5
b944,f153,4
b452,f139,4
b566,f109,5
b305,f119,5
b314,f171,3
b754,f127,4
b366,f110,2
b486,f102,1
b302,f123,5
b1053,f143,5
b893,f107,1
b161,f129,2
b829,f108,5
b654,f192,4
b635,f183,1
b653,f192,4
b526,f136,3
b905,f137,1
b439,f166,5
b210,f176,3
b103,f148,4
b293,f128,4
b500,f127,1
b762,f101,5
b525,f200,2
b449,f122,2
b158,f170,3
b210,f152,4
b1091,f108,2
b957,f144,3
b920,f143,2
b640,f110,5
b753,f104,1
b1097,f129,1
b205,f188,3
b149,f136,3
b181,f143,4
b114,f106,3
b800,f149,4
b793,f156,5
b154,f173,5
b148,f192,3
b911,f198,4
b715,f177,1
b815,f135,2
b701,f186,4
b998,f159,4
b683,f160,2
b218,f114,1
b406,f143,5
b279,f114,1
b137,f119,4
b381,f103,4
b910,f134,4
b919,f177,4
b302,f126,4
b754,f167,5
b876,f101,4
b428,f102,1
b1097,f186,2
b592,f130,2
b469,f119,2
b725,f191,2
b404,f177,1
b257,f104,4
b204,f174,4
b652,f111,2
b662,f173,3
b857,f199,4
b705,f107,3
b477,f124,1
b954,f139,4
b964,f132,3
b741,f120,2
b1035,f150,3
b459,f114,1
b373,f156,2
b900,f190,1
b762,f158,4
b635,f124,1
b980,f183,2
b382,f125,3
b779,f190,1
b542,f128,5
b929,f161,4
b710,f185,4
b589,f158,3
b499,f137,2
b1070,f114,1
b573,f189,3
b691,f173,5
b652,f151,4
b665,f193,5
b669,f163,5
b622,f151,4
b1084,f124,2
b1002,f142,5
b126,f132,3
b485,f161,2
b842,f114,3
b262,f200,5
b1045,f172,5
b1044,f145,5
b588,f147,3
b528,f175,3
b748,f169,3
b841,f143,5
b655,f129,5
b318,f144,3
b572,f167,2
b600,f183,2
b927,f127,2
b391,f141,3
b417,f105,1
b389,f200,4
b335,f179,1
b879,f157,5
b819,f175,4
b626,f170,2
b760,f116,1
b952,f101,2
b1003,f145,4
b1040,f185,2
b751,f140,3
b384,f102,1
b229,f137,1
b109,f131,3
b820,f174,2
b316,f111,5
b782,f144,1
b353,f166,2
b1017,f168,1
b497,f140,3
b1078,f109,4
b1081,f165,4
b113,f165,2
b1053,f165,1
b735,f116,5
b845,f157,3
b999,f134,1
b567,f113,2
b899,f131,4
b902,f119,5
b848,f104,1
b901,f132,2
b776,f183,4
b443,f112,1
b170,f197,3
b709,f198,4
b112,f178,2
b224,f200,4
b146,f108,1
b1035,f179,1
b299,f147,1
b477,f167,5
b519,f139,2
b745,f115,2
b908,f153,4
b694,f184,1
b890,f148,4
b794,f126,2
b705,f102,3
b917,f160,1
b478,f197,4
b484,f168,1
b630,f200,1
b696,f199,3
b276,f190,2
b954,f193,2
b780,f115,1
b753,f158,5
b1063,f177,3
b1087,f169,3
b192,f133,4
b677,f190,2
b913,f176,2
b933,f124,1
b1087,f166,5
b723,f169,5
b694,f144,1
b507,f163,2
b292,f115,2
b865,f104,1
b537,f195,3
b524,f194,3
b761,f200,1
b785,f126,5
b399,f192,5
b236,f159,3
b449,f129,5
b426,f124,3
b692,f126,3
b1027,f154,5
b348,f140,4
b1030,f160,2
b357,f164,4
b851,f141,1
b115,f131,5
b364,f170,2
b943,f168,3
b894,f144,3
b584,f179,1
b954,f111,2
b989,f172,5
b1093,f197,1
b411,f177,3
b707,f136,1
b457,f180,3
b242,f199,3
b263,f122,3
b265,f138,1
b1057,f128,5
b477,f108,1
b227,f153,1
b788,f115,2
b1042,f104,5
b865,f120,1
b587,f170,2
b648,f120,2
b469,f195,5
b663,f180,3
b723,f165,5
b671,f166,1
b963,f134,2
b587,f177,2
b631,f156,4
b175,f173,5
b757,f111,5
b1072,f102,2
b498,f154,2
b1018,f185,5
b132,f161,2
b1081,f192,1
b841,f172,4
b271,f118,3
b431,f155,4
b501,f168,1
b939,f158,2
b949,f113,3
b487,f108,5
b521,f186,4
b685,f162,2
b416,f174,4
b661,f150,5
b710,f110,2
b529,f125,5
b704,f185,4
b661,f131,2
b664,f107,2
b869,f152,4
b1024,f158,5
b1006,f120,5
b226,f107,5
b128,f144,1
b140,f191,3
b253,f151,1
b252,f178,2
b749,f149,4
b146,f126,3
b133,f159,1
b854,f177,2
b500,f168,3
b387,f125,4
b301,f139,3
b813,f112,5
b851,f138,5
b953,f178,5
b746,f167,2
b627,f171,5
b599,f130,2
b191,f125,5
b779,f185,3
b257,f200,1
b623,f143,2
b151,f116,5
b170,f156,4
b188,f130,3
b391,f174,1
b762,f133,5
b196,f199,5
b857,f169,4
b827,f151,1
b769,f127,4
b308,f153,2
b844,f153,5
b231,f161,2
b172,f138,1
b650,f146,2
b494,f152,3
b216,f193,3
b985,f124,2
b920,f132,5
b775,f106,4
b1056,f129,3
b593,f172,2
b886,f197,3
b267,f128,1
b379,f146,4
b930,f175,4
b438,f158,2
b138,f171,3
b925,f192,5
b951,f174,5
b224,f163,1
b838,f122,3
b913,f200,2
b627,f105,2
b761,f135,5
b1055,f198,4
b667,f124,2
b765,f138,4
b411,f134,3
b125,f181,5
b304,f194,1
b506,f139,4
b759,f168,1
b732,f130,1
b663,f174,3
b255,f117,3
b752,f135,2
b207,f140,5
b175,f123,3
b164,f130,4
b417,f107,3
b171,f192,5
b1022,f182,5
b987,f153,1
b1084,f193,2
b548,f174,4
b777,f168,2
b300,f193,5
b851,f124,4
b250,f190,3
b684,f104,5
b634,f140,5
b434,f146,4
b910,f195,1
b888,f101,5
b991,f126,1
b634,f124,1
b125,f133,3
b208,f181,1
b634,f143,3
b444,f168,3
b569,f110,5
b500,f171,4
b749,f105,2
b146,f118,1
b221,f196,4
b270,f181,2
b811,f152,4
b892,f172,4
b690,f189,1
b943,f158,1
b1025,f170,2
b910,f192,5
b273,f178,5
b137,f118,2
b240,f112,2
b888,f115,3
b979,f192,3
b342,f173,1
b1086,f149,2
b110,f156,1
b180,f115,2
b646,f128,1
b934,f180,2
b582,f135,1
b981,f144,3
b553,f126,2
b447,f181,1
b761,f151,4
b645,f177,3
b441,f146,2
b127,f193,1
b468,f169,3
b622,f173,4
b963,f188,1
b277,f140,4
b230,f157,2
b840,f127,1
b500,f122,1
b220,f143,5
b612,f150,4
b875,f142,1
b816,f141,3
b458,f166,5
b1058,f127,2
b598,f145,4
b227,f161,4
b686,f107,2
b378,f176,4
b649,f142,5
b933,f156,3
b225,f157,4
b311,f130,1
b849,f133,5
b605,f188,5
b489,f161,4
b507,f104,1
b281,f129,1
b1008,f172,2
b558,f174,5
b895,f197,1
b307,f159,5
b205,f165,3
b801,f189,2
b603,f197,4
b225,f113,5
b831,f164,4
b749,f180,3
b557,f183,4
b635,f110,5
b1059,f105,5
b101,f159,3
b384,f143,2
b813,f144,1
b120,f108,2
b840,f190,4
b521,f104,5
b581,f144,5
b665,f174,4
b913,f130,5
b255,f125,5
b203,f151,4
b837,f183,4
b821,f115,3
b968,f109,3
b825,f185,1
b645,f167,1
b780,f108,2
b1060,f191,4
b865,f115,3
b130,f185,3
b809,f140,2
b820,f182,1
b515,f187,4
b833,f101,2
b233,f177,3
b1075,f176,1
b240,f103,1
b315,f133,1
b586,f139,5
b530,f106,1
b749,f161,3
b795,f162,5
b838,f154,1
b586,f164,4
b405,f180,3
b514,f178,5
b216,f145,3
b839,f125,5
b470,f143,1
b1077,f191,3
b600,f157,1
b623,f190,4
b888,f172,1
b878,f167,1
b639,f120,1
b705,f175,2
b529,f151,4
b670,f113,1
b289,f187,5
b702,f127,5
b972,f172,1
b498,f116,1
b417,f179,5
b865,f180,1
b893,f160,1
b486,f127,5
b480,f154,5
b629,f105,3
b122,f179,3
b445,f186,5
b1083,f178,5
b727,f145,3
b245,f174,1
b854,f121,5
b361,f103,4
b725,f147,4
b380,f134,1
b541,f175,2
b740,f173,5
b562,f172,1
b458,f104,1
b304,f180,1
b612,f115,5
b1033,f145,2
b847,f184,4
b786,f167,5
b850,f101,3
b194,f186,1
b684,f156,4
b163,f184,5
b900,f101,4
b355,f181,1
b629,f195,2
b567,f196,4
b389,f130,3
b649,f156,5
b1049,f104,3
b734,f147,1
b798,f104,3
b190,f181,4
b839,f191,3
b1055,f129,5
b790,f108,3
b465,f144,4
b179,f190,1
b1067,f112,2
b172,f172,4
b912,f162,3
b527,f176,2
b427,f168,2
b351,f184,4
b632,f109,2
b1070,f186,5
b604,f119,3
b339,f184,3
b762,f200,1
b663,f104,2
b811,f109,1
b1034,f181,4
b352,f160,4
b1015,f104,5
b217,f114,4
b553,f125,1
b498,f130,1
b511,f158,5
b1100,f146,5
b833,f164,5
b1090,f132,4
b589,f140,3
b392,f143,3
b609,f155,1
b773,f156,4
b1036,f181,3
b1026,f174,2
b127,f116,2
b619,f119,5
b931,f190,5
b601,f191,1
b623,f107,2
b582,f146,2
b182,f174,2
b138,f137,5
b713,f112,1
b1009,f108,1
b808,f169,4
b118,f113,4
b286,f113,1
b353,f119,4
b152,f129,1
b585,f141,2
b423,f168,2
b779,f178,3
b197,f134,2
b798,f195,3
b146,f155,1
b517,f159,1
b1044,f179,2
b840,f107,5
b516,f200,4
b663,f167,5
b378,f171,2
b599,f148,3
b714,f165,2
b645,f114,1
b461,f194,2
b769,f145,1
b261,f109,2
b691,f126,5
b775,f116,2
b854,f194,3
b448,f146,3
b472,f161,5
b952,f127,3
b677,f170,1
b400,f198,4
b555,f200,2
b1031,f107,1
b569,f118,2
b917,f170,1
b400,f157,1
b408,f105,2
b235,f200,1
b399,f167,5
b457,f119,3
b1060,f103,5
b269,f200,4
b691,f183,2
b304,f184,2
b763,f128,3
b439,f192,3
b675,f150,3
b899,f181,5
b1055,f197,4
b155,f137,1
b759,f131,5
b736,f175,3
b627,f101,3
b972,f117,3
b225,f195,3
b124,f154,3
b706,f117,2
b597,f114,4
b537,f166,4
b842,f187,4
b701,f125,1
b638,f177,4
b327,f194,3
b161,f148,5
b1096,f104,5
b227,f108,3
b743,f114,3
b584,f131,2
b1095,f117,3
b754,f115,3
b239,f113,3
b684,f114,5
b1033,f195,2
b160,f119,1
b714,f109,2
b105,f196,5
b919,f140,2
b635,f170,2
b1076,f188,5
b144,f183,3
b792,f151,4
b102,f149,4
b955,f122,5
b301,f124,4
b737,f156,4
b582,f180,1
b293,f178,3
b873,f149,1
b514,f119,3
b373,f101,3
b967,f142,5
b947,f122,1
b779,f138,4
b1010,f136,1
b438,f192,1
b128,f151,4
b744,f114,3
b114,f153,3
b661,f189,4
b961,f107,5
b994,f108,2
b607,f130,3
b116,f136,1
b274,f131,1
b850,f150,4
b188,f120,2
b911,f158,3
b619,f136,5
b332,f170,5
b676,f167,3
b323,f143,2
b562,f142,1
b311,f163,2
b555,f137,5
b1037,f137,4
b828,f165,1
b848,f174,1
b1049,f120,1
b597,f187,2
b219,f150,3
b114,f118,1
b142,f194,1
b278,f140,3
b766,f125,3
b506,f126,1
b222,f156,3
b639,f187,2
b798,f168,3
b742,f169,4
b463,f128,4
b551,f146,4
b494,f120,1
b795,f119,3
b600,f153,2
b344,f148,2
b994,f178,2
b496,f125,4
b528,f147,2
b1051,f140,2
b345,f194,2
b504,f165,3
b1002,f200,2
b420,f115,4
b390,f168,3
b142,f154,5
b791,f133,2
b486,f192,2
b203,f198,5
b292,f138,1
b815,f135,2
b1006,f121,2
b839,f168,2
b114,f102,1
b173,f166,2
b1004,f134,2
b971,f169,4
b903,f169,1
b453,f174,2
b980,f149,4
b431,f165,5
b765,f128,4
b424,f147,1
b111,f194,5
b843,f112,2
b141,f155,3
b995,f131,4
b874,f156,4
b259,f137,5
b412,f177,3
b333,f124,1
b127,f126,1
b184,f126,5
b969,f160,4
b166,f130,1
b576,f125,4
b446,f130,1
b142,f144,2
b574,f148,1
b991,f129,5
b119,f122,4
b347,f126,1
b1052,f169,1
b242,f128,5
b123,f172,2
b645,f196,4
b196,f106,5
b450,f141,5
b152,f131,3
b670,f138,4
b178,f171,5
b1097,f136,1
b337,f197,4
b538,f155,4
b1025,f123,4
b950,f164,5
b400,f200,4
b921,f181,2
b869,f146,5
b1044,f199,2
b1075,f122,5
b938,f165,4
b506,f105,2
b762,f150,4
b285,f107,2
b902,f102,5
b1016,f144,5
b269,f175,2
b878,f192,3
b250,f191,4
b747,f190,2
b167,f147,4
b739,f169,1
b151,f167,2
b648,f175,3
b256,f102,4
b739,f113,3
b434,f131,5
b792,f122,1
b721,f193,2
b290,f102,3
b421,f171,5
b971,f114,5
b887,f122,1
b256,f105,5
b221,f123,2
b378,f147,3
b929,f113,2
b575,f164,5
b818,f135,3
b736,f141,2
b572,f106,5
b229,f156,4
b1020,f189,1
b718,f131,5
b862,f136,1
b142,f199,1
b977,f199,4
b116,f157,2
b554,f147,3
b173,f177,5
b506,f159,5
b1057,f113,2
b520,f162,1
b604,f150,2
b878,f119,1
b455,f198,5
b847,f107,3
b454,f167,3
b133,f138,3
b1039,f161,1
b998,f123,5
b483,f116,5
b165,f189,2
b558,f127,3
b452,f152,2
b987,f139,3
b1048,f132,2
b137,f102,1
b753,f140,5
b331,f168,4
b1097,f170,3
b404,f169,4
b807,f192,3
b732,f183,3
b156,f145,3
b679,f124,3
b517,f156,5
b949,f151,1
b471,f194,4
b429,f146,1
b622,f121,3
b413,f153,3
b310,f104,4
b242,f185,2
b661,f193,2
b796,f139,2
b148,f173,1
b768,f192,4
b536,f132,4
b197,f102,4
b888,f172,2
b412,f170,3
b1069,f181,1
b918,f116,2
b1037,f130,5
b118,f176,1
b274,f125,1
b268,f113,3
b215,f170,3
b207,f189,1
b809,f135,1
b973,f197,1
b655,f124,5
b1094,f167,4
b224,f159,2
b513,f198,3
b599,f107,2
b663,f197,2
b156,f200,5
b191,f121,4
b622,f160,5
b238,f102,1
b609,f118,2
b775,f148,5
b938,f186,2
b364,f183,3
b776,f172,4
b350,f176,3
b704,f186,3
b1073,f152,5
b689,f159,2
b383,f176,2
b169,f153,2
b923,f169,3
b107,f176,5
b1092,f137,2
b278,f108,3
b835,f198,1
b659,f198,3
b907,f179,2
b1017,f183,5
b702,f194,5
b258,f153,3
b180,f126,5
b309,f108,3
b800,f155,5
b171,f145,2
b361,f101,4
b805,f132,3
b271,f199,3
b953,f184,1
b498,f122,1
b232,f126,4
b328,f113,5
b658,f165,1
b291,f187,2
b301,f112,1
b389,f119,1
b338,f174,5
b912,f192,5
b328,f129,3
b1030,f177,1
b887,f166,1
b471,f155,4
b844,f138,2
b519,f149,5
b697,f140,4
b292,f115,5
b469,f103,2
b699,f133,4
b415,f122,2
b159,f126,5
b234,f177,5
b152,f164,5
b377,f105,1
b295,f109,4
b345,f128,4
b910,f157,5
b867,f177,1
b115,f183,3
b134,f200,2
b458,f177,5
b474,f179,1
b742,f196,3
b530,f124,1
b409,f165,5
b226,f194,4
b849,f155,5
b960,f196,1
b1026,f179,4
b1074,f177,1
b656,f167,1
b1007,f174,1
b715,f157,4
b549,f151,1
b792,f156,1
b503,f114,3
b728,f107,5
b114,f117,3
b311,f121,1
b1011,f168,1
b560,f197,3
b789,f189,5
b360,f108,4
b773,f147,2
b962,f118,1
b149,f184,1
b860,f195,5
b310,f121,2
b1062,f154,1
b650,f161,5
b110,f130,2
b802,f165,5
b798,f162,5
b586,f158,5
b384,f111,5
b273,f161,3
b793,f177,2
b647,f158,4
b451,f186,5
b388,f150,5
b803,f198,2
b183,f150,3
b439,f107,1
b356,f193,4
b111,f181,1
b803,f185,1
b607,f117,1
b1035,f122,4
b555,f194,3
b854,f182,5
b429,f125,5
b856,f165,5
b425,f175,1
b651,f120,5
b803,f191,4
b553,f127,4
b119,f182,5
b101,f110,4
b400,f172,2
b1054,f124,3
b265,f157,1
b469,f197,3
b866,f155,1
b1076,f137,2
b1011,f191,5
b608,f180,2
b1075,f183,1
b104,f121,3
b323,f155,5
b937,f173,4
b716,f175,3
b484,f198,2
b406,f157,2
b797,f157,3
b213,f147,2
b286,f188,3
b843,f180,3
b611,f180,2
b432,f191,1
b453,f198,1
b624,f188,1
b410,f177,5
b630,f176,1
b490,f128,5
b1016,f136,2
b928,f171,2
b871,f133,1
b641,f163,3
b151,f144,3
b402,f101,2
b463,f130,2
b1028,f170,3
b259,f104,1
b640,f113,1
b1032,f157,3
b731,f196,2
b727,f140,5
b714,f189,4
b505,f123,2
b158,f182,5
b547,f168,4
b855,f190,5
b634,f115,1
b331,f112,1
b257,f199,1
b703,f196,5
b691,f180,2
b923,f147,1
b170,f181,3
b136,f194,4
b598,f166,2
b966,f145,3
b577,f106,3
b300,f179,4
b1081,f115,2
b163,f145,1
b566,f180,1
b292,f158,1
b414,f179,3
b643,f120,3
b334,f141,2
b197,f173,5
b902,f153,2
b823,f199,2
b131,f185,2
b832,f129,5
b580,f198,5
b745,f117,5
b510,f193,1
b587,f143,4
b497,f109,4
b921,f172,5
b150,f159,2
b217,f182,2
b573,f162,4
b217,f178,3
b350,f178,1
b301,f152,3
b253,f109,2
b775,f125,3
b224,f200,2
b370,f156,4
b1075,f108,3
b308,f127,2
b718,f120,3
b349,f191,1
b854,f108,5
b370,f172,3
b875,f199,1
b1090,f121,3
b383,f193,3
b342,f104,4
b151,f163,2
b199,f155,2
b415,f135,2
b970,f102,5
b182,f192,4
b324,f142,1
b243,f116,3
b252,f134,1
b130,f128,4
b323,f167,4
b361,f186,3
b333,f134,3
b621,f172,2
b449,f172,5
b535,f124,2
b890,f186,2
b335,f132,2
b830,f188,5
b110,f131,4
b152,f142,5
b499,f147,2
b1001,f110,1
b535,f132,4
b314,f192,1
b911,f117,4
b212,f156,4
b896,f107,3
b587,f168,5
b611,f176,4
b530,f198,3
b704,f103,3
b579,f115,3
b1000,f189,5
b532,f142,4
b327,f122,3
b979,f189,5
b1033,f191,1
b498,f139,2
b212,f152,1
b741,f117,2
b1078,f134,5
b582,f132,2
b492,f185,5
b145,f129,5
b192,f106,4
b401,f168,5
b656,f168,3
b1073,f141,4
b847,f171,4
b823,f150,5
b712,f133,1
b838,f120,3
b590,f170,3
b540,f196,4
b673,f194,2
b739,f110,2
b721,f174,3
b155,f196,2
b258,f136,3
b244,f152,2
b858,f199,3
b118,f136,2
b413,f179,1
b402,f123,4
b151,f147,5
b823,f164,4
b631,f179,3
b633,f181,3
b1000,f123,5
b584,f138,4
b1076,f106,2
b506,f184,3
b342,f149,3
b994,f153,1
b215,f173,2
b529,f160,4
b1003,f200,1
b404,f135,5
b965,f167,1
b230,f103,5
b1093,f108,4
b831,f199,4
b413,f128,5
b1005,f132,1
b183,f108,3
b688,f149,3
b770,f112,4
b341,f153,2
b812,f158,5
b1085,f180,1
b566,f196,3
b964,f195,2
b922,f107,5
b339,f116,1
b1034,f132,1
b442,f169,4
b956,f193,5
b537,f182,5
b269,f177,5
b535,f124,4
b699,f125,2
b659,f145,1
b1015,f126,3
b346,f130,5
b427,f127,3
b812,f125,3
b887,f123,1
b930,f117,4
b539,f133,3
b581,f189,3
b389,f153,4
b573,f150,1
b683,f197,5
b385,f176,1
b380,f102,2
b385,f184,3
b292,f185,5
b961,f118,5
b515,f110,1
b200,f180,1
b594,f154,2
b825,f112,4
b745,f108,2
b1043,f125,4
b383,f152,5
b595,f117,2
b209,f143,2
b560,f192,5
b302,f121,4
b574,f111,1
b672,f114,5
b902,f136,2
b916,f183,5
b897,f143,4
b241,f104,2
b519,f186,2
b619,f123,4
b811,f168,5
b244,f113,2
b174,f150,4
b298,f156,4
b408,f114,1
b1004,f116,1
b331,f169,3
b712,f106,5
b212,f182,3
b755,f197,1
b687,f120,4
b753,f116,2
b561,f122,2
b1067,f186,1
b297,f166,2
b115,f119,4
b645,f150,2
b992,f163,4
b178,f166,4
b393,f198,3
b385,f190,3
b577,f108,2
b727,f178,2
b328,f200,4
b106,f164,4
b546,f152,1
b605,f166,3
b720,f102,5
b1060,f104,4
b693,f117,4
b934,f104,4
b516,f113,4
b448,f109,3
b999,f149,2
b826,f171,4
b725,f149,4
b519,f106,2
b544,f105,5
b255,f167,4
b1096,f116,3
b702,f187,4
b1064,f114,2
b268,f148,4
b959,f146,5
b501,f124,2
b380,f109,1
b337,f139,5
b211,f155,5
b1037,f141,2
b1000,f117,4
b451,f196,2
b230,f136,2
b745,f169,4
b904,f119,1
b170,f141,1
b372,f126,4
b669,f128,2
b904,f187,5
b466,f195,2
b824,f107,4
b251,f129,3
b978,f180,3
b611,f159,4
b789,f130,2
b263,f183,5
b695,f110,5
b793,f173,2
b383,f199,3
b771,f142,2
b155,f177,5
b391,f111,1
b154,f137,3
b625,f167,3
b881,f141,5
b1053,f197,4
b849,f111,4
b971,f126,2
b762,f134,3
b827,f155,5
b897,f118,4
b749,f190,2
b432,f193,5
b560,f136,4
b102,f124,2
b930,f196,2
b466,f161,1
b751,f118,3
b189,f109,1
b506,f157,2
b357,f136,3
b801,f148,4
b205,f167,3
b907,f105,1
b561,f126,2
b374,f186,3
b209,f129,1
b527,f163,2
b798,f123,4
b186,f181,1
b385,f104,1
b549,f172,4
b398,f152,1
b1080,f193,4
b438,f156,3
b1091,f160,5
b738,f105,4
b699,f197,2
b150,f125,5
b966,f197,5
b697,f150,3
b396,f194,3
b1014,f136,1
b1057,f151,1
b646,f118,5
b303,f158,1
b193,f160,3
b346,f184,2
b675,f137,4
b612,f101,4
b403,f182,5
b153,f194,1
b649,f157,1
b216,f134,5
b963,f143,3
b1047,f198,1
b213,f116,1
b804,f136,3
b913,f178,4
b154,f110,5
b1048,f158,4
b419,f123,5
b1064,f107,1
b330,f139,1
b506,f106,5
b233,f117,4
b821,f108,3
b773,f149,4
b285,f153,3
b1018,f181,3
b866,f191,3
b155,f126,2
b914,f148,1
b376,f173,1
b128,f169,4
b298,f138,5
b666,f186,1
b303,f120,1
b970,f171,3
b739,f194,4
b960,f122,2
b1058,f185,5
b216,f132,5
b284,f117,1
b439,f188,2
b646,f118,3
b438,f163,3
b771,f159,1
b698,f169,3
b438,f160,4
b928,f171,4
b848,f155,1
b1058,f151,2
b573,f129,4
b908,f149,2
b486,f123,3
b888,f181,5
b836,f112,5
b825,f172,3
b369,f179,5
b703,f155,1
b645,f117,3
b1014,f134,5
b1005,f190,3
b699,f113,5
b624,f101,4
b668,f180,4
b644,f171,3
b405,f139,2
b997,f132,3
b734,f131,1
b628,f138,4
b898,f136,2
b695,f144,5
b369,f158,1
b799,f116,3
b345,f113,4
b655,f109,1
b575,f119,1
b1005,f168,1
b718,f119,5
b222,f113,2
b938,f168,5
b508,f196,4
b163,f153,1
b996,f156,2
b731,f149,4
b352,f106,4
b882,f124,5
b714,f174,4
b207,f191,4
b319,f180,1
b364,f133,3
b957,f160,4
b619,f171,2
b150,f158,1
b468,f149,4
b598,f141,1
b330,f142,2
b136,f136,3
b144,f179,2
b861,f134,2
b419,f104,1
b988,f119,4
b592,f145,5
b823,f136,1
b343,f158,5
b169,f180,5
b222,f154,3
b976,f179,5
b534,f193,5
b498,f189,1
b106,f197,3
b207,f190,1
b310,f160,2
b885,f131,5
b518,f101,5
b165,f133,4
b101,f109,2
b530,f169,3
b765,f150,1
b545,f127,1
b794,f118,2
b768,f133,2
b743,f113,1
b242,f133,1
b946,f187,5
b1016,f115,4
b579,f116,1
b682,f107,4
b716,f162,4
b957,f180,5
b248,f102,2
b897,f111,5
b646,f114,3
b187,f176,1
b303,f185,3
b1065,f123,3
b828,f134,5
b1022,f128,5
b702,f186,2
b306,f102,2
b561,f106,2
b1071,f164,4
b264,f137,4
b504,f181,3
b357,f159,2
b477,f108,2
b444,f115,5
b788,f135,4
b1016,f146,2
b448,f110,2
b1001,f132,3
b125,f113,5
b561,f186,2
b789,f155,5
b577,f104,1
b117,f131,4
b996,f155,4
b693,f110,4
b406,f106,5
b760,f188,3
b233,f135,5
b962,f122,3
b147,f158,3
b359,f129,5
b1024,f133,1
b168,f174,2
b328,f116,1
b262,f129,2
b419,f125,1
b985,f150,5
b983,f180,1
b350,f126,3
b1096,f190,3
b111,f121,2
b862,f110,2
b478,f156,2
b865,f110,2
b691,f104,1
b1033,f120,2
b163,f184,3
b834,f144,5
b173,f185,3
b754,f109,5
b873,f104,4
b965,f107,1
b838,f103,2
b279,f105,3
b198,f150,1
b240,f167,3
b1054,f134,5
b648,f130,1
b1044,f186,5
b238,f117,4
b460,f197,4
b554,f135,2
b741,f195,5
b702,f104,2
b886,f105,5
b133,f193,3
b608,f112,5
b584,f169,3
b778,f180,5
b858,f166,1
b115,f159,4
b139,f189,1
b322,f111,5
b777,f176,3
b205,f172,2
b860,f133,5
b242,f128,3
b991,f197,5
b783,f167,3
b447,f137,4
b470,f180,4
b634,f128,4
b603,f144,3
b534,f189,5
b481,f111,4
b598,f127,3
b1019,f141,1
b613,f199,1
b130,f117,1
b906,f146,4
b148,f193,5
b432,f132,1
b235,f119,1
b943,f171,1
b1000,f141,5
b171,f179,4
b992,f121,4
b726,f172,2
b1038,f166,3
b864,f182,2
b551,f192,2
b1007,f128,1
b453,f192,2
b868,f179,1
b719,f175,1
b282,f173,1
b167,f102,3
b631,f189,4
b806,f146,2
b737,f149,1
b194,f189,5
b707,f114,2
b107,f200,1
b709,f108,1
b530,f109,4
b691,f183,4
b351,f150,3
b528,f154,1
b199,f193,4
b749,f192,2
b733,f153,5
b490,f196,5
b411,f181,4
b508,f199,3
b830,f173,1
b268,f188,2
b1046,f136,1
b315,f188,1
b764,f187,2
b297,f129,2
b863,f148,2
b339,f167,4
b476,f123,3
b532,f118,5
b857,f134,5
b497,f124,5
b875,f123,3
b496,f115,5
b206,f198,2
b997,f163,3
b925,f140,3
b756,f105,1
b101,f144,1
b107,f146,4
b423,f193,5
b757,f123,2
b536,f101,2
b844,f154,3
b370,f109,4
b474,f116,2
b866,f130,3
b473,f173,2
b324,f150,5
b496,f176,3
b475,f125,3
b1042,f178,2
b1076,f129,2
b941,f151,4
b467,f124,3
b715,f136,2
b300,f166,4
b1089,f117,1
b662,f130,1
b327,f151,2
b589,f120,3
b740,f196,3
b503,f184,3
b395,f143,4
b422,f154,2
b1069,f132,5
b721,f169,5
b830,f188,4
b160,f179,3
b193,f138,3
b721,f113,1
b701,f146,3
b128,f188,1
b769,f121,4
b681,f155,2
b716,f179,1
b210,f109,4
b658,f195,4
b318,f148,3
b539,f181,1
b138,f106,1
b118,f136,5
b109,f148,4
b645,f154,5
b864,f182,4
b1054,f152,5
b515,f178,5
b196,f112,3
b942,f123,2
b532,f135,2
b419,f172,4
b349,f139,2
b879,f108,5
b185,f198,4
b545,f124,3
b449,f113,2
b792,f191,1
b129,f119,1
b119,f191,3
b827,f177,2
b494,f125,5
b703,f113,1
b397,f186,3
b287,f146,3
b371,f169,2
b709,f155,4
b968,f183,5
b928,f163,1
b1013,f131,4
b782,f155,3
b950,f166,1
b620,f134,1
b556,f108,5
b215,f192,1
b285,f187,1
b353,f135,5
b180,f119,1
b850,f124,2
b335,f194,2
b634,f141,1
b968,f157,1
b621,f135,2
b907,f128,2
b337,f200,1
b632,f191,2
b948,f127,3
b658,f129,5
b679,f191,3
b220,f139,1
b473,f127,3
b518,f140,2
b526,f188,5
b983,f163,1
b551,f162,1
b447,f114,5
b832,f102,3
b1043,f162,2
b514,f154,5
b351,f136,5
b832,f189,1
b354,f181,1
b942,f191,5
b418,f105,3
b547,f116,2
b727,f154,2
b131,f175,3
b503,f193,2
b276,f182,2
b381,f108,4
b453,f170,1
b444,f195,3
b1005,f145,1
b526,f153,4
b550,f142,1
b330,f168,2
b1085,f173,5
b1017,f170,4
b176,f167,2
b834,f115,1
b1097,f163,4
b985,f179,3
b1008,f160,5
b692,f147,5
b580,f121,5
b665,f149,4
b960,f178,3
b274,f179,2
b147,f126,4
b342,f159,3
b351,f105,5
b1005,f191,1
b596,f188,2
b458,f168,4
b784,f112,1
b1058,f192,5
b796,f186,4
b438,f107,4
b762,f199,4
b364,f149,2
b490,f156,2
b721,f115,2
b834,f129,3
b471,f171,1
b688,f138,2
b813,f170,5
b586,f108,4
b209,f132,1
b966,f102,1
b929,f193,5
b869,f128,1
b424,f106,5
b831,f120,5
b913,f174,2
b447,f113,1
b277,f181,5
b277,f122,5
b708,f192,5
b708,f139,4
b721,f191,4
b814,f139,1
b577,f158,5
b121,f167,4
b830,f169,3
b535,f132,4
b665,f118,1
b920,f144,5
b558,f193,5
b233,f114,2
b238,f168,5
b871,f154,3
b398,f114,4
b186,f101,2
b132,f141,2
b1040,f155,2
b127,f135,5
b1013,f146,4
b518,f139,4
b204,f187,4
b517,f105,4
b884,f196,4
b1084,f122,1
b913,f109,4
b431,f122,1
b481,f155,1
b122,f111,3
b247,f126,3
b216,f160,4
b309,f132,3
b815,f153,1
b978,f154,1
b680,f115,4
b365,f156,1
b232,f135,2
b215,f112,4
b222,f171,4
b694,f159,3
b148,f108,5
b584,f157,3
b875,f163,2
b1097,f147,5
b812,f173,4
b658,f126,1
b138,f195,1
b1065,f143,3
b253,f191,4
b666,f132,1
b446,f115,2
b1069,f144,2
b498,f200,2
b462,f132,1
b1073,f118,2
b482,f107,1
b353,f136,2
b372,f189,5
b1057,f197,5
b735,f186,3
b1016,f159,1
b805,f169,3
b464,f179,3
b796,f143,5
b878,f177,3
b458,f139,2
b946,f118,2
b708,f182,3
b276,f133,2
b520,f185,1
b1080,f140,5
b682,f115,4
b875,f121,1
b548,f119,2
b404,f127,4
b244,f188,5
b597,f124,4
b576,f142,2
b446,f141,3
b980,f117,1
b706,f163,1
b578,f106,2
b261,f159,4
b752,f130,5
b720,f156,5
b636,f126,5
b173,f176,1
b606,f144,4
b355,f145,4
b1016,f144,3
b494,f125,5
b236,f108,4
b536,f162,5
b897,f143,1
b933,f170,1
b552,f195,2
b882,f144,1
b686,f111,1
b324,f139,2
b802,f153,1
b718,f185,5
b670,f193,4
b1071,f153,4
b755,f128,2
b828,f132,5
b282,f176,2
b397,f186,3
b631,f116,2
b662,f130,3
b399,f140,1
b1088,f163,1
b837,f120,2
b624,f161,2
b888,f144,5
b938,f172,5
b1066,f113,2
b440,f154,1
b1097,f129,3
b483,f107,4
b1004,f101,1
b301,f143,4
b114,f191,4
b972,f120,3
b695,f164,2
b657,f143,1
b374,f119,3
b697,f184,1
b607,f186,4
b1056,f144,5
b653,f110,4
b985,f190,5
b584,f183,4
b419,f151,1
b553,f117,1
b143,f136,2
b146,f102,4
b469,f122,2
b362,f152,5
b631,f143,5
b1062,f113,5
b823,f192,4
b540,f159,2
b557,f179,5
b735,f186,5
b434,f141,4
b176,f122,3
b355,f179,4
b678,f133,3
b640,f190,5
b440,f155,1
b173,f140,2
b293,f122,4
b1082,f176,3
b467,f146,5
b1047,f114,1
b253,f146,3
b130,f149,4
b102,f187,2
b440,f199,1
b980,f115,5
b277,f187,5
b648,f148,5
b1074,f180,2
b150,f147,4
b155,f196,1
b1069,f151,1
b284,f196,2
b654,f137,3
b453,f103,2
b135,f185,4
b329,f163,1
b171,f136,3
b1019,f193,1
b617,f163,2
b150,f183,1
b366,f192,2
b878,f169,5
b966,f133,4
b138,f110,4
b715,f103,5
b714,f140,1
b867,f168,4
b306,f106,2
b160,f177,5
b610,f141,3
b694,f127,2
b149,f171,3
b1098,f117,4
b487,f110,4
b155,f144,4
b154,f150,2
b696,f141,4
b724,f122,1
b359,f182,2
b564,f160,3
b175,f188,1
b920,f174,2
b128,f167,4
b543,f193,1
b471,f177,3
b596,f183,5
b627,f170,3
b328,f145,4
b666,f194,5
b934,f128,2
b269,f183,5
b296,f143,2
b658,f181,1
b298,f118,1
b446,f121,4
b136,f107,3
b822,f177,5
b399,f119,1
b814,f117,4
b476,f164,2
b825,f175,4
b409,f104,2
b771,f157,1
b377,f130,4
b329,f161,5
b282,f124,1
b257,f199,2
b1095,f191,3
b1060,f180,5
b784,f195,5
b218,f109,3
b367,f199,5
b594,f144,5
b491,f153,5
b911,f199,5
b282,f122,2
b269,f180,5
b1090,f151,3
b707,f149,1
b498,f131,3
b814,f163,3
b865,f155,4
b229,f187,3
b126,f119,5
b670,f117,4
b161,f178,1
b445,f141,2
b159,f163,5
b457,f142,1
b962,f157,2
b832,f176,1
b696,f150,3
b744,f196,4
b456,f151,5
b813,f117,4
b539,f169,5
b1068,f158,2
b588,f173,2
b475,f102,1
b977,f174,2
b174,f111,1
b198,f129,2
b1007,f191,2
b684,f181,1
b531,f106,4
b235,f154,4
b373,f157,5
b698,f132,3
b532,f112,3
b971,f182,5
b498,f105,1
b410,f137,4
b185,f127,5
b852,f164,5
b634,f174,5
b300,f107,3
b741,f158,3
b836,f101,2
b656,f149,3
b954,f184,5
b449,f136,1
b636,f109,2
b718,f126,2
b535,f159,1
b572,f149,2
b271,f157,3
b112,f103,5
b450,f102,2
b828,f182,4
b751,f159,5
b161,f104,2
b427,f158,1
b709,f125,2
b472,f120,1
b698,f101,2
b616,f127,3
b467,f196,3
b168,f123,4
b997,f168,1
b579,f162,2
b136,f172,1
b829,f173,5
b1033,f196,3
b256,f102,1
b637,f130,1
b1041,f182,2
b599,f192,3
b1084,f110,4
b880,f165,3
b628,f163,2
b107,f102,3
b440,f171,2
b795,f192,2
b299,f185,4
b892,f154,4
b506,f139,4
b369,f156,3
b261,f180,3
b424,f123,1
b471,f190,1
b124,f123,5
b377,f165,2
b145,f138,4
b680,f140,1
b928,f182,5
b525,f171,1
b557,f193,3
b1020,f146,1
b679,f173,2
b268,f123,3
b798,f135,5
b321,f104,5
b188,f131,1
b782,f104,5
b174,f108,5
b1019,f172,4
b557,f171,1
b313,f196,4
b1029,f184,1
b675,f135,3
b419,f121,5
b1048,f156,4
b889,f103,1
b187,f131,1
b714,f103,3
b415,f105,1
b1029,f179,4
b703,f125,5
b1056,f160,2
b306,f191,3
b505,f109,5
b309,f190,5
b336,f139,1
b586,f142,1
b178,f124,1
b536,f115,5
b951,f103,3
b597,f141,4
b492,f105,5
b615,f105,4
b904,f163,3
b1029,f150,4
b582,f127,5
b189,f194,4
b103,f111,5
b685,f117,1
b767,f133,1
b888,f103,1
b351,f110,1
b153,f101,1
b692,f156,5
b773,f110,1
b900,f188,1
b349,f101,2
b125,f154,1
b151,f117,2
b949,f118,4
b215,f180,3
b941,f198,5
b689,f183,4
b127,f158,2
b603,f110,2
b895,f164,1
b1056,f114,4
b830,f129,1
b509,f125,5
b619,f103,2
b554,f155,5
b281,f186,2
b398,f126,5
b650,f176,2
b337,f129,4
b277,f115,5
b278,f183,4
b445,f194,1
b830,f125,3
b941,f175,5
b600,f132,1
b1056,f170,5
b932,f189,5
b182,f108,1
b772,f179,1
b529,f173,5
b409,f131,1
b226,f186,5
b301,f193,3
b199,f144,4
b650,f183,1
b317,f154,5
b133,f120,4
b700,f170,4
b635,f191,2
b602,f160,4
b756,f185,3
b957,f118,3
b485,f127,2
b315,f129,1
b1032,f166,1
b387,f193,4
b506,f122,3
b571,f144,2
b512,f159,2
b266,f197,3
b946,f126,2
b500,f180,1
b227,f144,1
b535,f200,1
b1034,f185,4
b988,f149,4
b509,f174,3
b343,f159,3
b1015,f119,3
b959,f186,3
b479,f192,1
b231,f177,5
b1019,f130,5
b1056,f187,4
b218,f161,5
b223,f157,4
b603,f173,4
b512,f147,3
b488,f161,4
b1025,f107,5
b706,f138,3
b242,f170,3
b118,f187,1
b161,f132,5
b595,f161,2
b461,f141,1
b792,f197,3
b145,f171,1
b1074,f194,2
b645,f170,4
b1055,f139,1
b762,f181,5
b884,f128,4
b273,f116,1
b787,f198,2
b1050,f190,3
b751,f122,2
b589,f170,4
b280,f138,2
b901,f132,4
b968,f153,2
b580,f113,4
b305,f115,3
b1045,f130,4
b773,f172,4
b450,f151,3
b238,f161,1
b766,f109,5
b1001,f132,1
b159,f113,3
b423,f124,4
b911,f108,2
b699,f153,5
b1000,f198,3
b379,f129,2
b620,f102,5
b403,f156,4
b763,f179,4
b431,f118,1
b747,f176,1
b805,f128,1
b772,f126,3
b571,f183,5
b1098,f160,5
b382,f174,2
b967,f122,1
b127,f169,3
b496,f176,1
b348,f131,3
b233,f153,1
b888,f170,5
b132,f187,4
b1005,f131,3
b414,f115,3
b872,f178,1
b852,f185,5
b142,f176,1
b762,f172,4
b853,f194,4
b826,f107,5
b651,f138,1
b110,f143,4
b1085,f198,3
b502,f104,3
b932,f152,3
b731,f190,2
b410,f117,4
b879,f109,3
b987,f132,2
b652,f142,5
b1085,f110,4
b926,f149,1
b306,f138,4
b181,f158,1
b190,f107,1
b367,f111,3
b812,f101,1
b555,f186,3
b482,f184,1
b194,f152,1
b127,f169,2
b884,f191,1
b872,f175,4
b981,f102,5
b393,f196,1
b1048,f115,5
b520,f145,2
b478,f180,2
b731,f154,4
b790,f158,3
b684,f139,5
b1054,f133,2
b145,f168,2
b1001,f121,1
b1062,f140,1
b231,f134,5
b381,f118,1
b153,f190,5
b351,f115,3
b949,f179,4
b784,f174,1
b865,f116,4
b135,f171,4
b242,f181,5
b697,f106,2
b836,f136,4
b1032,f125,3
b643,f200,1
b299,f168,2
b787,f171,4
b214,f140,4
b1030,f130,1
b1084,f195,2
b564,f172,2
b1058,f155,4
b594,f153,4
b374,f157,1
b272,f192,5
b672,f113,3
b263,f158,5
b352,f191,5
b167,f132,1
b511,f126,1
b226,f154,3
b102,f178,5
b1051,f165,2
b1069,f110,4
b191,f149,2
b1065,f101,3
b1054,f118,1
b954,f151,3
b592,f180,2
b130,f154,3
b1055,f195,4
b206,f178,4
b272,f101,3
b312,f114,5
b452,f118,1
b858,f177,3
b1085,f154,1
b573,f109,2
b616,f119,1
b123,f200,2
b463,f103,1
b923,f131,1
b189,f128,3
b521,f163,2
b235,f174,3
b328,f159,2
b316,f168,4
b463,f137,3
b878,f107,3
b346,f130,2
b1012,f159,2
b550,f122,3
b966,f159,5
b642,f119,4
b117,f196,5
b879,f127,1
b771,f133,4
b689,f143,3
b744,f184,2
b173,f128,2
b859,f132,2
b1057,f170,3
b656,f131,1
b410,f175,3
b1049,f177,1
b645,f199,2
b771,f140,3
b972,f187,4
b280,f162,5
b1078,f198,5
b874,f181,2
b1003,f108,3
b782,f136,1
b319,f154,1
b646,f103,1
b805,f194,4
b440,f133,4
b197,f195,2
b348,f118,4
b608,f178,1
b396,f138,4
b164,f198,2
b819,f199,3
b984,f147,3
b726,f115,5
b122,f168,4
b990,f133,4
b509,f149,5
b533,f156,4
b526,f131,5
b774,f117,4
b1003,f179,4
b875,f151,3
b334,f115,3
b999,f108,2
b843,f186,1
b760,f154,2
b556,f139,3
b1080,f129,1
b379,f132,1
b845,f193,4
b328,f157,2
b202,f169,4
b453,f136,4
b604,f173,3
b432,f105,1
b132,f150,5
b382,f186,1
b432,f138,3
b151,f131,5
b202,f110,3
b523,f180,4
b602,f167,4
b184,f149,3
b606,f183,5
b739,f116,5
b1000,f156,4
b113,f192,2
b953,f106,1
b656,f178,5
b342,f150,1
b562,f173,2
b883,f125,3
b577,f135,5
b878,f118,1
b763,f167,5
b672,f143,3
b338,f148,2
b685,f108,4
b716,f157,2
b977,f146,4
b184,f153,5
b275,f147,3
b512,f169,2
b223,f142,3
b939,f151,3
b636,f183,2
b666,f133,4
b736,f155,4
b375,f160,1
b783,f162,1
b511,f162,1
b376,f164,5
b702,f168,5
b567,f147,5
b797,f135,2
b313,f115,4
b514,f101,4
b806,f191,2
b638,f132,1
b579,f101,3
b381,f194,1
b746,f108,3
b874,f200,2
b213,f179,4
b498,f121,3
b500,f165,5
b721,f108,3
b142,f103,4
b455,f180,5
b389,f124,4
b311,f157,4
b402,f146,5
b248,f180,5
b1039,f125,3
b353,f134,3
b973,f106,5
b1099,f108,4
b677,f115,3
b683,f156,1
b267,f176,5
b519,f177,4
b320,f101,3
b911,f191,5
b267,f137,5
b336,f173,5
b463,f102,1
b721,f101,4
b442,f101,4
b1057,f126,2
b406,f137,4
b646,f113,2
b782,f127,1
b1041,f106,2
b608,f110,3
b276,f188,4
b766,f119,5
b436,f178,3
b306,f192,4
b958,f164,4
b609,f165,3
b731,f163,3
b167,f109,4
b990,f179,3
b896,f170,4
b1090,f182,3
b934,f127,3
b213,f139,5
b574,f148,3
b307,f168,4
b872,f191,4
b670,f150,3
b343,f118,1
b378,f121,1
b295,f147,2
b723,f133,5
b663,f138,3
b184,f183,4
b631,f103,1
b586,f103,1
b956,f197,2
b696,f178,1
b277,f182,4
b749,f183,4
b123,f112,2
b478,f140,5
b983,f173,3
b202,f117,5
b109,f191,3
b967,f113,2
b584,f113,5
b635,f172,2
b130,f179,5
b179,f160,1
b734,f120,4
b1066,f182,5
b129,f162,2
b1040,f150,3
b677,f175,4
b448,f156,3
b160,f189,5
b479,f144,3
b218,f119,2
b845,f164,4
b723,f131,1
b813,f111,5
b787,f199,5
b725,f146,5
b477,f160,5
b696,f116,3
b896,f157,3
b751,f156,1
b425,f190,4
b114,f150,4
b341,f169,3
b202,f169,4
b359,f115,1
b449,f137,1
b248,f128,5
b848,f138,4
b335,f102,5
b664,f164,4
b373,f115,1
b624,f173,1
b977,f173,4
b1031,f145,5
b169,f123,5
b967,f153,4
b668,f104,1
b643,f194,5
b760,f159,5
b1017,f164,4
b1060,f163,4
b137,f168,3
b319,f128,2
b224,f155,2
b885,f126,2
b694,f132,3
b369,f183,5
b1017,f184,1
b743,f148,3
b387,f120,4
b137,f133,5
b385,f200,1
b417,f200,5
b382,f104,4
b434,f105,4
b132,f166,2
b242,f173,1
b315,f191,4
b484,f119,1
b553,f183,2
b269,f104,1
b437,f104,5
b754,f156,1
b1048,f129,3
b253,f176,2
b739,f171,1
b106,f172,2
b932,f138,5
b998,f181,1
b313,f178,4
b543,f111,1
b339,f101,4
b218,f125,5
b712,f181,3
b390,f132,3
b633,f158,5
b866,f124,3
b869,f196,2
b1015,f114,4
b192,f176,2
b852,f177,1
b458,f198,1
b105,f198,1
b789,f101,5
b152,f103,5
b232,f164,1
b1029,f195,4
b1022,f145,2
b578,f167,4
b970,f199,2
b105,f129,3
b445,f185,5
b928,f103,2
b127,f155,2
b388,f174,5
b1075,f163,5
b758,f167,4
b218,f155,3
b178,f117,4
b968,f199,3
b793,f176,2
b235,f165,3
b609,f101,2
b394,f133,2
b872,f181,4
b111,f158,4
b512,f121,2
b969,f169,4
b340,f123,1
b380,f127,4
b267,f168,4
b756,f132,3
b1040,f172,5
b664,f160,3
b487,f193,1
b973,f164,2
b387,f187,4
b591,f131,4
b215,f104,4
b443,f194,3
b522,f115,1
b1033,f146,5
b738,f131,1
b320,f133,1
b229,f193,4
b341,f142,3
b297,f136,3
b964,f128,2
b1099,f147,3
b349,f190,1
b707,f136,4
b1045,f198,5
b433,f176,3
b519,f101,1
b356,f160,1
b1087,f155,5
b482,f142,4
b521,f147,1
b140,f169,5
b717,f163,5
b953,f101,1
b925,f165,2
b638,f190,4
b795,f171,1
b128,f136,3
b444,f193,3
b227,f123,3
b481,f185,2
b569,f128,3
b353,f120,1
b913,f143,3
b1033,f170,4
b131,f190,1
b276,f112,2
b349,f161,2
b788,f145,4
b942,f111,1
b548,f158,1
b904,f196,3
b359,f198,2
b1061,f139,2
b719,f184,1
b648,f193,3
b548,f106,2
b781,f121,5
b603,f113,4
b849,f129,2
b848,f113,5
b906,f101,3
b470,f139,2
b852,f177,2
b706,f128,2
b907,f129,3
b578,f107,5
b281,f120,3
b894,f176,1
b515,f119,3
b286,f165,3
b1089,f179,5
b465,f115,4
b230,f192,3
b412,f130,4
b356,f174,4
b731,f194,5
b171,f161,1
b312,f197,5
b632,f123,2
b654,f174,1
b907,f124,4
b419,f166,1
b318,f194,5
b829,f185,5
b214,f115,1
b622,f120,1
b783,f116,4
b977,f129,5
b196,f160,3
b907,f143,3
b919,f128,1
b494,f151,4
b827,f147,2
b139,f160,2
b359,f132,3
b127,f136,5
b789,f121,4
b752,f161,2
b895,f148,3
b307,f174,5
b410,f200,4
b353,f146,4
b482,f181,3
b1009,f160,5
b628,f161,1
b941,f130,3
b811,f149,1
b255,f154,2
b161,f163,5
b527,f183,3
b629,f111,1
b560,f128,4
b483,f138,5
b413,f116,5
b869,f165,5
b667,f180,3
b782,f139,3
b308,f145,5
b159,f109,1
b897,f174,3
b811,f145,5
b736,f195,5
b510,f154,2
b329,f187,4
b429,f185,1
b918,f191,3
b757,f196,3
b794,f122,1
b661,f105,4
b417,f134,1
b889,f192,2
b377,f137,4
b329,f198,4
b352,f162,3
b517,f146,3
b709,f195,2
b647,f186,3
b915,f178,3
b549,f168,4
b837,f146,3
b681,f189,2
b268,f111,4
b616,f160,5
b870,f128,3
b263,f125,5
b627,f197,5
b896,f184,4
b932,f123,4
b754,f147,2
b476,f181,3
b785,f178,2
b140,f126,2
b1047,f147,2
b432,f113,3
b281,f107,4
b508,f109,3
b323,f198,1
b218,f111,2
b1033,f122,1
b657,f108,5
b384,f116,3
b566,f136,2
b791,f102,1
b201,f117,2
b829,f113,3
b661,f165,3
b333,f186,1
b494,f117,1
b940,f165,3
b894,f160,2
b1076,f165,2
b203,f129,3
b919,f106,4
b276,f190,3
b231,f121,4
b811,f178,3
b1026,f189,2
b877,f102,1
b783,f134,4
b741,f190,3
b253,f140,2
b1021,f161,2
b572,f192,1
b251,f156,3
b388,f191,5
b779,f189,1
b448,f133,2
b636,f197,2
b726,f124,2
b529,f167,4
b821,f187,3
b565,f135,2
b209,f120,2
b926,f118,1
b911,f187,5
b554,f197,3
b498,f182,1
b696,f138,2
b662,f123,4
b703,f107,4
b326,f144,5
b1050,f152,5
b598,f117,5
b805,f119,5
b476,f101,3
b367,f127,1
b852,f166,4
b856,f172,4
b950,f145,5
b1045,f130,5
b243,f191,3
b816,f113,1
b144,f113,1
b1035,f196,1
b524,f163,4
b191,f158,1
b399,f124,5
b658,f187,4
b890,f198,3
b630,f175,4
b887,f165,2
b731,f164,5
b403,f159,2
b276,f127,2
b605,f157,1
b930,f132,4
b250,f173,1
b1053,f169,4
b198,f169,5
b535,f113,3
b643,f134,1
b408,f131,1
b433,f142,4
b445,f118,2
b750,f180,4
b301,f191,4
b419,f145,5
b375,f180,5
b232,f106,1
b365,f114,5
b1069,f126,2
b669,f104,2
b856,f147,2
b276,f124,1
b905,f102,1
b1053,f156,5
b184,f154,4
b291,f199,2
b998,f103,4
b943,f195,3
b493,f187,1
b824,f181,2
b763,f111,5
b654,f185,1
b970,f182,2
b724,f185,3
b346,f114,5
b930,f111,4
b664,f175,4
b579,f143,5
b549,f174,3
b790,f128,5
b894,f125,1
b993,f157,5
b599,f107,5
b560,f118,4
b571,f147,4
b287,f119,2
b577,f188,5
b328,f144,5
b373,f147,3
b473,f177,3
b978,f121,1
b782,f120,4
b855,f144,4
b683,f115,1
b735,f156,4
b545,f188,5
b323,f108,2
b443,f107,3
b975,f110,5
b666,f106,2
b752,f124,4
b322,f167,1
b946,f200,1
b885,f135,2
b120,f194,3
b529,f194,4
b839,f121,1
b664,f181,1
b271,f107,2
b947,f171,2
b671,f172,3
b731,f197,4
b827,f118,5
b976,f200,2
b1011,f191,5
b1072,f151,4
b722,f135,4
b280,f138,3
b1098,f176,5
b886,f152,2
b660,f163,1
b226,f171,1
b793,f130,5
b1003,f118,4
b162,f148,1
b332,f138,2
b922,f140,3
b671,f147,4
b886,f108,1
b558,f179,2
b764,f191,2
b408,f116,3
b614,f119,1
b610,f119,3
b841,f196,5
b828,f112,5
b618,f156,1
b759,f168,2
b712,f168,3
b968,f194,3
b118,f107,4
b821,f105,3
b173,f172,1
b654,f109,4
b215,f176,5
b1084,f194,3
b104,f152,4
b884,f121,3
b963,f192,5
b948,f125,2
b250,f194,3
b1027,f112,1
b240,f200,2
b969,f151,3
b361,f148,5
b879,f179,2
b674,f132,3
b799,f117,3
b457,f156,5
b271,f164,2
b180,f157,5
b263,f110,1
b463,f124,4
b961,f160,1
b584,f145,4
b409,f110,1
b1089,f197,5
b1018,f194,1
b399,f126,5
b946,f108,3
b644,f156,3
b748,f189,1
b1087,f191,3
b887,f177,5
b393,f105,4
b507,f158,5
b1012,f143,5
b581,f185,2
b205,f182,5
b402,f126,4
b879,f136,3
b591,f114,3
b469,f133,3
b980,f155,5
b649,f196,4
b984,f140,5
b714,f172,1
b477,f142,5
b797,f101,1
b733,f190,1
b897,f191,1
b117,f132,1
b321,f184,5
b852,f151,3
b103,f103,4
b229,f156,4
b1068,f127,3
b781,f168,3
b249,f161,2
b675,f163,1
b824,f138,3
b345,f195,3
b447,f165,3
b191,f172,1
b1057,f132,1
b267,f200,3
b887,f135,1
b760,f186,2
b416,f117,1
b843,f152,5
b431,f156,4
b1064,f176,5
b848,f110,5
b874,f129,2
b668,f182,3
b409,f123,3
b697,f135,3
b378,f180,3
b780,f138,5
b221,f159,1
b238,f122,5
b901,f177,1
b478,f194,5
b408,f113,5
b920,f178,2
b487,f195,4
b172,f154,2
b378,f186,3
b974,f174,5
b489,f179,4
b722,f164,3
b515,f146,1
b182,f119,3
b450,f103,1
b405,f149,3
b232,f129,1
b318,f164,4
b196,f199,4
b165,f196,2
b526,f164,2
b191,f142,2
b178,f152,3
b833,f114,4
b118,f129,3
b269,f172,1
b806,f148,4
b779,f149,5
b849,f171,5
b592,f122,5
b221,f109,5
b340,f175,5
b987,f160,5
b1035,f103,5
b480,f174,2
b485,f173,5
b516,f184,1
b1035,f143,5
b644,f180,1
b382,f180,2
b245,f103,3
b560,f120,1
b599,f106,5
b927,f180,4
b812,f186,2
b447,f128,1
b752,f135,3
b850,f158,3
b270,f160,4
b228,f111,3
b931,f167,3
b685,f151,5
b937,f186,3
b231,f126,3
b907,f190,4
b790,f160,1
b651,f161,1
b1035,f199,5
b977,f182,1
b565,f200,3
b389,f101,5
b327,f184,4
b933,f163,2
b237,f191,5
b440,f152,4
b844,f173,1
b604,f165,1
b860,f121,4
b987,f191,1
b352,f179,4
b820,f126,1
b691,f118,3
b986,f153,1
b533,f195,3
b339,f141,2
b730,f184,5
b706,f130,3
b284,f115,2
b757,f191,5
b997,f186,4
b136,f133,5
b128,f139,1
b928,f142,2
b1091,f181,2
b762,f199,5
b381,f191,3
b689,f112,5
b655,f187,4
b866,f152,4
b254,f129,5
b1030,f194,1
b663,f129,2
b609,f114,4
b302,f194,3
b920,f102,5
b831,f181,4
b628,f139,3
b481,f103,3
b153,f167,3
b1068,f160,3
b781,f140,1
b638,f193,3
b478,f190,1
b574,f133,1
b983,f129,1
b398,f131,4
b205,f173,4
b117,f185,5
b761,f154,4
b303,f114,5
b248,f154,2
b1030,f136,1
b305,f176,2
b502,f136,3
b257,f112,3
b699,f197,3
b281,f148,5
b499,f134,2
b1092,f130,1
b656,f136,1
b611,f105,1
b227,f113,4
b401,f127,1
b893,f148,5
b761,f194,3
b210,f123,5
b466,f161,1
b711,f159,2
b820,f171,2
b700,f148,2
b804,f199,5
b212,f121,2
b779,f111,3
b425,f125,5
b248,f145,5
b542,f131,2
b996,f152,2
b1055,f174,4
b318,f191,2
b126,f180,2
b777,f102,5
b560,f152,4
b792,f104,1
b431,f122,3
b364,f180,2
b385,f114,2
b271,f147,5
b241,f174,5
b408,f154,1
b779,f127,4
b421,f161,5
b1031,f164,4
b158,f183,3
b666,f107,1
b299,f172,4
b803,f108,5
b207,f112,5
b164,f113,3
b866,f125,5
b650,f117,3
b600,f115,3
b234,f113,4
b319,f168,4
b400,f138,2
b520,f191,5
b958,f108,1
b378,f197,4
b915,f200,2
b567,f172,1
b650,f139,1
b1029,f107,5
b1020,f135,3
b849,f157,1
b320,f188,5
b510,f157,1
b567,f188,2
b728,f134,2
b1030,f141,1
b528,f149,3
b851,f112,4
b1059,f112,5
b314,f135,3
b793,f102,2
b433,f153,4
b231,f178,1
b174,f177,3
b932,f146,3
b477,f140,2
b102,f161,5
b1078,f182,3
b818,f132,1
b815,f110,5
b206,f149,3
b1080,f139,2
b1091,f191,3
b353,f177,2
b204,f139,1
b385,f149,1
b437,f107,1
b839,f171,3
b669,f194,3
b671,f179,5
b778,f199,4
b714,f187,1
b676,f133,3
b1054,f177,2
b1085,f129,5
b520,f149,1
b605,f188,1
b812,f190,3
b956,f134,4
b305,f126,4
b780,f117,2
b917,f161,5
b462,f122,5
b573,f135,5
b283,f198,4
b963,f135,1
b995,f109,2
b582,f122,2
b329,f106,4
b296,f144,5
b1057,f199,4
b224,f160,4
b119,f186,2
b1037,f127,4
b938,f135,2
b274,f179,2
b940,f173,1
b199,f138,4
b258,f155,3
b559,f114,5
b619,f133,5
b300,f181,3
b196,f191,1
b454,f179,1
b120,f192,4
b698,f158,3
b1026,f126,3
b170,f169,1
b211,f130,4
b397,f121,2
b274,f137,1
b511,f155,5
b615,f112,4
b185,f111,4
b394,f182,2
b110,f143,3
b1027,f184,1
b832,f102,3
b398,f197,4
b673,f174,5
b683,f170,3
b471,f165,1
b245,f172,1
b452,f195,1
b909,f122,3
b486,f173,3
b147,f185,3
b960,f139,5
b237,f181,2
b931,f174,1
b145,f123,4
b941,f146,1
b219,f191,1
b1006,f192,4
b466,f146,2
b740,f111,3
b1018,f192,1
b157,f164,5
b183,f155,4
b528,f153,3
b240,f104,5
b146,f183,3
b660,f139,3
b248,f199,1
b228,f165,3
b820,f195,2
b1093,f183,1
b805,f188,3
b211,f151,2
b387,f188,2
b247,f181,4
b742,f172,5
b305,f134,4
b699,f134,3
b109,f106,5
b595,f102,5
b319,f103,4
b435,f136,2
b768,f132,2
b170,f102,4
b757,f159,4
b1094,f128,3
b320,f197,4
b237,f173,3
b170,f162,2
b402,f164,2
b927,f191,1
b509,f122,3
b237,f151,1
b1060,f166,5
b506,f165,4
b324,f168,1
b572,f135,3
b780,f146,3
b672,f124,5
b155,f178,2
b276,f166,1
b191,f140,3
b675,f133,3
b911,f164,1
b650,f152,1
b518,f105,2
b1079,f156,2
b1022,f194,5
b368,f178,1
b894,f164,4
b824,f159,3
b470,f114,5
b612,f126,2
b798,f131,5
b159,f197,2
b232,f186,4
b311,f173,4
b372,f122,2
b626,f105,2
b111,f156,5
b720,f154,4
b336,f128,1
b932,f165,5
b553,f195,5
b989,f143,4
b765,f130,4
b1058,f110,4
b832,f189,4
b249,f195,1
b292,f147,5
b414,f156,2
b970,f123,1
b1034,f154,5
b159,f137,4
b194,f143,2
b819,f171,1
b499,f167,4
b119,f199,2
b339,f150,5
b1039,f187,1
b1013,f125,4
b421,f122,1
b659,f128,4
b1081,f117,4
b158,f158,1
b934,f143,4
b775,f164,4
b915,f137,5
b101,f147,3
b1066,f135,2
b472,f171,3
b909,f199,2
b567,f150,5
b242,f188,4
b954,f194,2
b203,f189,2
b388,f115,5
b613,f107,2
b281,f137,3
b957,f170,3
b681,f185,1
b106,f178,5
b957,f185,4
b1018,f184,1
b260,f165,1
b137,f112,3
b217,f146,3
b957,f169,5
b788,f122,2
b1066,f116,2
b115,f159,4
b910,f159,3
b528,f132,4
b973,f173,5
b857,f190,5
b321,f182,2
b278,f184,2
b433,f167,2
b220,f157,4
b540,f194,3
b226,f174,3
b782,f137,3
b1038,f200,1
b173,f163,5
b1015,f180,5
b742,f148,2
b938,f185,3
b255,f191,2
b259,f133,5
b433,f146,2
b507,f102,5
b571,f141,3
b119,f141,1
b485,f182,2
b1008,f177,4
b955,f169,3
b326,f108,2
b412,f117,4
b649,f145,3
b931,f156,2
b196,f126,4
b437,f179,1
b115,f108,1
b899,f196,1
b789,f188,2
b704,f161,2
b778,f187,1
b932,f126,5
b329,f177,5
b153,f178,5
b534,f121,3
b341,f196,4
b420,f154,5
b378,f141,2
b723,f184,2
b422,f108,4
b374,f123,4
b489,f156,3
b917,f152,2
b141,f196,1
b197,f145,1
b299,f136,3
b718,f107,2
b1091,f125,2
b366,f172,3
b202,f185,1
b829,f166,1
b752,f101,2
b581,f165,3
b710,f150,3
b808,f179,2
b922,f170,5
b1080,f140,4
b985,f103,5
b906,f138,4
b219,f105,1
b940,f152,5
b609,f106,4
b281,f122,3
b714,f192,4
b1053,f198,1
b503,f118,4
b741,f149,1
b1086,f200,5
b1055,f155,4
b155,f192,2
b846,f134,1
b164,f154,3
b618,f142,3
b269,f178,2
b858,f166,4
b363,f117,3
b880,f182,2
b533,f161,5
b563,f162,4
b312,f188,3
b746,f120,4
b439,f152,3
b402,f135,1
b937,f109,3
b981,f114,4
b1016,f102,2
b752,f123,5
b334,f111,5
b752,f163,5
b867,f129,2
b387,f116,1
b1078,f185,3
b331,f105,3
b151,f131,2
b369,f187,5
b981,f161,5
b160,f112,1
b983,f116,1
b640,f117,2
b936,f135,5
b388,f103,3
b296,f168,1
b595,f141,4
b171,f173,2
b283,f128,5
b350,f192,2
b777,f123,4
b166,f110,4
b626,f169,3
b958,f193,2
b618,f179,2
b496,f109,2
b320,f137,2
b959,f159,1
b855,f121,2
b1082,f138,5
b956,f178,4
b638,f121,4
b850,f102,5
b686,f102,3
b1013,f150,3
b612,f181,4
b526,f168,2
b988,f114,2
b700,f128,4
b141,f113,1
b1071,f115,2
b273,f183,1
b175,f140,5
b968,f125,2
b851,f153,3
b561,f171,3
b1052,f190,2
b565,f113,1
b230,f153,3
b995,f105,1
b623,f183,2
b1080,f118,2
b1090,f145,4
b464,f130,3
b200,f174,5
b408,f107,3
b899,f180,5
b697,f174,1
b346,f103,1
b507,f103,4
b124,f142,5
b547,f185,3
b532,f106,1
b526,f113,5
b612,f140,3
b759,f158,3
b924,f152,5
b347,f157,3
b340,f144,4
b311,f170,4
b607,f117,4
b872,f155,1
b581,f154,3
b308,f135,4
b524,f126,2
b744,f191,3
b109,f130,1
b505,f122,5
b812,f116,2
b241,f195,4
b530,f188,1
b745,f193,2
b1016,f124,4
b733,f156,4
b221,f106,2
b1019,f115,5
b881,f175,1
b478,f113,2
b628,f141,2
b352,f196,2
b1005,f155,1
b482,f128,2
b879,f155,1
b464,f161,1
b708,f162,3
b841,f153,4
b762,f131,4
b993,f192,5
b838,f179,2
b271,f132,4
b124,f101,2
b1066,f176,3
b123,f105,2
b493,f191,4
b648,f172,1
b195,f106,4
b879,f139,5
b795,f143,2
b807,f182,5
b798,f165,2
b553,f146,4
b319,f188,2
b494,f162,3
b103,f151,4
b611,f105,3
b614,f166,2
b459,f175,4
b868,f186,4
b763,f150,4
b532,f125,1
b238,f150,2
b105,f167,4
b358,f146,1
b838,f177,1
b685,f130,2
b978,f175,4
b1073,f161,1
b771,f138,4
b564,f130,2
b130,f143,3
b679,f196,3
b377,f197,4
b938,f115,1
b976,f160,2
b759,f122,2
b646,f111,3
b210,f177,5
b890,f103,4
b746,f190,1
b338,f111,2
b791,f145,5
b823,f197,4
b537,f103,5
b946,f177,5
b293,f150,3
b595,f154,5
b238,f177,1
b399,f160,4
b1064,f191,3
b997,f181,5
b321,f101,2
b955,f144,3
b645,f103,1
b900,f119,5
b564,f131,2
b251,f174,5
b427,f163,5
b737,f149,5
b679,f111,4
b595,f150,1
b395,f175,2
b109,f123,1
b468,f131,5
b428,f117,2
b332,f114,5
b771,f158,1
b654,f176,3
b338,f107,3
b285,f176,2
b903,f187,4
b306,f179,2
b110,f162,4
b401,f126,4
b429,f200,1
b888,f176,4
b116,f189,1
b468,f167,1
b112,f149,3
b554,f158,3
b741,f128,3
b625,f163,1
b270,f109,2
b218,f194,4
b662,f173,5
b754,f110,3
b306,f130,1
b349,f174,5
b530,f126,1
b977,f194,2
b631,f154,3
b165,f189,4
b1007,f152,2
b571,f135,2
b216,f101,3
b103,f123,1
b179,f117,2
b332,f141,1
b744,f122,4
b1010,f159,5
b1077,f154,1
b107,f146,1
b258,f130,4
b506,f170,3
b406,f174,1
b771,f194,3
b295,f145,2
b352,f157,3
b612,f153,4
b380,f175,2
b680,f199,1
b455,f145,4
b115,f182,2
b662,f191,3
b604,f130,4
b364,f128,1
b848,f159,3
b223,f139,3
b103,f136,5
b719,f186,3
b275,f150,1
b113,f172,1
b783,f169,5
b129,f146,5
b678,f109,1
b426,f173,2
b475,f199,1
b388,f179,5
b849,f193,3
b669,f140,2
b545,f169,5
b772,f174,2
b249,f107,1
b514,f136,3
b702,f196,1
b402,f182,4
b361,f119,1
b364,f193,3
b544,f117,4
b284,f106,5
b200,f179,2
b914,f115,1
b483,f144,4
b721,f133,3
b919,f134,1
b487,f114,5
b399,f157,1
b226,f129,2
b998,f147,3
b480,f179,5
b117,f184,1
b926,f180,4
b790,f130,4
b687,f128,2
b783,f167,4
b747,f122,2
b1078,f128,3
b631,f150,1
b295,f122,5
b308,f173,4
b849,f143,5
b264,f167,2
b239,f146,5
b571,f199,1
b749,f128,1
b585,f196,1
b159,f155,5
b748,f117,5
b488,f186,4
b776,f193,5
b609,f159,1
b899,f137,4
b1067,f168,5
b424,f168,2
b131,f192,4
b926,f173,5
b819,f186,3
b310,f186,2
b211,f195,4
b389,f167,2
b136,f177,3
b978,f126,2
b299,f197,5
b684,f154,4
b246,f192,4
b1045,f182,1
b182,f131,4
b647,f106,4
b537,f134,4
b774,f135,2
b366,f110,5
b562,f153,4
b753,f130,1
b953,f120,5
b607,f123,2
b898,f159,5
b859,f135,3
b530,f124,3
b440,f110,4
b834,f101,3
b467,f115,5
b772,f147,1
b344,f150,1
b770,f129,1
b519,f138,3
b938,f134,2
b179,f133,1
b588,f150,4
b350,f157,1
b593,f171,2
b681,f185,4
b365,f102,5
b335,f191,1
b716,f102,4
b1060,f175,5
b637,f107,5
b1088,f111,2
b697,f171,4
b232,f187,2
b1034,f104,5
b569,f156,5
b183,f161,5
b803,f115,4
b336,f188,2
b520,f167,3
b475,f109,3
b695,f113,2
b548,f140,4
b382,f180,3
b824,f147,3
b204,f159,5
b584,f161,1
b176,f172,3
b584,f189,4
b391,f101,2
b575,f166,5
b918,f187,5
b602,f140,2
b901,f181,3
b569,f182,3
b766,f131,3
b658,f166,5
b711,f193,1
b650,f151,4
b470,f175,5
b996,f186,2
b855,f110,3
b1070,f165,3
b700,f138,1
b232,f105,3
b869,f164,3
b1056,f141,3
b435,f153,3
b1003,f185,2
b545,f102,1
b337,f131,3
b972,f126,5
b700,f135,2
b617,f109,4
b298,f114,1
b1016,f147,2
b599,f118,1
b160,f179,4
b889,f115,3
b981,f131,2
b453,f150,4
b796,f185,2
b1089,f194,1
b879,f170,3
b389,f174,5
b311,f135,3
b738,f152,1
b135,f125,5
b544,f153,1
b891,f111,1
b1036,f180,1
b224,f119,4
b436,f188,5
b1016,f138,2
b879,f147,2
b313,f152,1
b494,f144,1
b961,f186,4
b431,f185,3
b963,f155,4
b517,f188,3
b994,f176,2
b1067,f106,2
b512,f171,1
b111,f200,1
b608,f158,3
b845,f196,1
b989,f180,5
b278,f144,2
b530,f130,2
b203,f199,2
b269,f197,5
b426,f196,4
b868,f176,1
b440,f116,3
b710,f108,2
b1040,f143,4
b428,f170,4
b864,f158,3
b692,f192,2
b110,f167,3
b176,f187,3
b173,f126,3
b339,f106,1
b237,f127,3
b832,f104,2
b785,f142,1
b170,f142,4
b991,f105,1
b789,f175,1
b317,f197,5
b614,f132,1
b727,f196,4
b920,f135,3
b352,f130,2
b103,f120,4
b536,f148,1
b324,f151,2
b991,f129,4
b936,f130,3
b465,f139,4
b756,f192,5
b382,f113,4
b239,f143,5
b396,f101,1
b297,f133,1
b599,f196,2
b104,f122,1
b271,f151,3
b803,f151,5
b775,f193,3
b434,f139,2
b397,f198,1
b812,f184,5
b371,f137,1
b125,f125,2
b690,f153,2
b884,f164,4
b803,f125,2
b932,f107,2
b575,f190,3
b792,f198,1
b435,f107,5
b800,f192,1
b174,f122,1
b596,f149,1
b123,f148,2
b490,f132,1
b129,f121,1
b395,f140,2
b1075,f185,5
b1032,f134,4
b1080,f198,5
b455,f125,2
b775,f187,5
b933,f177,5
b398,f136,1
b516,f190,4
b127,f103,4
b1082,f183,3
b219,f112,3
b284,f176,1
b760,f145,5
b969,f175,1
b231,f114,2
b513,f154,2
b669,f143,2
b214,f110,5
b943,f181,5
b630,f199,5
b952,f187,5
b343,f188,3
b351,f142,2
b553,f117,4
b439,f111,5
b449,f195,2
b1017,f138,1
b202,f158,1
b440,f199,3
b670,f113,3
b600,f148,3
b227,f180,2
b658,f198,5
b366,f112,2
b752,f197,4
b631,f145,2
b565,f188,3
b525,f136,1
b153,f182,2
b319,f189,3
b178,f168,4
b186,f101,4
b145,f180,3
b1042,f135,3
b223,f129,1
b617,f186,2
b1078,f106,4
b888,f148,2
b137,f146,2
b565,f102,4
b1012,f158,4
b234,f165,1
b225,f194,1
b140,f120,2
b853,f120,3
b1040,f186,2
b542,f199,4
b826,f199,2
b357,f170,2
b466,f200,2
b776,f109,3
b621,f150,3
b701,f152,5
b1051,f200,2
b461,f121,3
b578,f198,1
b451,f123,1
b131,f141,3
b359,f130,1
b854,f198,5
b862,f180,4
b721,f121,3
b741,f175,1
b921,f128,1
b383,f106,4
b837,f103,4
b584,f136,2
b757,f130,1
b156,f164,4
b119,f146,2
b439,f143,5
b715,f136,5
b1045,f148,3
b653,f165,2
b803,f175,5
b216,f111,3
b459,f110,3
b1096,f154,2
b384,f200,4
b601,f131,3
b810,f115,1
b560,f165,4
b540,f105,5
b273,f176,5
b951,f190,1
b230,f194,2
b544,f105,1
b733,f184,3
b378,f125,1
b354,f102,2
b1030,f128,2
b217,f125,2
b247,f191,1
b1075,f103,3
b137,f171,3
b447,f188,3
b539,f123,1
b539,f155,1
b437,f111,5
b425,f159,2
b784,f174,1
b884,f108,5
b643,f168,3
b291,f157,1
b831,f150,4
b966,f141,5
b524,f124,5
b1026,f143,1
b1063,f147,2
b174,f107,3
b155,f164,4
b159,f181,4
b335,f190,1
b247,f173,1
b856,f153,2
b732,f152,4
b624,f107,1
b804,f136,5
b746,f107,1
b456,f198,3
b103,f185,4
b208,f179,3
b806,f169,3
b397,f128,1
b852,f192,3
b435,f180,1
b771,f104,2
b522,f140,4
b944,f149,4
b903,f102,5
b946,f160,3
b164,f168,5
b995,f141,3
b538,f161,5
b278,f157,3
b760,f154,4
b567,f134,1
b961,f196,1
b595,f142,2
b254,f105,5
b991,f177,5
b332,f126,3
b970,f153,1
b178,f119,4
b309,f102,1
b275,f169,5
b596,f127,1
b752,f175,1
b975,f130,3
b299,f127,1
b366,f117,2
b307,f108,4
b952,f125,1
b316,f165,4
b615,f107,1
b954,f163,2
b579,f188,1
b171,f142,3
b121,f185,4
b694,f153,2
b352,f126,1
b583,f162,1
b507,f172,1
b122,f167,4
b389,f139,4
b539,f196,2
b648,f147,4
b433,f126,5
b868,f106,3
b965,f142,4
b557,f191,3
b720,f144,5
b172,f130,3
b468,f176,5
b487,f174,5
b437,f142,4
b850,f139,4
b1024,f161,3
b653,f197,4
b461,f116,2
b725,f174,1
b771,f161,1
b1099,f121,2
b414,f142,2
b647,f133,5
b479,f106,4
b670,f181,2
b759,f138,1
b486,f163,1
b831,f181,2
b994,f175,5
b743,f117,4
b889,f171,1
b407,f140,2
b643,f177,1
b402,f177,3
b240,f182,1
b121,f105,5
b384,f188,1
b724,f169,1
b1032,f194,4
b929,f168,1
b508,f179,1
b544,f145,1
b553,f129,1
b812,f117,5
b782,f120,3
b890,f139,3
b396,f194,4
b400,f163,5
b472,f146,1
b336,f178,4
b790,f175,1
b117,f115,5
b220,f175,4
b351,f142,2
b189,f109,2
b381,f134,1
b315,f171,5
b782,f163,2
b832,f135,1
b260,f157,1
b1016,f198,3
b374,f172,2
b258,f161,4
b896,f153,3
b165,f120,4
b656,f155,4
b853,f122,1
b225,f133,1
b263,f194,4
b652,f189,4
b551,f167,4
b757,f138,4
b559,f170,3
b554,f132,5
b777,f116,2
b661,f137,2
b470,f155,1
b979,f191,5
b525,f107,5
b982,f174,2
b826,f108,3
b421,f181,2
b266,f158,4
b616,f171,1
b1019,f113,3
b271,f137,5
b1000,f147,2
b548,f125,1
b110,f160,4
b128,f110,3
b367,f157,4
b960,f104,5
b382,f178,2
b158,f168,3
b185,f144,2
b1034,f162,3
b569,f166,4
b942,f138,2
b169,f174,4
b673,f159,2
b262,f106,2
b597,f140,4
b873,f170,4
b898,f110,5
b558,f118,4
b951,f101,4
b1090,f107,3
b375,f118,2
b1077,f103,4
b204,f187,3
b1035,f138,1
b415,f184,4
b850,f135,1
b805,f175,2
b655,f115,1
b740,f157,2
b485,f180,4
b281,f147,1
b309,f134,3
b552,f181,4
b181,f136,5
b320,f110,5
b880,f132,3
b704,f149,3
b855,f200,4
b728,f142,2
b120,f166,2
b290,f140,2
b693,f127,1
b812,f118,1
b624,f162,3
b600,f101,5
b865,f185,3
b302,f187,3
b417,f187,1
b167,f183,3
b1052,f125,3
b218,f167,5
b520,f175,3
b611,f121,2
b661,f182,4
b939,f166,5
b266,f160,2
b1058,f197,2
b310,f188,1
b346,f168,3
b351,f122,2
b202,f114,3
b242,f187,1
b1078,f104,3
b789,f175,1
b477,f140,2
b799,f113,2
b838,f162,5
b991,f152,3
b406,f162,1
b1008,f198,1
b218,f131,4
b187,f132,3
b889,f161,2
b617,f115,1
b670,f139,3
b254,f196,4
b121,f146,4
b630,f136,4
b135,f195,2
b833,f133,3
b837,f166,4
b502,f126,2
b278,f151,3
b290,f149,5
b813,f195,1
b686,f147,3
b500,f191,2
b677,f179,5
b880,f184,1
b141,f150,1
b643,f194,5
b371,f169,1
b256,f188,5
b733,f192,3
b823,f108,5
b447,f148,3
b619,f108,5
b233,f174,3
b907,f179,2
b194,f166,5
b226,f132,4
b727,f170,2
b954,f197,3
b386,f185,1
b328,f113,4
b823,f121,5
b367,f118,2
b1049,f165,2
b268,f105,3
b993,f146,5
b585,f139,3
b518,f165,3
b971,f177,3
b750,f199,4
b913,f175,1
b489,f148,4
b952,f117,4
b145,f169,2
b463,f141,4
b671,f182,3
b603,f162,4
b219,f169,3
b258,f190,3
b334,f125,4
b253,f149,4
b651,f102,3
b274,f195,4
b759,f175,1
b448,f119,1
b829,f147,4
b527,f155,3
b153,f174,4
b944,f165,4
b952,f108,5
b403,f189,2
b1041,f120,2
b152,f140,1
b590,f116,2
b1047,f193,2
b566,f162,4
b160,f193,4
b329,f153,4
b1023,f146,4
b375,f124,1
b999,f162,1
b738,f196,5
b418,f199,4
b992,f132,1
b518,f152,1
b929,f131,2
b229,f130,2
b670,f101,1
b1098,f193,5
b391,f121,4
b195,f114,1
b693,f122,1
b438,f136,5
b630,f112,4
b165,f146,3
b1059,f127,2
b817,f116,5
b361,f101,4
b765,f150,1
b244,f143,2
b566,f105,2
b679,f168,1
b357,f122,5
b503,f110,1
b971,f104,4
b653,f178,5
b250,f196,5
b778,f134,1
b433,f137,2
b262,f144,2
b705,f154,5
b828,f194,3
b558,f140,2
b467,f105,5
b513,f168,1
b627,f183,2
b753,f137,1
b448,f157,4
b845,f151,4
b439,f114,3
b1033,f112,1
b755,f101,3
b617,f173,1
b221,f165,1
b1007,f119,2
b176,f153,5
b838,f107,3
b179,f152,3
b416,f162,2
b617,f164,4
b290,f113,4
b353,f147,1
b196,f187,5
b206,f154,5
b382,f184,1
b1096,f165,4
b733,f179,3
b103,f149,3
b259,f151,1
b185,f155,3
b915,f101,2
b225,f168,3
b1026,f103,4
b1086,f195,3
b571,f174,5
b220,f134,3
b510,f192,5
b594,f110,4
b145,f198,1
b510,f158,2
b1069,f146,1
b662,f162,3
b765,f182,2
b186,f141,4
b824,f185,1
b734,f169,1
b403,f196,2
b849,f179,2
b119,f139,4
b330,f121,4
b486,f170,2
b237,f175,5
b154,f120,3
b913,f136,2
b141,f109,4
b628,f128,3
b507,f171,4
b321,f119,3
b243,f158,2
b543,f109,2
b696,f192,4
b169,f122,3
b554,f145,1
b268,f182,1
b1027,f147,5
b652,f195,5
b582,f168,2
b1022,f118,5
b716,f154,5
b136,f177,3
b167,f180,2
b436,f109,5
b686,f199,5
b768,f195,5
b488,f166,3
b115,f144,3
b476,f165,5
b1080,f119,1
b872,f110,1
b704,f168,5
b450,f197,1
b247,f106,3
b768,f166,5
b812,f150,1
b837,f140,2
b204,f126,1
b286,f131,5
b584,f151,4
b168,f137,4
b304,f131,4
b932,f102,1
b491,f179,2
b378,f118,2
b600,f177,2
b596,f105,2
b118,f120,5
b148,f193,5
b1087,f148,3
b337,f188,1
b360,f155,2
b101,f132,5
b456,f157,1
b266,f114,2
b434,f146,5
b1079,f159,1
b1007,f142,3
b628,f133,4
b557,f158,5
b1065,f136,5
b368,f154,3
b264,f191,4
b969,f157,2
b270,f130,2
b574,f186,4
b722,f166,1
b215,f181,4
b524,f125,5
b894,f118,1
b698,f199,3
b259,f143,4
b398,f182,4
b497,f121,3
b881,f194,4
b1030,f152,1
b404,f159,3
b695,f160,3
b1006,f197,4
b490,f185,2
b233,f160,4
b1026,f160,2
b620,f106,2
b145,f163,3
b203,f158,5
b886,f114,5
b1098,f198,5
b224,f195,2
b1044,f178,2
b772,f103,5
b488,f185,4
b392,f159,4
b642,f160,3
b447,f182,1
b1083,f122,4
b985,f195,4
b644,f102,4
b499,f166,5
b977,f191,1
b201,f161,2
b650,f131,5
b835,f140,5
b497,f194,2
b625,f172,2
b272,f157,4
b630,f129,1
b1090,f139,2
b716,f143,5
b517,f173,3
b122,f180,2
b153,f147,3
b645,f168,2
b786,f172,1
b436,f176,4
b333,f172,5
b932,f167,3
b296,f194,5
b306,f105,1
b1024,f115,5
b906,f117,5
b859,f187,5
b175,f177,4
b144,f104,1
b890,f168,2
b786,f101,5
b642,f110,3
b791,f136,1
b386,f127,4
b141,f150,1
b647,f134,1
b1040,f195,1
b241,f124,3
b677,f151,2
b105,f110,3
b969,f107,3
b940,f163,3
b599,f192,3
b906,f194,1
b997,f172,5
b729,f165,2
b690,f175,5
b354,f110,1
b731,f147,4
b202,f193,5
b475,f169,5
b130,f194,2
b830,f110,4
b384,f107,3
b793,f135,1
b816,f111,1
b845,f162,5
b1084,f187,4
b597,f183,3
b877,f196,5
b589,f136,3
b489,f194,3
b831,f107,4
b731,f110,2
b358,f130,5
b538,f195,1
b967,f150,3
b212,f133,4
b257,f125,2
b616,f122,3
b139,f191,4
b301,f134,1
b928,f136,1
b498,f138,3
b862,f160,4
b457,f163,3
b251,f197,2
b274,f139,2
b985,f177,1
b283,f114,5
b936,f135,4
b192,f181,2
b889,f144,5
b533,f104,4
b499,f137,3
b985,f169,3
b916,f140,3
b650,f189,4
b793,f119,3
b240,f191,4
b701,f156,2
b155,f105,3
b131,f189,1
b828,f199,1
b339,f124,5
b179,f200,4
b1066,f109,2
b220,f176,3
b342,f128,2
b350,f166,4
b1021,f106,2
b758,f118,4
b920,f151,1
b1088,f118,2
b332,f110,2
b623,f178,5
b415,f153,3
b1041,f125,3
b729,f158,3
b239,f114,4
b646,f166,5
b1069,f194,5
b896,f101,3
b375,f150,4
b538,f108,1
b689,f153,4
b600,f112,1
b1010,f149,5
b600,f184,3
b347,f154,2
b769,f130,2
b350,f150,2
b794,f128,3
b235,f150,2
b1038,f161,3
b1020,f184,1
b821,f127,2
b619,f159,1
b557,f153,4
b558,f132,1
b132,f177,1
b813,f120,2
b225,f148,5
b839,f110,4
b797,f150,3
b987,f111,1
b149,f140,5
b915,f109,3
b919,f188,1
b993,f164,2
b811,f120,1
b1096,f123,1
b447,f196,2
b250,f163,3
b345,f113,2
b793,f128,3
b112,f175,5
b530,f131,2
b341,f104,2
b740,f135,2
b658,f137,2
b174,f181,1
b832,f113,1
b765,f173,5
b752,f122,2
b862,f103,3
b431,f191,4
b182,f108,4
b717,f182,3
b584,f160,3
b138,f112,2
b215,f193,3
b729,f111,4
b837,f118,3
b976,f179,3
b614,f177,5
b222,f160,5
b422,f173,5
b465,f192,2
b750,f115,2
b1040,f145,3
b425,f150,2
b899,f191,3
b1054,f163,1
b295,f115,1
b1098,f144,1
b551,f179,1
b585,f198,5
b986,f179,1
b384,f187,1
b215,f189,5
b926,f113,2
b189,f168,2
b785,f139,2
b942,f106,3
b324,f128,2
b1016,f161,3
b127,f103,3
b433,f139,3
b215,f131,1
b612,f131,3
b486,f128,1
b332,f120,1
b819,f162,3
b178,f141,5
b282,f195,2
b550,f103,5
b508,f150,2
b358,f178,1
b1013,f166,3
b857,f184,2
b1027,f174,3
b391,f117,1
b677,f136,3
b184,f158,2
b461,f193,4
b1075,f111,4
b226,f190,3
b492,f123,2
b1042,f168,3
b974,f108,4
b737,f168,4
b583,f171,4
b505,f108,1
b244,f172,2
b153,f139,5
b943,f115,5
b732,f146,5
b164,f181,3
b542,f129,1
b560,f185,1
b832,f171,1
b715,f200,5
b852,f134,3
b679,f139,4
b653,f150,2
b561,f176,4
b1018,f199,1
b600,f185,2
b964,f109,3
b369,f113,1
b122,f172,2
b999,f112,5
b163,f123,5
b718,f197,4
b1015,f198,4
b671,f150,4
b463,f167,3
b749,f182,3
b441,f136,1
b283,f188,3
b920,f163,4
b331,f170,5
b252,f180,3
b505,f127,4
b570,f136,1
b732,f126,1
b727,f117,1
b807,f113,3
b181,f141,2
b726,f180,1
b367,f193,5
b374,f157,3
b833,f102,3
b580,f135,2
b798,f196,4
b788,f130,3
b585,f126,3
b623,f144,1
b562,f118,4
b615,f156,4
b1025,f103,2
b951,f103,1
b644,f133,2
b534,f199,3
b341,f143,5
b352,f181,4
b584,f192,1
b447,f132,4
b899,f183,3
b707,f137,2
b856,f171,5
b854,f173,2
b997,f144,5
b1012,f180,5
b1024,f181,3
b825,f177,4
b577,f191,2
b585,f166,5
b857,f139,3
b124,f142,1
b219,f162,3
b254,f186,3
b181,f163,2
b368,f182,1
b637,f167,2
b1080,f161,3
b771,f121,4
b641,f141,1
b256,f102,4
b654,f148,3
b968,f131,4
b627,f150,4
b183,f200,4
b123,f157,1
b1052,f121,2
b180,f168,3
b1007,f171,1
b892,f200,4
b606,f131,5
b205,f115,3
b462,f163,2
b363,f115,4
b242,f135,5
b874,f181,3
b884,f149,3
b176,f171,4
b1099,f189,1
b503,f183,3
b823,f158,3
b165,f190,3
b465,f129,1
b835,f155,1
b878,f169,3
b634,f150,2
b713,f102,4
b123,f167,4
b1059,f118,2
b634,f171,4
b520,f165,1
b141,f127,4
b512,f138,5
b621,f139,4
b962,f184,3
b171,f162,1
b461,f155,4
b259,f121,5
b692,f125,1
b102,f142,2
b618,f138,1
b156,f179,2
b832,f199,3
b1007,f199,5
b1097,f153,4
b1005,f137,1
b637,f143,3
b931,f103,4
b1086,f167,2
b940,f136,4
b232,f129,3
b199,f168,5
b148,f137,2
b930,f189,2
b957,f123,1
b228,f176,5
b1038,f130,5
b659,f166,4
b911,f146,1
b694,f196,4
b340,f179,3
b673,f129,3
b334,f113,3
b915,f191,1
b1092,f173,5
b541,f116,5
b334,f191,1
b488,f128,3
b765,f110,4
b376,f169,4
b327,f174,5
b521,f166,4
b638,f130,1
b367,f119,5
b242,f179,5
b314,f135,5
b657,f156,3
b892,f172,4
b200,f133,4
b956,f124,3
b307,f127,3
b383,f187,2
b902,f187,4
b105,f159,1
b915,f115,1
b343,f199,3
b398,f149,2
b175,f184,2
b1057,f147,1
b843,f115,2
b271,f193,4
b260,f160,5
b421,f142,2
b372,f110,4
b520,f199,1
b368,f155,1
b558,f180,3
b120,f151,2
b568,f163,2
b990,f136,4
b463,f113,3
b672,f119,4
b927,f172,1
b580,f159,5
b784,f179,2
b597,f200,3
b991,f115,3
b250,f118,2
b805,f180,2
b606,f140,2
b321,f140,4
b902,f150,5
b1013,f116,2
b803,f146,4
b576,f108,2
b1026,f162,1
b213,f139,3
b1030,f180,4
b928,f134,5
b620,f128,1
b639,f108,4
b492,f136,3
b412,f125,1
b1020,f109,3
b475,f176,3
b619,f158,3
b138,f134,3
b981,f150,4
b483,f148,4
b624,f144,1
b738,f153,2
b964,f159,3
b234,f164,4
b307,f172,4
b720,f171,4
b459,f183,4
b527,f170,2
b461,f116,3
b617,f189,2
b122,f196,5
b169,f116,4
b648,f131,5
b974,f192,5
b667,f165,4
b244,f125,2
b220,f157,4
b217,f102,4
b720,f157,3
b331,f130,4
b197,f118,3
b434,f126,5
b319,f162,1
b956,f156,1
b1015,f117,2
b901,f152,2
b337,f127,4
b685,f172,2
b240,f172,1
b979,f169,4
b867,f134,3
b885,f187,5
b1017,f193,5
b641,f141,2
b530,f113,5
b157,f190,2
b446,f184,3
b479,f160,5
b738,f148,1
b834,f182,3
b1059,f130,1
b485,f133,3
b198,f116,3
b745,f146,1
b285,f153,5
b324,f136,5
b278,f112,4
b667,f119,4
b134,f122,4
b1053,f189,5
b472,f117,2
b473,f119,3
b287,f158,1
b463,f159,2
b829,f106,4
b1021,f194,2
b499,f118,3
b325,f185,4
b133,f137,4
b271,f107,4
b470,f114,4
b797,f182,3
b570,f134,5
b910,f161,4
b333,f195,4
b187,f126,1
b848,f139,2
b1050,f138,2
b539,f149,1
b1070,f184,1
b1013,f131,3
b168,f147,2
b166,f158,4
b488,f159,3
b718,f183,1
b546,f165,3
b655,f107,2
b587,f182,5
b309,f196,1
b891,f123,5
b524,f167,4
b584,f158,1
b932,f155,4
b719,f101,1
b891,f151,1
b397,f122,3
b751,f132,1
b310,f109,3
b521,f111,3
b621,f129,5
b537,f126,4
b770,f133,2
b682,f145,4
b793,f187,3
b116,f116,3
b769,f142,4
b314,f176,5
b1033,f160,4
b580,f115,1
b1061,f198,5
b859,f123,5
b245,f180,2
b758,f128,2
b737,f143,2
b677,f173,4
b999,f119,2
b170,f153,3
b512,f134,2
b107,f180,5
b130,f182,5
b565,f116,1
b1025,f150,2
b111,f129,2
b848,f159,4
b201,f194,5
b246,f123,2
b914,f140,3
b869,f172,2
b211,f178,4
b634,f118,1
b215,f154,2
b650,f200,3
b777,f198,1
b561,f193,3
b355,f185,4
b343,f170,4
b318,f176,1
b921,f191,5
b281,f137,3
b476,f194,4
b595,f184,4
b512,f152,4
b292,f159,2
b686,f153,2
b440,f126,5
b986,f197,3
b300,f139,4
b1071,f183,1
b810,f147,3
b661,f165,3
b807,f170,2
b833,f123,1
b1003,f119,3
b484,f138,2
b854,f167,3
b934,f115,2
b155,f165,2
b792,f192,4
b978,f156,4
b434,f155,5
b608,f180,5
b260,f148,2
b597,f179,5
b1020,f177,2
b328,f149,3
b649,f162,2
b303,f197,2
b983,f151,5
b324,f159,3
b506,f165,4
b274,f132,4
b585,f158,5
b926,f118,3
b986,f141,2
b366,f177,1
b298,f159,2
b884,f103,5
b349,f133,5
b494,f165,2
b888,f153,1
b432,f189,3
b488,f114,4
b582,f134,4
b695,f152,5
b913,f182,2
b1057,f119,4
b712,f104,1
b741,f162,2
b1037,f123,3
b371,f109,5
b1091,f155,2
b484,f169,4
b597,f139,3
b287,f130,4
b121,f120,2
b162,f166,2
b308,f172,3
b688,f114,4
b142,f200,4
b637,f167,1
b421,f198,4
b1034,f146,1
b421,f167,1
b595,f161,1
b982,f196,1
b668,f164,5
b544,f153,3
b755,f129,2
b887,f152,4
b240,f124,1
b667,f190,3
b460,f189,3
b388,f171,3
b626,f115,2
b1022,f158,4
b687,f124,3
b344,f114,1
b208,f116,5
b645,f187,5
b995,f112,5
b284,f101,5
b239,f128,3
b554,f164,5
b421,f137,5
b333,f102,1
b260,f128,4
b505,f148,4
b656,f197,1
b121,f183,2
b260,f107,5
b1020,f197,3
b1099,f186,3
b1088,f186,3
b314,f102,4
b578,f126,3
b539,f113,5
b1002,f116,3
b940,f200,1
b755,f137,5
b291,f106,2
b1083,f129,3
b309,f186,1
b613,f189,3
b581,f171,2
b859,f146,2
b741,f133,2
b826,f156,3
b861,f178,5
b778,f190,2
b640,f159,4
b872,f174,1
b510,f142,4
b615,f172,4
b112,f138,5
b122,f164,3
b1074,f115,4
b957,f177,5
b1053,f190,1
b796,f147,1
b808,f145,4
b355,f172,2
b408,f103,3
b588,f143,1
b769,f138,3
b295,f168,5
b646,f160,3
b201,f121,1
b139,f186,4
b765,f129,5
b219,f154,4
b184,f191,2
b746,f114,5
b1054,f127,2
b930,f189,2
b210,f101,1
b1022,f179,1
b375,f137,3
b692,f138,3
b401,f193,5
b706,f129,3
b1060,f102,2
b103,f127,1
b372,f150,2
b700,f106,5
b360,f148,3
b629,f177,4
b417,f191,5
b368,f118,2
b335,f169,1
b981,f115,4
b686,f103,3
b469,f174,4
b925,f182,1
b407,f109,4
b223,f125,3
b628,f181,1
b1054,f156,3
b246,f119,2
b482,f170,4
b941,f179,5
b547,f191,2
b1044,f128,5
b305,f159,1
b862,f151,1
b700,f178,2
b954,f191,1
b357,f192,5
b987,f103,4
b587,f179,2
b933,f111,5
b713,f131,1
b755,f197,5
b573,f144,2
b454,f120,2
b640,f164,1
b342,f178,5
b1043,f105,2
b1068,f162,3
b588,f169,2
b245,f179,3
b1051,f139,3
b178,f162,1
b1081,f130,4
b119,f105,4
b471,f108,2
b800,f136,2
b502,f171,1
b472,f183,5
b226,f174,3
b940,f178,1
b723,f192,5
b707,f129,1
b331,f153,2
b425,f120,3
b170,f155,4
b821,f102,1
b846,f170,1
b703,f106,1
b170,f130,1
b809,f174,3
b284,f187,3
b162,f171,5
b382,f200,2
b438,f151,3
b667,f113,4
b968,f149,2
b695,f192,5
b590,f111,3
b218,f122,5
b315,f150,5
b222,f156,1
b829,f124,2
b640,f192,2
b217,f169,1
b916,f105,2
b183,f117,3
b1003,f127,3
b669,f198,3
b926,f190,4
b396,f134,5
b568,f125,2
b1090,f191,2
b971,f141,2
b1049,f129,5
b262,f169,3
b426,f141,5
b942,f180,5
b1044,f186,1
b113,f103,5
b221,f183,1
b422,f199,2
b904,f119,1
b670,f138,2
b230,f127,4
b1033,f198,2
b196,f184,1
b331,f140,4
b896,f158,3
b333,f122,4
b235,f129,4
b551,f157,5
b1077,f121,5
b506,f132,3
b847,f179,2
b1086,f192,1
b984,f104,3
b227,f148,1
b615,f160,3
b795,f149,2
b171,f120,3
b895,f126,5
b522,f181,4
b1035,f184,3
b787,f151,4
b895,f146,2
b316,f187,1
b358,f124,4
b1013,f167,3
b684,f165,1
b235,f118,2
b1029,f161,5
b763,f128,2
b239,f123,2
b965,f149,4
b876,f193,5
b290,f157,5
b895,f115,1
b828,f114,1
b124,f147,5
b273,f164,4
b628,f173,2
b222,f141,3
b150,f139,2
b347,f186,5
b637,f195,4
b301,f198,5
b553,f191,3
b796,f140,4
b464,f105,1
b715,f105,5
b531,f195,3
b307,f183,1
b929,f147,3
b981,f189,2
b334,f115,2
b279,f192,2
b918,f196,1
b736,f197,5
b466,f197,1
b138,f105,2
b392,f134,2
b669,f105,3
b393,f108,2
b553,f132,5
b1038,f131,2
b421,f161,2
b738,f132,3
b204,f110,5
b649,f174,5
b106,f200,1
b352,f128,4
b982,f128,3
b693,f127,5
b407,f176,3
b153,f193,4
b122,f126,3
b485,f192,4
b381,f119,1
b377,f197,3
b777,f154,4
b1059,f178,5
b210,f112,3
b701,f196,3
b961,f187,2
b142,f153,1
b146,f127,1
b724,f114,2
b658,f124,1
b592,f136,5
b800,f139,4
b471,f143,4
b1084,f196,4
b287,f197,4
b745,f161,1
b889,f115,3
b772,f140,2
b721,f129,1
b128,f177,3
b814,f122,2
b192,f134,3
b524,f110,5
b624,f198,1
b492,f148,1
b1059,f146,1
b683,f197,4
b576,f150,3
b556,f181,4
b370,f145,5
b502,f177,1
b639,f141,4
b308,f156,5
b479,f155,2
b245,f161,3
b577,f124,1
b249,f124,2
b169,f142,5
b968,f111,4
b113,f178,3
b1071,f178,4
b795,f185,1
b236,f190,4
b902,f113,1
b752,f101,5
b1054,f130,2
b343,f167,1
b772,f148,2
b953,f108,5
b810,f134,2
b119,f117,2
b328,f194,5
b654,f101,4
b741,f131,5
b651,f163,5
b911,f127,4
b870,f181,2
b255,f170,5
b1047,f109,2
b701,f156,4
b301,f176,5
b240,f156,5
b883,f180,4
b405,f132,3
b997,f167,2
b754,f129,5
b125,f112,2
b619,f189,5
b463,f141,5
b652,f183,3
b133,f115,2
b431,f176,1
b143,f194,1
b525,f127,5
b809,f118,2
b224,f183,3
b895,f127,3
b1014,f198,2
b1080,f197,5
b1019,f144,3
b885,f142,4
b759,f148,3
b682,f113,5
b840,f170,4
b321,f199,3
b752,f129,4
b656,f102,3
b783,f174,4
b587,f161,2
b846,f151,2
b1036,f122,1
b459,f173,2
b603,f159,2
b536,f195,4
b980,f121,5
b456,f154,5
b732,f115,2
b874,f114,2
b982,f151,3
b289,f106,1
b124,f178,1
b595,f111,1
b877,f172,3
b1084,f163,3
b170,f161,5
b1079,f117,2
b1041,f186,3
b876,f154,2
b645,f153,2
b782,f159,4
b595,f152,5
b1003,f135,3
b212,f198,4
b166,f103,5
b424,f114,1
b520,f136,2
b165,f174,1
b947,f193,5
b515,f172,5
b952,f112,4
b700,f160,5
b691,f105,4
b457,f162,5
b992,f110,1
b541,f134,5
b425,f146,4
b959,f131,3
b939,f121,5
b434,f136,3
b907,f106,2
b856,f172,5
b766,f190,2
b902,f135,1
b672,f158,5
b432,f110,3
b725,f181,5
b637,f131,5
b770,f169,1
b817,f169,1
b282,f177,5
b117,f172,4
b367,f140,1
b854,f196,2
b1038,f132,1
b307,f112,3
b1026,f171,5
b113,f176,4
b952,f119,1
b836,f177,5
b524,f146,4
b644,f170,5
b879,f150,4
b640,f101,4
b543,f110,5
b678,f183,4
b916,f165,2
b881,f180,5
b409,f108,3
b717,f111,3
b532,f176,4
b893,f101,2
b335,f174,3
b356,f193,1
b780,f174,1
b1000,f112,2
b327,f178,2
b742,f114,2
b153,f175,4
b346,f175,5
b930,f102,1
b801,f175,3
b822,f172,4
b254,f141,3
b566,f158,5
b222,f109,4
b1027,f112,5
b248,f118,5
b1027,f161,3
b714,f119,3
b405,f107,5
b563,f141,4
b1055,f124,4
b256,f133,3
b885,f107,5
b899,f179,5
b607,f121,2
b881,f161,2
b591,f119,4
b170,f120,1
b535,f175,3
b1036,f105,1
b873,f197,4
b254,f126,3
b931,f120,2
b725,f123,4
b187,f121,2
b1050,f155,1
b301,f159,2
b435,f184,2
b1048,f136,5
b708,f178,3
b1091,f121,1
b322,f199,2
b711,f182,4
b536,f120,4
b797,f161,4
b253,f127,3
b505,f186,2
b935,f126,1
b1052,f131,4
b1081,f165,4
b1029,f131,5
b669,f197,5
b644,f155,2
b956,f172,5
b504,f107,3
b948,f121,5
b350,f118,5
b571,f101,4
b629,f145,2
b1059,f115,4
b868,f147,4
b999,f110,4
b220,f126,5
b762,f113,2
b874,f144,3
b165,f156,3
b794,f179,2
b259,f139,3
b411,f169,5
b1054,f125,3
b952,f155,4
b300,f155,5
b421,f120,1
b497,f192,5
b147,f145,1
b934,f127,5
b196,f108,1
b724,f112,1
b934,f191,3
b453,f118,2
b926,f127,4
b902,f187,1
b307,f167,2
b343,f114,5
b329,f162,2
b588,f111,4
b1093,f107,2
b422,f168,1
b561,f168,3
b326,f179,3
b656,f147,1
b893,f186,4
b200,f162,1
b651,f199,1
b375,f122,5
b748,f108,1
b129,f151,4
b398,f192,1
b437,f139,5
b802,f167,1
b578,f117,3
b522,f149,4
b498,f113,1
b667,f197,1
b408,f116,2
b619,f169,3
b691,f101,2
b123,f123,5
b955,f159,4
b923,f140,5
b248,f105,5
b688,f176,1
b406,f143,1
b888,f195,4
b758,f175,1
b659,f161,1
b733,f188,4
b338,f161,3
b683,f141,2
b537,f174,1
b663,f125,2
b807,f102,1
b328,f130,2
b541,f160,4
b1020,f157,3
b906,f178,4
b851,f144,2
b868,f188,3
b1063,f173,2
b483,f179,3
b300,f142,5
b473,f197,1
b106,f144,2
b872,f118,5
b894,f192,4
b371,f132,3
b797,f102,1
b778,f129,2
b908,f112,3
b936,f120,2
b913,f197,2
b184,f115,1
b646,f189,2
b190,f125,4
b437,f111,5
b216,f144,5
b879,f153,4
b851,f196,1
b973,f151,2
b1078,f122,5
b1091,f195,2
b777,f144,1
b268,f144,1
b1008,f200,5
b593,f181,3
b478,f141,5
b727,f152,1
b715,f163,2
b292,f150,4
b594,f172,2
b320,f117,1
b890,f184,2
b499,f190,3
b574,f194,1
b208,f141,3
b216,f197,5
b652,f108,4
b296,f126,1
b770,f131,3
b749,f107,2
b255,f119,4
b1076,f112,3
b396,f181,2
b674,f116,4
b633,f158,2
b287,f112,5
b643,f108,2
b225,f160,2
b353,f121,5
b829,f188,5
b805,f123,2
b967,f199,5
b272,f105,2
b812,f181,2
b988,f126,5
b764,f133,2
b200,f185,2
b121,f105,1
b1099,f157,5
b469,f185,5
b141,f131,5
b953,f161,5
b942,f144,1
b810,f186,2
b897,f195,4
b1064,f109,5
b789,f185,5
b973,f143,2
b575,f172,1
b195,f194,1
b384,f121,5
b116,f151,4
b216,f115,1
b1070,f137,4
b312,f107,5
b428,f158,2
b319,f169,3
b452,f105,4
b1078,f200,4
b353,f105,2
b499,f127,2
b950,f145,4
b1036,f130,1
b301,f153,2
b930,f179,3
b682,f173,4
b496,f189,2
b504,f135,2
b465,f168,4
b411,f122,4
b1006,f110,3
b667,f118,1
b559,f163,5
b513,f192,3
b743,f163,1
b728,f195,1
b187,f150,1
b956,f179,2
b469,f107,4
b339,f115,3
b979,f176,5
b498,f146,2
b257,f185,4
b655,f120,3
b694,f147,3
b478,f158,2
b485,f116,3
b634,f186,4
b960,f137,5
b910,f112,4
b220,f200,4
b332,f151,4
b965,f179,3
b1042,f189,2
b170,f181,4
b608,f172,3
b369,f148,5
b217,f194,3
b837,f155,4
b259,f174,5
b286,f156,5
b643,f200,2
b376,f131,3
b824,f130,2
b597,f189,4
b628,f134,3
b927,f161,3
b235,f198,5
b216,f122,5
b959,f155,4
b864,f184,3
b1012,f106,4
b185,f106,2
b358,f153,5
b499,f187,4
b963,f113,4
b644,f141,4
b355,f171,3
b253,f107,4
b175,f190,4
b754,f181,5
b513,f135,5
b220,f154,5
b632,f190,4
b686,f108,1
b670,f138,3
b317,f121,4
b1000,f170,2
b604,f136,1
b720,f137,5
b981,f175,1
b912,f139,5
b399,f164,1
b555,f157,1
b415,f109,5
b633,f168,1
b609,f119,2
b922,f190,1
b966,f150,2
b1100,f128,3
b555,f171,5
b375,f154,2
b115,f150,1
b166,f106,4
b243,f175,4
b957,f141,2
b896,f124,2
b339,f116,5
b963,f156,2
b951,f140,1
b304,f187,4
b406,f145,2
b880,f187,2
b845,f142,3
b396,f159,1
b150,f168,3
b1081,f142,2
b659,f126,5
b343,f111,3
b769,f108,4
b717,f159,1
b890,f165,5
b642,f169,2
b708,f158,3
b898,f112,5
b654,f117,5
b1066,f113,5
b375,f154,5
b925,f164,2
b1031,f140,4
b715,f142,1
b585,f156,2
b332,f197,4
b245,f136,3
b663,f140,4
b676,f182,5
b914,f184,4
b1056,f110,3
b348,f132,5
b910,f177,5
b630,f159,3
b678,f155,2
b766,f142,1
b198,f179,5
b800,f102,5
b591,f163,4
b986,f192,1
b155,f138,1
b502,f120,2
b865,f140,1
b275,f125,2
b238,f141,1
b460,f148,2
b999,f198,5
b328,f195,5
b1005,f128,4
b990,f165,4
b805,f131,2
b731,f123,3
b580,f119,3
b771,f187,5
b593,f200,5
b789,f149,2
b1015,f111,5
b301,f111,5
b743,f104,1
b283,f152,3
b587,f195,1
b906,f107,2
b795,f171,2
b554,f115,3
b1017,f111,4
b1088,f126,3
b312,f112,2
b554,f135,1
b221,f166,2
b794,f152,4
b149,f122,4
b140,f182,3
b480,f142,1
b936,f122,3
b193,f184,3
b952,f185,2
b858,f191,3
b114,f200,4
b319,f110,2
b658,f145,5
b281,f185,5
b1017,f191,4
b1061,f120,2
b232,f188,4
b941,f155,2
b435,f184,4
b483,f109,5
b186,f108,4
b590,f127,3
b169,f128,4
b826,f135,5
b357,f142,5
b842,f130,2
b353,f104,1
b748,f123,2
b942,f104,3
b839,f123,5
b889,f166,2
b453,f127,4
b954,f127,2
b480,f134,2
b762,f180,1
b496,f176,3
b168,f186,1
b963,f122,1
b956,f128,2
b872,f169,4
b931,f108,3
b558,f145,3
b598,f147,3
b802,f166,5
b917,f157,1
b388,f188,4
b708,f155,5
b745,f150,4
b1031,f114,3
b473,f193,1
b685,f189,3
b309,f140,1
b154,f131,3
b459,f110,2
b173,f186,5
b121,f130,2
b404,f135,2
b255,f155,4
b543,f154,2
b224,f134,2
b857,f135,4
b276,f155,1
b573,f178,1
b232,f166,2
b469,f119,1
b101,f118,5
b261,f115,5
b303,f196,2
b1039,f112,3
b139,f145,4
b919,f197,1
b968,f128,5
b638,f186,4
b341,f176,2
b817,f156,3
b1000,f173,1
b869,f167,5
b1056,f136,2
b703,f132,5
b787,f126,2
b692,f172,4
b921,f108,1
b444,f101,5
b144,f136,1
b317,f176,5
b1031,f130,3
b904,f195,4
b1080,f189,1
b859,f167,2
b733,f111,1
b906,f120,2
b815,f170,3
b994,f157,5
b1080,f168,4
b813,f123,3
b271,f200,1
b904,f132,2
b367,f114,1
b806,f167,1
b296,f164,1
b125,f148,1
b187,f167,1
b417,f181,1
b164,f158,4
b775,f192,1
b136,f193,4
b281,f153,5
b249,f163,5
b814,f170,5
b652,f200,2
b306,f143,2
b302,f111,3
b600,f128,4
b429,f144,3
b702,f142,1
b520,f171,2
b1047,f155,5
b549,f145,5
b379,f103,1
b368,f119,3
b101,f150,5
b750,f115,3
b239,f127,4
b205,f129,4
b1086,f162,3
b231,f138,5
b802,f124,5
b890,f198,4
b715,f198,3
b1007,f181,2
b406,f139,4
b871,f195,4
b201,f130,4
b115,f108,3
b976,f149,2
b773,f177,3
b969,f101,1
b895,f108,2
b948,f170,2
b1090,f195,1
b898,f119,1
b180,f192,4
b503,f123,1
b428,f175,4
b925,f109,3
b444,f174,1
b689,f131,2
b667,f140,2
b1083,f147,3
b901,f143,1
b373,f193,3
b514,f152,1
b733,f164,2
b1072,f103,2
b194,f180,4
b215,f116,1
b834,f141,5
b570,f182,5
b884,f197,1
b562,f123,5
b590,f181,5
b728,f148,3
b366,f170,2
b962,f188,2
b691,f125,5
b209,f163,3
b1011,f152,5
b1010,f125,3
b676,f148,4
b941,f141,2
b342,f117,2
b950,f188,3
b672,f138,1
b537,f148,3
b223,f105,5
b405,f164,3
b839,f180,5
b879,f173,2
b293,f196,2
b999,f165,3
b408,f161,2
b693,f109,5
b988,f102,4
b804,f107,2
b105,f169,3
b730,f180,2
b1002,f198,4
b107,f128,4
b1092,f166,2
b679,f111,5
b451,f198,4
b629,f176,5
b300,f126,5
b1003,f160,3
b324,f104,4
b152,f200,4
b164,f145,5
b723,f135,4
b1019,f101,2
b517,f165,4
b339,f107,1
b568,f135,2
b900,f183,3
b1066,f176,4
b905,f172,4
b1020,f145,3
b851,f137,3
b911,f195,2
b980,f160,1
b527,f122,5
b727,f196,1
b858,f137,1
b365,f198,2
b560,f124,3
b481,f169,4
b423,f159,4
b1098,f150,3
b243,f115,4
b461,f169,4
b137,f178,2
b306,f194,2
b1008,f102,1
b1073,f102,2
b249,f147,3
b781,f132,5
b108,f146,5
b551,f181,2
b1036,f145,1
b1084,f185,3
b819,f185,2
b1036,f178,2
b127,f136,1
b784,f187,3
b888,f107,1
b588,f157,3
b663,f185,5
b640,f150,4
b1078,f138,5
b992,f122,3
b640,f178,2
b169,f149,4
b718,f143,2
b454,f178,4
b498,f173,5
b1035,f161,2
b742,f178,5
b340,f101,1
b860,f146,4
b151,f176,2
b1091,f143,5
b163,f144,4
b357,f134,3
b194,f199,1
b258,f101,4
b891,f103,3
b614,f104,5
b480,f143,5
b406,f105,5
b489,f153,4
b839,f114,4
b803,f185,1
b764,f121,3
b332,f164,3
b890,f107,5
b880,f167,4
b931,f120,5
b746,f179,4
b381,f144,1
b504,f181,5
b322,f120,5
b482,f177,3
b143,f163,1
b376,f194,4
b233,f142,1
b346,f160,3
b328,f104,3
b854,f172,5
b892,f123,1
b605,f168,5
b543,f194,2
b537,f198,5
b440,f105,3
b980,f144,4
b663,f191,1
b683,f129,2
b1008,f148,2
b252,f141,2
b403,f195,5
b944,f176,5
b886,f123,5
b550,f127,1
b278,f131,5
b810,f113,4
b368,f101,1
b363,f102,1
b339,f174,1
b437,f145,3
b993,f183,3
b207,f107,3
b950,f108,3
b269,f171,4
b772,f113,4
b649,f126,3
b905,f108,5
b937,f166,2
b465,f197,3
b114,f131,2
b403,f187,3
b490,f127,3
b150,f131,4
b450,f128,5
b740,f168,5
b894,f156,2
b118,f104,4
b790,f192,2
b101,f156,1
b1092,f186,3
b600,f125,1
b595,f151,4
b489,f186,1
b663,f163,2
b947,f120,4
b156,f129,2
b675,f121,4
b230,f185,1
b679,f167,2
b974,f173,1
b1014,f167,4
b365,f118,5
b237,f167,4
b642,f121,4
b119,f118,1
b661,f168,1
b369,f182,5
b831,f111,3
b678,f177,5
b1017,f177,5
b827,f158,5
b967,f179,3
b156,f140,4
b961,f169,4
b458,f200,5
b1002,f168,2
b706,f154,4
b1000,f127,3
b833,f194,1
b461,f180,3
b417,f173,1
b568,f131,1
b262,f138,5
b595,f143,2
b901,f120,1
b157,f126,4
b433,f106,4
b1037,f102,4
b326,f111,4
b568,f196,1
b924,f197,2
b845,f111,4
b232,f198,5
b1071,f182,4
b537,f157,1
b175,f146,2
b831,f182,5
b418,f129,1
b726,f170,1
b134,f133,5
b1069,f159,2
b326,f106,2
b417,f173,2
b539,f151,4
b395,f106,2
b1009,f185,1
b127,f164,5
b418,f173,3
b1074,f153,2
b806,f185,1
b649,f185,4
b1086,f150,5
b860,f163,5
b769,f117,5
b492,f108,3
b544,f101,4
b1028,f195,2
b319,f169,5
b923,f183,3
b771,f117,2
b109,f154,5
b709,f184,2
b704,f194,3
b192,f128,4
b104,f120,3
b116,f163,2
b579,f124,3
b234,f196,3
b652,f177,5
b602,f117,3
b134,f162,4
b446,f116,3
b365,f117,4
b1089,f165,3
b928,f148,2
b1053,f130,4
b537,f136,3
b722,f136,4
b657,f142,3
b213,f125,1
b503,f116,5
b711,f194,5
b713,f182,2
b457,f109,2
b229,f192,5
b801,f142,4
b688,f106,5
b991,f108,4
b1081,f179,2
b1007,f104,1
b264,f153,3
b582,f116,4
b353,f180,5
b161,f117,3
b433,f185,4
b720,f179,2
b811,f117,3
b119,f166,1
b211,f122,4
b661,f151,3
b444,f178,3
b159,f113,5
b817,f173,4
b700,f193,2
b626,f155,4
b257,f177,4
b808,f118,4
b742,f137,5
b1100,f105,4
b403,f103,4
b800,f106,4
b830,f119,1
b574,f192,1
b1091,f123,4
b223,f144,2
b802,f158,1
b182,f162,4
b400,f134,2
b1027,f196,5
b632,f101,3
b798,f137,1
b882,f196,2
b357,f164,1
b378,f183,2
b950,f165,1
b556,f108,3
b1031,f160,1
b820,f138,1
b119,f120,1
b908,f158,4
b1040,f109,3
b1066,f151,3
b296,f119,2
b724,f165,1
b437,f162,1
b388,f121,2
b1007,f114,5
b974,f192,1
b672,f157,2
b516,f161,5
b443,f141,5
b700,f161,4
b880,f174,2
b472,f110,3
b933,f103,3
b1077,f186,1
b658,f165,4
b766,f161,1
b783,f130,5
b367,f153,5
b594,f115,1
b445,f143,2
b401,f193,1
b502,f135,2
b197,f171,2
b1051,f129,5
b722,f133,2
b396,f146,5
b869,f123,5
b1020,f109,5
b156,f148,3
b924,f166,4
b281,f197,3
b435,f127,1
b698,f168,4
b686,f155,5
b847,f169,4
b321,f122,3
b352,f198,5
b295,f114,1
b962,f104,4
b883,f119,3
b752,f196,4
b968,f181,1
b362,f133,3
b168,f185,5
b691,f153,2
b584,f105,3
b243,f190,5
b639,f122,1
b305,f153,3
b255,f125,5
b764,f173,1
b1077,f130,1
b809,f114,4
b660,f131,2
b154,f133,1
b1019,f117,1
b1030,f182,2
b1049,f165,2
b958,f176,1
b689,f157,5
b425,f167,4
b877,f107,2
b856,f120,3
b985,f138,5
b968,f135,3
b494,f191,5
b101,f179,2
b643,f142,3
b1017,f112,1
b151,f164,3
b862,f115,2
b119,f128,5
b280,f125,1
b899,f157,1
b666,f179,5
b109,f154,2
b1064,f147,5
b590,f106,5
b683,f146,2
b843,f102,5
b280,f150,2
b301,f196,2
b829,f175,4
b484,f108,5
b1092,f114,1
b977,f137,4
b510,f125,1
b1017,f196,5
b642,f128,2
b996,f128,3
b394,f127,4
b979,f169,5
b1079,f187,1
b644,f142,2
b742,f138,2
b272,f155,2
b930,f199,2
b218,f128,3
b702,f108,3
b1094,f147,5
b962,f140,1
b561,f164,1
b453,f145,5
b683,f112,5
b841,f199,3
b389,f147,4
b236,f187,2
b215,f172,4
b272,f150,2
b662,f128,5
b128,f103,2
b657,f154,4
b806,f101,3
b610,f113,3
b882,f176,1
b819,f135,5
b178,f194,4
b739,f196,2
b251,f183,5
b147,f173,4
b850,f183,1
b329,f137,4
b1050,f119,4
b1033,f129,4
b443,f170,5
b428,f151,2
b570,f152,2
b547,f151,4
b841,f168,4
b360,f107,3
b112,f117,3
b522,f127,5
b1076,f137,3
b104,f145,2
b129,f149,3
b888,f133,1
b542,f144,1
b663,f159,1
b857,f109,4
b962,f183,3
b685,f157,2
b738,f168,2
b401,f157,1
b204,f180,1
b1092,f160,3
b592,f133,3
b942,f155,3
b568,f151,4
b814,f193,1
b995,f112,5
b1096,f163,4
b165,f103,3
b826,f151,2
b500,f175,2
b517,f190,2
b432,f136,5
b779,f172,3
b155,f138,1
b472,f157,4
b360,f129,1
b564,f155,4
b909,f131,5
b504,f152,3
b648,f145,5
b765,f148,2
b631,f183,5
b256,f112,5
b822,f144,1
b777,f102,3
b647,f141,2
b224,f189,3
b460,f194,3
b215,f103,3
b149,f145,4
b471,f145,4
b678,f120,1
b265,f200,5
b647,f149,2
b337,f113,3
b936,f178,4
b775,f176,5
b890,f144,3
b784,f141,5
b1031,f107,2
b246,f156,4
b314,f166,4
b295,f152,5
b896,f126,2
b313,f111,4
b135,f158,4
b184,f111,2
b422,f169,5
b1001,f184,5
b656,f149,2
b769,f102,1
b1074,f194,1
b785,f159,3
b231,f154,1
b1084,f102,5
b513,f169,3
b466,f112,5
b588,f111,1
b757,f107,4
b775,f165,2
b967,f184,5
b906,f187,1
b175,f172,5
b831,f160,3
b417,f180,2
b1096,f150,2
b336,f103,1
b490,f151,1
b317,f141,1
b261,f134,2
b617,f123,4
b698,f114,2
b145,f184,3
b178,f159,2
b241,f198,4
b231,f136,4
b499,f150,1
b960,f169,5
b391,f136,5
b706,f198,4
b763,f121,1
b750,f183,1
b769,f194,2
b551,f187,1
b322,f165,3
b447,f122,1
b909,f148,5
b352,f107,4
b542,f129,3
b928,f107,5
b671,f154,1
b507,f130,2
b127,f110,2
b221,f153,5
b195,f177,2
b697,f171,5
b912,f138,5
b367,f198,1
b1021,f176,4
b1043,f168,2
b889,f152,2
b474,f145,4
b235,f188,3
b159,f123,4
b1039,f167,3
b599,f147,5
b256,f136,4
b535,f187,5
b545,f117,2
b656,f114,2
b324,f135,2
b805,f195,1
b104,f131,3
b510,f167,4
b845,f200,2
b487,f174,4
b326,f164,3
b744,f148,3
b480,f146,4
b758,f160,5
b693,f157,4
b423,f159,4
b288,f118,5
b612,f144,2
b116,f185,2
b287,f167,1
b276,f118,3
b580,f167,4
b935,f108,1
b433,f141,5
b426,f159,4
b790,f163,4
b1091,f199,1
b521,f143,2
b664,f154,4
b740,f105,3
b284,f170,2
b928,f197,4
b230,f142,3
b643,f186,3
b180,f141,5
b1093,f115,2
b615,f145,2
b540,f106,3
b1089,f153,3
b480,f114,5
b566,f176,4
b714,f174,4
b1098,f180,1
b222,f121,1
b665,f184,3
b1100,f191,1
b348,f108,4
b522,f189,4
b613,f110,3
b480,f153,2
b978,f106,1
b311,f187,4
b707,f178,3
b283,f192,4
b293,f163,1
b492,f135,4
b912,f155,5
b700,f110,5
b879,f177,2
b352,f181,4
b593,f169,1
b646,f108,4
b694,f126,4
b362,f120,5
b233,f147,2
b830,f163,1
b678,f120,1
b632,f113,3
b387,f104,2
b816,f198,3
b1029,f112,4
b745,f116,5
b741,f129,3
b498,f148,4
b116,f110,1
b582,f119,4
b360,f199,3
b866,f199,4
b920,f195,1
b981,f139,3
b144,f104,3
b258,f186,1
b1030,f192,3
b786,f194,4
b1040,f101,2
b587,f128,2
b469,f184,3
b903,f106,1
b796,f170,4
b151,f149,5
b1027,f200,4
b473,f133,2
b914,f129,4
b750,f110,2
b402,f176,4
b188,f149,5
b958,f137,3
b761,f130,1
b123,f105,1
b1030,f109,2
b613,f153,3
b726,f131,2
b155,f141,5
b487,f153,5
b669,f101,1
b800,f180,4
b124,f193,5
b345,f195,1
b651,f155,1
b1077,f128,4
b291,f134,4
b739,f115,1
b942,f110,2
b429,f180,5
b758,f134,3
b1022,f108,3
b1061,f154,2
b988,f136,1
b920,f149,4
b371,f129,1
b236,f160,4
b819,f138,3
b831,f130,1
b785,f133,4
b508,f114,5
b643,f176,5
b977,f150,2
b278,f158,5
b414,f191,4
b689,f156,4
b935,f123,4
b596,f150,4
b704,f156,5
b911,f154,1
b541,f144,2
b792,f147,2
b645,f180,2
b794,f194,2
b463,f103,2
b313,f182,3
b223,f143,1
b963,f191,3
b557,f190,3
b1041,f169,2
b948,f164,1
b630,f118,5
b957,f175,3
b926,f127,2
b1022,f110,3
b673,f110,1
b633,f156,5
b382,f136,5
b353,f110,3
b816,f128,1
b1070,f139,1
b673,f147,5
b280,f160,2
b921,f157,5
b785,f162,4
b840,f200,2
b868,f134,3
b907,f185,4
b638,f107,4
b590,f128,4
b366,f148,4
b163,f131,5
b286,f173,4
b717,f120,5
b715,f147,4
b625,f193,1
b651,f177,4
b289,f130,1
b1023,f114,4
b878,f130,2
b1011,f133,4
b808,f191,4
b553,f150,4
b735,f107,5
b134,f109,1
b1025,f194,5
b106,f159,3
b754,f168,5
b927,f162,2
b888,f143,4
b620,f130,3
b1073,f164,3
b214,f186,2
b348,f173,3
b448,f148,5
b737,f106,3
b607,f134,2
b414,f162,5
b1036,f120,5
b451,f158,4
b881,f169,3
b879,f109,1
b693,f106,5
b286,f185,1
b938,f130,4
b592,f197,3
b683,f128,3
b424,f120,4
b221,f155,5
b1040,f165,4
b171,f133,1
b469,f191,2
b386,f125,3
b258,f140,5
b410,f145,1
b176,f167,4
b148,f109,2
b753,f186,1
b156,f141,5
b751,f162,1
b498,f148,5
b239,f108,4
b485,f188,1
b986,f112,4
b879,f133,5
b438,f161,5
b1074,f118,1
b589,f114,4
b502,f146,1
b118,f159,4
b527,f140,5
b1043,f178,5
b706,f182,4
b842,f186,4
b518,f150,4
b196,f177,5
b172,f103,4
b583,f117,4
b362,f189,4
b571,f153,5
b803,f151,5
b516,f170,2
b121,f152,4
b1096,f132,5
b344,f131,2
b783,f190,5
b507,f184,2
b519,f153,1
b107,f181,5
b971,f131,3
b646,f108,2
b319,f108,2
b730,f121,1
b370,f114,1
b252,f152,3
b296,f110,3
b539,f174,2
b828,f157,1
b856,f114,5
b365,f186,5
b918,f110,4
b146,f144,5
b537,f149,4
b298,f191,1
b1075,f103,2
b519,f155,1
b1014,f161,2
b284,f200,1
b715,f118,5
b503,f180,1
b1082,f148,2
b205,f111,1
b452,f152,4
b312,f200,1
b1073,f120,1
b500,f149,4
b214,f160,1
b1067,f107,1
b481,f160,2
b289,f102,2
b515,f138,1
b748,f145,4
b907,f108,1
b233,f156,3
b239,f122,1
b233,f172,3
b214,f171,3
b231,f146,5
b479,f193,3
b754,f178,4
b160,f145,4
b639,f124,5
b1062,f167,4
b513,f145,3
b785,f131,4
b172,f190,3
b632,f104,3
b1016,f121,5
b538,f129,1
b1017,f101,5
b525,f119,3
b867,f117,3
b442,f110,1
b989,f197,1
b238,f136,5
b386,f109,4
b629,f107,1
b723,f133,3
b982,f120,2
b457,f145,3
b186,f138,2
b1046,f198,5
b665,f104,1
b392,f103,3
b598,f195,1
b620,f166,2
b681,f174,5
b487,f153,4
b1031,f174,1
b894,f155,4
b1010,f149,2
b138,f110,1
b307,f181,1
b213,f152,4
b510,f116,4
b1056,f126,1
b715,f170,2
b659,f152,5
b732,f141,5
b161,f123,4
b731,f131,2
b800,f135,5
b217,f173,2
b206,f178,1
b319,f133,4
b122,f164,4
b1075,f121,4
b1025,f116,5
b714,f162,5
b276,f147,2
b529,f108,5
b589,f177,3
b511,f104,3
b710,f174,1
b288,f142,2
b725,f123,3
b431,f163,3
b436,f126,5
b799,f146,1
b425,f144,5
b359,f196,4
b895,f151,4
b920,f184,1
b184,f122,3
b111,f167,2
b913,f150,2
b1073,f155,4
b677,f177,2
b928,f167,4
b746,f193,3
b703,f145,4
b403,f190,5
b869,f119,3
b1078,f132,4
b738,f103,4
b625,f157,1
b119,f115,4
b602,f197,2
b803,f131,4
b1059,f182,2
b727,f187,2
b558,f132,2
b125,f119,3
b258,f137,5
b447,f129,4
b133,f125,4
b444,f102,1
b614,f185,4
b145,f107,2
b204,f185,5
b725,f151,4
b165,f129,2
b730,f127,3
b249,f173,1
b186,f155,2
b217,f122,1
b661,f165,1
b628,f127,2
b910,f162,5
b844,f124,1
b884,f166,1
b612,f151,4
b374,f133,3
b968,f113,3
b461,f150,5
b691,f198,4
b296,f138,4
b613,f130,1
b284,f108,5
b740,f133,2
b525,f195,4
b329,f125,1
b959,f142,4
b527,f139,3
b161,f188,4
b540,f103,5
b404,f168,5
b932,f158,4
b670,f103,2
b745,f171,2
b729,f106,3
b987,f113,3
b538,f159,2
b1082,f195,5
b684,f187,2
b502,f165,2
b931,f194,2
b773,f122,2
b364,f117,2
b612,f111,2
b893,f191,5
b335,f167,2
b836,f112,3
b1075,f192,5
b842,f149,1
b264,f154,1
b1094,f132,4
b489,f137,4
b536,f199,3
b1100,f128,3
b1046,f154,3
b920,f198,4
b187,f168,2
b402,f153,3
b249,f177,4
b615,f176,3
b144,f145,3
b164,f188,1
b780,f177,3
b554,f161,3
b377,f130,4
b657,f130,5
b894,f138,4
b630,f185,3
b1056,f140,2
b490,f163,5
b147,f131,4
b127,f174,5
b633,f190,1
b941,f138,1
b222,f142,3
b1020,f164,2
b222,f196,1
b235,f143,3
b1028,f131,5
b297,f148,3
b492,f129,3
b529,f172,2
b536,f191,1
b177,f102,3
b966,f200,2
b771,f125,3
b431,f148,5
b611,f169,2
b412,f176,2
b537,f118,3
b902,f181,4
b900,f196,1
b932,f104,1
b134,f173,2
b775,f156,2
b611,f194,5
b494,f168,5
b1016,f168,1
b802,f106,4
b230,f198,5
b895,f136,4
b582,f143,4
b1061,f169,5
b160,f180,4
b581,f198,1
b952,f108,4
b377,f145,2
b708,f128,4
b290,f179,1
b186,f111,1
b137,f142,5
b730,f168,4
b268,f190,3
b738,f175,1
b1082,f177,4
b431,f163,1
b635,f180,4
b622,f163,2
b519,f129,1
b635,f164,2
b582,f188,5
b900,f109,5
b841,f164,4
b525,f194,5
b229,f174,2
b602,f149,4
b464,f122,1
b446,f115,4
b361,f146,3
b145,f163,3
b1033,f107,2
b878,f198,3
b771,f147,1
b611,f117,2
b264,f120,1
b1084,f144,3
b583,f173,4
b1024,f144,5
b893,f165,3
b271,f187,5
b793,f167,5
b881,f167,4
b962,f182,3
b319,f102,1
b194,f145,4
b758,f196,4
b156,f178,1
b250,f112,3
b1060,f159,3
b771,f190,4
b939,f189,4
b675,f158,5
b174,f106,2
b1030,f152,4
b1027,f157,1
b364,f142,3
b317,f198,3
b990,f199,3
b107,f200,2
b968,f122,3
b879,f119,5
b803,f106,2
b812,f112,5
b633,f149,2
b1044,f154,3
b325,f143,5
b622,f185,2
b972,f187,5
b929,f125,3
b448,f198,2
b789,f135,1
b344,f162,3
b1098,f107,3
b812,f177,2
b368,f168,5
b950,f112,3
b147,f142,2
b746,f101,2
b153,f174,5
b561,f179,5
b400,f114,1
b517,f132,5
b636,f114,2
b1037,f117,2
b337,f197,3
b556,f150,1
b114,f145,3
b946,f141,5
b1051,f111,1
b361,f193,3
b723,f143,3
b717,f124,3
b902,f169,5
b212,f168,2
b483,f175,4
b756,f112,3
b530,f162,3
b652,f187,3
b405,f150,5
b870,f187,2
b589,f107,1
b932,f164,3
b332,f178,5
b140,f128,1
b858,f193,1
b268,f145,2
b481,f176,2
b152,f103,4
b872,f129,3
b807,f112,3
b546,f105,2
b1081,f185,2
b887,f190,3
b651,f184,4
b864,f146,2
b669,f165,4
b732,f127,1
b162,f140,5
b363,f118,4
b618,f198,4
b1097,f127,2
b1040,f112,1
b904,f176,1
b197,f132,4
b885,f134,4
b334,f186,2
b233,f172,4
b193,f161,2
b545,f161,3
b633,f178,1
b918,f110,1
b438,f111,3
b684,f121,3
b188,f192,1
b569,f120,1
b246,f154,4
b872,f114,5
b582,f197,1
b127,f149,5
b1048,f176,2
b255,f144,5
b896,f161,3
b227,f171,3
b416,f112,5
b499,f126,4
b1012,f129,2
b451,f172,2
b416,f173,1
b612,f140,2
b802,f178,3
b802,f148,1
b968,f137,5
b418,f153,3
b491,f103,5
b883,f167,4
b448,f187,1
b778,f154,4
b404,f182,4
b1062,f156,1
b303,f112,4
b211,f126,5
b612,f190,4
b385,f120,4
b838,f163,4
b181,f151,4
b779,f145,4
b112,f133,1
b668,f172,4
b203,f126,1
b626,f190,2
b525,f126,3
b551,f118,1
b846,f128,2
b971,f169,4
b112,f151,4
b424,f105,1
b888,f111,2
b303,f184,4
b297,f132,4
b536,f172,5
b153,f150,1
b167,f145,2
b638,f198,4
b493,f120,3
b1017,f120,3
b434,f148,4
b851,f119,1
b872,f196,2
b172,f156,3
b705,f103,4
b1010,f147,4
b843,f192,4
b1005,f134,5
b662,f148,5
b1073,f169,5
b866,f160,1
b861,f119,1
b205,f160,2
b177,f200,4
b125,f166,3
b543,f155,4
b561,f157,3
b230,f104,4
b819,f103,1
b628,f165,4
b395,f151,3
b986,f155,2
b819,f192,5
b559,f167,1
b143,f165,5
b131,f166,4
b466,f190,1
b1040,f162,4
b402,f187,4
b919,f144,4
b518,f109,3
b926,f153,5
b219,f167,2
b526,f190,5
b307,f111,3
b695,f149,4
b593,f185,4
b632,f137,2
b198,f118,3
b565,f199,5
b277,f158,1
b676,f185,2
b348,f134,4
b522,f176,5
b245,f152,4
b870,f107,3
b589,f194,1
b823,f117,4
b831,f162,2
b326,f114,5
b953,f130,3
b1033,f149,4
b591,f137,2
b600,f193,2
b1026,f132,1
b292,f148,1
b383,f181,5
b519,f168,3
b827,f119,4
b297,f119,3
b1067,f169,5
b441,f134,4
b365,f141,1
b443,f148,4
b446,f142,2
b969,f138,5
b353,f115,4
b655,f156,4
b785,f143,1
b716,f129,1
b859,f111,2
b735,f151,2
b303,f164,5
b942,f153,3
b772,f158,3
b437,f101,5
b547,f132,2
b720,f156,5
b1085,f123,5
b1079,f169,1
b414,f191,3
b868,f134,5
b945,f175,5
b220,f170,1
b946,f130,4
b1026,f174,4
b289,f190,3
b823,f178,4
b660,f155,3
b114,f180,3
b696,f103,1
b376,f172,4
b359,f159,1
b914,f164,3
b769,f133,1
b623,f190,2
b843,f165,1
b650,f190,3
b948,f148,1
b939,f165,1
b876,f188,3
b263,f192,5
b163,f128,1
b873,f120,1
b124,f127,4
b556,f172,4
b176,f197,4
b1065,f140,4
b471,f155,4
b470,f112,3
b731,f102,4
b570,f182,3
b315,f162,2
b574,f112,5
b884,f179,3
b592,f130,3
b963,f185,2
b248,f127,3
b1027,f135,3
b770,f199,3
b211,f166,3
b162,f102,5
b109,f148,5
b482,f177,3
b575,f141,4
b371,f181,5
b554,f112,1
b1017,f188,3
b381,f115,3
b769,f135,1
b190,f153,4
b158,f103,4
b127,f167,5
b706,f151,3
b265,f130,5
b400,f156,1
b1094,f134,5
b266,f129,3
b290,f187,2
b1006,f163,3
b178,f192,5
b108,f163,3
b1031,f151,3
b137,f141,5
b315,f165,4
b765,f133,3
b401,f150,2
b563,f183,4
b664,f107,1
b1017,f149,1
b443,f162,2
b808,f156,1
b932,f115,3
b261,f131,4
b833,f166,2
b160,f114,5
b825,f146,1
b828,f114,4
b545,f169,2
b659,f133,3
b649,f158,1
b821,f145,2
b419,f140,1
b1038,f142,5
b485,f128,5
b385,f195,5
b374,f158,4
b603,f175,2
b225,f126,2
b268,f197,3
b918,f132,2
b210,f147,5
b972,f124,3
b157,f117,4
b423,f177,1
b819,f169,4
b968,f122,1
b563,f192,2
b369,f101,3
b587,f101,3
b244,f182,5
b944,f178,4
b375,f139,4
b1097,f101,2
b683,f123,2
b359,f123,2
b372,f137,5
b131,f134,1
b1004,f113,3
b198,f126,5
b738,f141,1
b311,f189,4
b479,f169,2
b414,f117,1
b533,f185,2
b1073,f123,1
b868,f108,3
b274,f110,3
b237,f152,3
b684,f122,3
b119,f158,3
b830,f163,1
b579,f133,1
b437,f185,3
b891,f167,2
b208,f113,4
b1070,f120,3
b720,f172,1
b849,f175,1
b329,f106,2
b860,f103,5
b418,f159,5
b976,f131,2
b855,f189,5
b406,f184,2
b958,f122,1
b856,f146,2
b1016,f184,2
b231,f196,2
b370,f128,4
b1001,f170,3
b449,f192,3
b724,f109,4
b946,f102,5
b812,f185,4
b334,f144,4
b570,f152,3
b413,f112,3
b691,f154,1
b946,f142,5
b864,f182,5
b1066,f166,3
b156,f174,3
b176,f178,5
b396,f138,5
b960,f117,4
b544,f115,2
b711,f162,2
b905,f115,1
b117,f121,4
b1048,f197,3
b357,f144,2
b335,f171,4
b641,f155,1
b359,f184,3
b384,f119,4
b222,f159,4
b801,f198,5
b174,f119,4
b904,f179,2
b432,f148,3
b439,f128,1
b171,f146,1
b1018,f106,3
b352,f135,1
b490,f138,1
b825,f175,5
b867,f111,5
b533,f134,3
b1016,f171,5
b642,f156,3
b809,f178,3
b516,f109,5
b939,f117,4
b923,f117,1
b615,f132,2
b228,f119,3
b528,f193,1
b208,f115,3
b1004,f120,1
b924,f185,4
b833,f141,5
b921,f132,5
b815,f184,2
b102,f168,5
b435,f143,5
b528,f186,2
b823,f110,5
b215,f198,3
b302,f181,1
b761,f127,3
b563,f171,5
b274,f107,4
b1076,f120,5
b1046,f104,2
b469,f104,2
b650,f112,2
b811,f143,4
b302,f147,1
b364,f109,5
b460,f122,1
b1039,f166,4
b714,f120,5
b567,f159,2
b931,f173,2
b1069,f171,4
b903,f160,3
b921,f153,3
b1065,f174,5
b574,f149,1
b165,f162,4
b607,f171,4
b731,f162,3
b843,f143,2
b1085,f154,5
b938,f193,5
b1015,f142,3
b595,f107,1
b903,f123,5
b225,f185,2
b340,f148,4
b826,f200,3
b444,f196,5
b406,f189,4
b343,f161,3
b1021,f195,1
b305,f102,2
b409,f123,5
b997,f142,5
b960,f127,2
b254,f164,1
b1056,f184,1
b755,f108,1
b484,f191,3
b480,f153,5
b954,f116,1
b808,f101,4
b845,f174,1
b409,f162,5
b961,f138,3
b661,f151,3
b667,f124,2
b291,f121,2
b750,f147,5
b331,f124,5
b143,f170,3
b663,f156,4
b474,f137,3
b421,f179,3
b805,f140,2
b1094,f177,3
b744,f146,5
b223,f149,2
b109,f192,5
b317,f110,4
b976,f106,5
b783,f158,3
b103,f120,2
b987,f173,4
b642,f176,5
b537,f146,3
b656,f183,4
b793,f101,3
b126,f105,2
b759,f195,3
b1095,f121,4
b625,f178,4
b699,f125,1
b539,f144,5
b579,f116,3
b768,f145,1
b577,f195,2
b422,f102,2
b227,f187,1
b904,f171,4
b167,f170,1
b175,f163,1
b862,f169,5
b788,f162,4
b369,f112,2
b362,f188,5
b158,f165,1
b1054,f200,1
b243,f191,5
b519,f130,2
b183,f157,3
b548,f158,3
b448,f162,3
b799,f121,2
b570,f132,4
b955,f137,1
b588,f159,1
b849,f188,2
b1029,f115,1
b255,f116,3
b1023,f156,3
b579,f149,1
b506,f188,1
b720,f179,2
b757,f195,4
b191,f137,1
b1063,f149,1
b753,f106,5
b717,f127,3
b545,f157,3
b481,f196,2
b846,f181,3
b128,f114,1
b453,f180,4
b628,f193,1
b340,f164,4
b717,f196,3
b1025,f107,2
b922,f175,1
b480,f122,3
b137,f168,4
b513,f130,2
b549,f135,1
b438,f102,2
b384,f196,4
b426,f187,4
b678,f158,2
b617,f135,3
b937,f174,3
b871,f131,1
b610,f105,1
b567,f151,5
b1031,f159,3
b159,f165,3
b629,f183,1
b255,f163,3
b779,f180,5
b735,f188,2
b369,f132,3
b274,f145,1
b810,f127,2
b406,f127,1
b667,f186,4
b829,f105,1
b723,f101,2
b639,f196,3
b183,f125,1
b952,f184,5
b945,f138,2
b446,f139,1
b569,f194,3
b473,f174,3
b492,f144,4
b980,f148,1
b609,f118,4
b735,f166,3
b741,f111,1
b539,f173,1
b516,f164,2
b889,f187,2
b566,f190,5
b1062,f119,5
b566,f196,5
b878,f156,1
b1084,f115,4
b608,f165,1
b306,f187,1
b912,f149,3
b834,f109,5
b526,f180,4
b898,f194,2
b304,f118,2
b401,f104,2
b196,f127,3
b499,f169,3
b1027,f200,2
b403,f114,4
b284,f102,3
b242,f122,2
b252,f162,1
b264,f161,2
b451,f105,4
b1036,f168,5
b431,f144,5
b376,f101,2
b294,f117,3
b340,f172,1
b190,f162,5
b121,f162,2
b118,f158,2
b1096,f122,5
b411,f178,4
b696,f117,2
b824,f177,1
b191,f106,5
b421,f137,5
b839,f174,1
b775,f117,4
b205,f116,2
b1099,f188,2
b387,f149,3
b1043,f119,3
b683,f130,4
b1072,f123,1
b1028,f136,3
b810,f134,1
b867,f177,1
b912,f179,2
b764,f140,5
b1059,f117,1
b614,f195,3
b363,f168,4
b353,f192,3
b867,f130,4
b252,f181,3
b214,f153,2
b454,f161,2
b777,f200,5
b223,f199,5
b364,f127,2
b281,f169,5
b758,f105,1
b680,f108,5
b1011,f163,3
b305,f107,4
b173,f144,4
b648,f164,3
b644,f137,5
b986,f132,4
b1074,f178,5
b958,f104,2
b724,f198,5
b519,f189,1
b858,f182,3
b946,f118,1
b492,f105,4
b355,f146,4
b985,f155,3
b804,f113,4
b348,f177,3
b582,f133,2
b1053,f186,1
b563,f107,5
b647,f138,2
b306,f122,4
b964,f147,1
b907,f191,2
b537,f160,3
b842,f133,4
b315,f113,4
b415,f114,2
b695,f193,5
b883,f154,2
b433,f195,4
b369,f124,2
b423,f107,5
b791,f192,1
b653,f125,1
b955,f170,5
b573,f127,5
b820,f146,5
b558,f168,1
b565,f103,3
b225,f133,1
b401,f149,1
b878,f112,4
b889,f161,1
b849,f183,5
b545,f196,2
b685,f134,3
b685,f137,5
b933,f149,3
b101,f110,3
b310,f195,4
b421,f191,3
b705,f138,1
b825,f186,1
b159,f133,3
b471,f200,1
b629,f187,5
b201,f185,1
b205,f178,1
b181,f151,2
b802,f182,2
b505,f105,3
b509,f190,3
b930,f140,2
b255,f139,1
b876,f126,3
b512,f173,1
b226,f181,3
b445,f137,5
b1059,f181,2
b246,f159,4
b1036,f108,5
b850,f173,5
b1022,f119,4
b822,f126,5
b757,f154,1
b735,f112,5
b900,f120,4
b743,f177,3
b692,f173,2
b585,f196,3
b567,f162,4
b632,f114,5
b455,f107,4
b622,f148,4
b658,f172,5
b965,f165,5
b466,f137,5
b138,f174,5
b1086,f140,2
b269,f189,5
b569,f191,2
b1044,f124,4
b888,f163,3
b1007,f127,5
b884,f170,1
b200,f138,3
b778,f173,5
b113,f189,4
b159,f126,1
b569,f104,4
b908,f178,4
b696,f104,2
b286,f114,2
b180,f137,1
b155,f113,3
b952,f147,1
b133,f181,5
b232,f157,1
b732,f171,2
b746,f101,1
b518,f145,2
b388,f104,4
b1017,f200,5
b613,f161,5
b980,f111,5
b466,f180,4
b297,f149,4
b195,f104,5
b986,f179,4
b276,f155,4
b547,f199,2
b205,f116,2
b336,f120,4
b333,f200,2
b448,f137,4
b113,f125,2
b838,f162,2
b504,f143,2
b612,f105,2
b608,f158,5
b776,f138,3
b456,f147,2
b377,f149,1
b832,f172,5
b280,f189,4
b913,f126,3
b587,f157,5
b1056,f169,2
b491,f126,4
b346,f106,4
b496,f199,2
b172,f115,2
b326,f134,3
b682,f121,5
b312,f114,4
b943,f197,1
b723,f156,5
b1032,f109,5
b916,f125,4
b403,f198,4
b469,f186,2
b232,f163,4
b977,f192,5
b198,f123,5
b123,f110,3
b193,f111,1
b1026,f140,2
b944,f129,5
b1063,f123,5
b683,f185,4
b1056,f133,5
b855,f196,4
b412,f119,3
b188,f164,3
b854,f197,1
b1020,f125,5
b431,f176,1
b891,f186,3
b592,f199,3
b677,f143,3
b998,f122,3
b694,f197,4
b172,f145,5
b779,f114,3
b958,f159,1
b399,f152,1
b426,f175,5
b942,f140,3
b436,f112,2
b844,f140,5
b565,f133,3
b595,f121,4
b713,f167,2
b821,f157,4
b208,f144,4
b772,f122,4
b887,f119,4
b1066,f169,5
b898,f153,3
b560,f171,5
b336,f163,1
b486,f149,4
b264,f162,3
b591,f135,4
b956,f124,3
b1039,f161,5
b913,f156,1
b391,f111,3
b243,f122,4
b376,f101,4
b650,f142,1
b598,f182,3
b568,f112,5
b436,f172,5
b893,f175,3
b243,f115,4
b393,f189,4
b659,f181,3
b980,f140,1
b363,f111,3
b765,f122,5
b395,f191,1
b612,f129,1
b171,f124,4
b152,f169,3
b384,f173,2
b864,f176,2
b901,f141,1
b573,f128,1
b877,f120,4
b1023,f111,3
b225,f160,3
b1015,f167,2
b115,f154,3
b1022,f164,2
b842,f124,4
b336,f174,4
b349,f199,1
b389,f167,3
b416,f184,3
b209,f129,4
b580,f106,5
b425,f107,1
b571,f104,1
b161,f151,5
b463,f165,3
b824,f125,5
b1046,f198,1
b453,f173,5
b611,f117,1
b1030,f199,2
b429,f198,5
b359,f170,5
b653,f108,3
b438,f134,1
b131,f124,3
b374,f195,2
b947,f105,5
b956,f129,3
b360,f124,2
b1043,f189,3
b840,f183,4
b554,f121,1
b921,f196,5
b374,f189,2
b686,f167,2
b163,f188,5
b602,f162,4
b263,f191,3
b647,f168,4
b692,f168,4
b734,f147,2
b955,f132,2
b443,f128,5
b987,f116,4
b300,f187,1
b334,f112,5
b825,f199,3
b292,f178,4
b610,f190,1
b762,f101,2
b520,f166,4
b101,f140,1
b131,f145,2
b236,f181,1
b799,f103,1
b375,f183,2
b521,f105,3
b890,f137,1
b623,f106,5
b732,f109,2
b337,f157,1
b251,f112,2
b516,f121,1
b590,f192,2
b112,f105,1
b191,f176,5
b948,f131,2
b226,f185,1
b746,f149,5
b218,f161,2
b1019,f191,1
b374,f111,2
b224,f126,5
b633,f101,3
b662,f152,5
b288,f200,3
b669,f158,1
b1046,f140,2
b424,f124,1
b169,f165,1
b692,f162,4
b956,f186,4
b109,f126,1
b474,f143,5
b770,f178,4
b398,f148,5
b231,f114,3
b900,f109,2
b136,f157,2
b158,f146,1
b263,f115,2
b775,f156,3
b287,f111,1
b674,f166,1
b128,f135,1
b180,f107,5
b752,f111,1
b573,f109,5
b248,f131,3
b369,f164,4
b200,f164,3
b690,f120,1
b733,f143,5
b951,f112,4
b333,f162,4
b572,f165,1
b969,f112,5
b881,f137,3
b229,f102,3
b708,f112,2
b943,f171,5
b499,f190,4
b1014,f158,4
b138,f172,5
b154,f113,4
b724,f189,5
b753,f135,4
b697,f178,2
b808,f191,1
b1080,f152,1
b467,f128,3
b850,f121,5
b361,f112,4
b353,f151,4
b1037,f118,3
b982,f110,3
b116,f180,4
b583,f104,1
b553,f115,1
b1046,f178,1
b748,f173,5
b528,f168,4
b361,f177,2
b668,f163,2
b114,f104,4
b962,f118,1
b649,f131,5
b170,f168,2
b657,f102,1
b898,f111,3
b924,f199,5
b483,f132,5
b1032,f131,1
b376,f179,1
b154,f143,3
b586,f168,5
b317,f200,1
b502,f107,3
b634,f144,4
b943,f164,3
b345,f113,3
b260,f187,4
b906,f110,2
b376,f120,5
b205,f194,2
b1018,f127,4
b145,f169,4
b971,f148,2
b948,f109,3
b765,f193,5
b497,f117,2
b884,f175,1
b887,f194,1
b832,f177,1
b765,f168,4
b379,f184,4
b658,f134,3
b294,f197,1
b727,f193,2
b1040,f144,1
b364,f123,4
b270,f195,3
b1077,f181,2
b843,f150,4
b741,f162,2
b1080,f158,4
b685,f184,4
b717,f107,2
b245,f198,3
b576,f140,4
b410,f107,4
b275,f192,1
b366,f122,1
b1009,f184,5
b190,f143,1
b651,f103,2
b286,f180,5
b451,f125,4
b506,f137,4
b736,f110,1
b179,f145,3
b159,f191,4
b594,f149,3
b692,f119,2
b102,f200,1
b257,f143,3
b1006,f192,3
b277,f136,4
b412,f171,1
b747,f164,3
b166,f154,3
b405,f121,5
b1094,f142,5
b205,f165,1
b618,f123,5
b364,f103,1
b209,f122,4
b451,f153,1
b561,f146,4
b285,f126,4
b905,f145,2
b114,f133,1
b1065,f121,3
b773,f153,1
b1096,f182,2
b312,f187,5
b108,f154,4
b117,f197,1
b945,f135,5
b564,f163,2
b204,f125,5
b1099,f157,4
b764,f168,3
b672,f188,1
b900,f142,3
b242,f195,4
b790,f117,5
b545,f134,5
b906,f149,4
b281,f118,3
b591,f158,2
b849,f122,4
b929,f171,2
b744,f144,5
b501,f187,2
b908,f129,1
b566,f151,3
b783,f182,4
b593,f122,5
b521,f115,1
b755,f122,5
b847,f179,5
b178,f130,3
b219,f150,3
b362,f118,5
b320,f104,2
b709,f176,1
b1009,f123,1
b446,f106,5
b1016,f181,3
b280,f127,1
b849,f132,4
b627,f140,5
b286,f112,4
b610,f140,1
b933,f132,4
b778,f113,5
b552,f132,3
b524,f185,1
b362,f122,1
b932,f194,1
b269,f184,5
b454,f189,1
b927,f129,4
b925,f164,1
b689,f133,4
b415,f161,4
b554,f193,2
b762,f177,4
b297,f129,3
b258,f108,3
b395,f169,2
b146,f182,2
b469,f166,1
b699,f142,3
b720,f118,2
b891,f134,3
b720,f133,5
b827,f105,2
b492,f133,1
b189,f189,5
b906,f105,3
b298,f102,2
b974,f121,4
b817,f189,3
b855,f111,3
b396,f145,5
b804,f146,5
b408,f180,2
b224,f193,5
b523,f158,5
b706,f179,1
b867,f165,1
b811,f181,2
b421,f188,2
b423,f196,3
b828,f165,1
b169,f153,5
b621,f179,5
b516,f141,3
b850,f158,1
b117,f149,3
b207,f169,1
b380,f192,3
b659,f152,3
b681,f196,4
b946,f137,3
b204,f189,2
b358,f198,1
b1058,f162,1
b266,f139,2
b643,f128,1
b972,f119,2
b433,f128,5
b318,f190,5
b633,f163,4
b1076,f104,5
b868,f189,3
b622,f157,3
b131,f161,3
b555,f200,5
b1021,f199,5
b363,f144,4
b572,f110,2
b727,f139,4
b163,f113,2
b453,f106,4
b458,f106,3
b159,f186,2
b804,f123,4
b887,f140,2
b836,f147,4
b509,f189,2
b266,f155,5
b767,f163,4
b364,f112,3
b650,f112,2
b689,f164,1
b584,f138,2
b302,f135,2
b132,f150,4
b319,f172,4
b1030,f167,4
b1031,f172,4
b779,f179,1
b355,f185,4
b625,f127,1
b645,f107,4
b827,f191,1
b323,f182,3
b925,f135,1
b752,f183,1
b576,f135,4
b705,f176,3
b943,f163,1
b865,f107,5
b933,f105,4
b502,f123,4
b663,f145,5
b657,f156,5
b603,f117,1
b554,f138,2
b241,f110,1
b947,f111,4
b931,f103,5
b634,f138,5
b525,f180,4
b447,f133,2
b545,f125,1
b832,f166,3
b1053,f157,1
b228,f160,1
b1038,f186,1
b249,f147,5
b565,f193,1
b349,f186,4
b892,f169,1
b807,f169,1
b375,f116,2
b301,f118,1
b717,f199,5
b830,f157,3
b639,f141,3
b749,f179,3
b688,f136,3
b117,f121,2
b704,f128,3
b553,f123,1
b725,f179,1
b422,f108,5
b199,f111,4
b209,f126,3
b590,f143,3
b612,f123,3
b503,f143,2
b650,f115,2
b556,f117,5
b281,f156,3
b512,f116,4
b821,f189,5
b728,f186,3
b287,f128,3
b410,f139,2
b563,f144,3
b402,f118,1
b470,f153,1
b249,f142,5
b113,f185,4
b1096,f195,5
b826,f156,5
b744,f197,4
b968,f194,5
b976,f123,5
b534,f168,1
b601,f185,4
b956,f190,3
b477,f161,3
b513,f103,5
b1094,f159,2
b1089,f181,3
b837,f122,3
b666,f151,3
b359,f187,2
b188,f175,5
b120,f190,4
b550,f110,2
b1058,f119,3
b334,f114,1
b1054,f185,2
b985,f153,1
b637,f184,2
b898,f115,4
b677,f199,1
b1033,f164,4
b422,f134,4
b292,f110,3
b342,f175,4
b844,f135,3
b144,f104,2
b597,f129,3
b123,f171,3
b119,f136,1
b335,f155,3
b928,f119,1
b1019,f125,5
b296,f135,5
b210,f188,5
b710,f170,2
b661,f112,2
b143,f180,5
b281,f113,4
b1061,f101,4
b410,f105,4
b118,f189,4
b967,f131,3
b119,f163,5
b835,f194,2
b714,f141,5
b889,f109,4
b453,f139,5
b553,f188,1
b1044,f104,5
b370,f141,5
b693,f149,1
b354,f181,1
b1051,f163,5
b901,f196,2
b1088,f111,5
b316,f110,5
b1089,f140,2
b990,f188,4
b1031,f109,2
b357,f156,1
b1083,f183,1
b832,f144,2
b486,f134,1
b307,f182,3
b116,f153,5
b743,f184,5
b859,f150,1
b105,f200,1
b1088,f146,3
b122,f143,1
b114,f150,1
b167,f179,4
b1044,f194,1
b991,f102,3
b796,f187,5
b346,f199,5
b873,f192,1
b854,f166,2
b248,f137,1
b122,f142,5
b332,f179,2
b680,f147,5
b451,f158,1
b843,f184,1
b790,f194,5
b303,f101,1
b853,f151,1
b914,f151,4
b641,f169,2
b453,f115,5
b1043,f149,2
b782,f108,3
b1080,f140,4
b897,f145,4
b312,f131,1
b453,f159,2
b815,f116,1
b908,f130,1
b1016,f121,1
b1080,f131,4
b339,f104,1
b379,f187,3
b1100,f125,2
b824,f186,5
b580,f185,2
b420,f112,1
b352,f158,2
b811,f175,5
b109,f130,3
b214,f139,1
b722,f127,1
b505,f135,5
b596,f137,4
b217,f144,5
b529,f189,5
b233,f149,3
b869,f140,5
b560,f198,3
b500,f122,5
b901,f162,4
b768,f145,1
b624,f131,2
b346,f144,2
b181,f169,4
b950,f139,5
b333,f139,5
b1047,f179,1
b574,f107,1
b956,f179,4
b655,f154,4
b1064,f153,5
b782,f125,5
b134,f158,1
b179,f172,5
b501,f158,2
b769,f185,1
b469,f168,1
b382,f198,2
b571,f193,5
b753,f163,3
b965,f184,5
b409,f117,5
b859,f191,5
b1097,f188,2
b1010,f145,3
b748,f166,3
b524,f144,1
b762,f180,1
b1040,f158,2
b178,f176,4
b987,f171,2
b512,f136,2
b939,f119,1
b762,f139,3
b688,f113,2
b590,f171,1
b789,f135,1
b477,f110,3
b141,f170,3
b904,f187,2
b1024,f130,2
b239,f125,5
b911,f130,5
b1086,f149,2
b539,f136,3
b740,f149,4
b1079,f136,4
b971,f110,2
b1055,f192,3
b519,f120,4
b459,f132,3
b142,f143,1
b844,f151,5
b1091,f190,4
b106,f174,4
b183,f141,2
b976,f119,3
b842,f163,1
b655,f179,4
b199,f149,5
b390,f160,1
b573,f164,1
b612,f196,2
b996,f113,1
b430,f189,5
b296,f164,4
b1037,f179,2
b996,f168,5
b966,f173,1
b864,f177,5
b962,f192,5
b646,f120,5
b852,f105,1
b524,f143,4
b492,f113,5
b566,f182,4
b280,f137,3
b327,f154,5
b795,f166,2
b156,f143,5
b517,f143,1
b605,f191,2
b1059,f185,5
b719,f134,1
b647,f125,5
b400,f141,3
b1087,f129,4
b410,f160,5
b179,f192,3
b800,f162,3
b390,f132,1
b488,f118,1
b806,f121,5
b665,f151,4
b539,f154,4
b409,f122,2
b197,f150,5
b1067,f141,1
b1031,f179,3
b284,f198,3
b391,f181,4
b120,f143,5
b138,f125,2
b1078,f155,3
b299,f110,3
b548,f156,5
b1029,f129,3
b754,f109,4
b828,f199,3
b473,f190,5
b966,f144,1
b224,f125,3
b363,f145,3
b425,f122,4
b524,f200,2
b568,f111,5
b676,f142,4
b489,f164,2
b584,f171,5
b527,f179,5
b881,f109,1
b846,f148,4
b329,f172,5
b628,f193,2
b677,f117,1
b717,f132,5
b590,f107,5
b661,f148,4
b984,f171,3
b830,f129,1
b664,f197,3
b443,f158,3
b1041,f176,3
b123,f174,5
b161,f165,2
b912,f172,3
b173,f179,2
b329,f109,5
b532,f183,2
b655,f127,4
b732,f195,5
b444,f139,2
b678,f165,4
b915,f181,2
b165,f108,3
b890,f199,5
b427,f158,3
b944,f149,3
b775,f164,5
b309,f198,5
b758,f162,5
b363,f153,4
b483,f140,2
b560,f166,1
b333,f175,1
b818,f101,4
b856,f176,4
b428,f181,1
b281,f189,1
b805,f120,2
b690,f190,3
b996,f140,2
b231,f115,3
b1015,f119,1
b727,f113,2
b402,f103,4
b229,f169,2
b901,f101,1
b413,f156,1
b927,f109,1
b557,f195,5
b507,f190,4
b199,f158,1
b956,f192,4
b446,f149,3
b732,f178,3
b553,f179,4
b411,f183,5
b332,f189,3
b346,f194,4
b726,f178,3
b632,f199,3
b623,f126,2
b1056,f152,3
b318,f127,2
b557,f157,1
b901,f123,3
b839,f187,3
b864,f168,1
b269,f149,2
b104,f194,5
b586,f136,3
b983,f137,2
b633,f113,5
b519,f101,4
b789,f153,1
b115,f144,5
b793,f155,3
b350,f133,5
b691,f175,4
b512,f198,2
b750,f119,4
b207,f168,1
b795,f168,3
b932,f121,1
b136,f111,1
b127,f193,5
b110,f200,1
b450,f137,4
b525,f132,4
b611,f123,4
b847,f159,1
b898,f123,5
b332,f126,1
b766,f174,4
b539,f163,5
b708,f149,3
b429,f112,4
b805,f132,5
b697,f145,5
b354,f110,3
b1080,f180,5
b1069,f194,5
b229,f195,4
b164,f188,3
b714,f191,3
b253,f109,1
b760,f193,1
b998,f108,3
b338,f103,1
b688,f180,5
b934,f198,4
b195,f104,1
b118,f176,5
b390,f168,1
b515,f141,5
b208,f191,2
b745,f113,2
b1078,f153,4
b829,f158,4
b561,f198,5
b763,f155,5
b514,f152,2
b662,f145,4
b135,f143,3
b913,f160,3
b329,f176,2
b268,f133,1
b262,f117,1
b926,f149,1
b965,f200,1
b506,f166,2
b813,f198,1
b907,f163,4
b486,f179,3
b491,f173,2
b280,f137,2
b608,f139,5
b785,f119,4
b324,f117,2
b812,f147,5
b446,f142,5
b165,f191,1
b637,f149,1
b345,f176,2
b1069,f135,5
b322,f145,4
b685,f108,5
b214,f145,4
b636,f176,3
b571,f146,5
b690,f113,1
b118,f154,4
b771,f181,3
b481,f128,4
b979,f181,3
b912,f162,1
b284,f139,4
b224,f137,3
b206,f126,1
b431,f190,4
b391,f127,3
b583,f186,5
b628,f118,5
b523,f168,4
b1094,f103,2
b1001,f125,4
b946,f109,2
b491,f190,3
b833,f180,3
b1037,f188,1
b728,f150,2
b414,f145,1
b289,f198,3
b303,f149,4
b775,f198,4
b182,f191,5
b421,f136,5
b284,f164,4
b107,f127,4
b629,f149,1
b478,f179,3
b449,f179,3
b432,f135,3
b863,f136,1
b687,f166,1
b713,f183,4
b1031,f200,1
b721,f189,3
b794,f130,4
b611,f108,5
b1053,f109,4
b310,f117,2
b443,f169,3
b519,f107,4
b1059,f142,4
b768,f180,3
b621,f114,4
b885,f182,3
b538,f123,1
b682,f197,1
b1052,f154,5
b693,f130,3
b774,f105,1
b1096,f192,1
b457,f149,3
b331,f110,3
b142,f161,4
b685,f112,5
b1081,f102,2
b624,f175,2
b383,f181,3
b458,f107,5
b715,f154,2
b1044,f101,4
b897,f182,3
b290,f199,2
b760,f110,1
b989,f170,4
b424,f130,5
b720,f144,1
b504,f112,1
b620,f125,2
b726,f163,4
b685,f106,3
b915,f122,4
b923,f162,4
b1071,f183,1
b295,f122,3
b701,f145,1
b569,f194,1
b365,f160,4
b330,f196,1
b316,f110,2
b644,f131,4
b764,f132,3
b857,f174,3
b866,f182,3
b525,f103,2
b463,f168,1
b276,f116,1
b603,f152,5
b1015,f195,2
b173,f164,4
b114,f128,3
b785,f176,4
b332,f184,2
b456,f101,1
b134,f131,5
b220,f113,2
b734,f135,4
b709,f116,3
b633,f109,4
b717,f198,4
b328,f166,2
b1094,f117,5
b341,f119,4
b1035,f140,2
b116,f190,3
b1093,f139,2
b1015,f149,5
b615,f123,2
b428,f138,3
b734,f154,4
b612,f186,4
b566,f118,5
b676,f172,4
b705,f105,2
b927,f189,4
b903,f170,4
b816,f150,1
b747,f165,1
b739,f151,2
b998,f147,2
b957,f122,5
b713,f196,1
b750,f123,2
b586,f168,4
b346,f125,3
b670,f164,3
b111,f193,4
b405,f146,2
b332,f111,3
b210,f164,1
b886,f105,5
b760,f172,1
b978,f135,2
b957,f114,4
b609,f182,1
b864,f185,1
b719,f138,4
b856,f138,4
b971,f134,2
b805,f126,2
b819,f187,3
b444,f123,5
b777,f130,1
b379,f200,3
b416,f191,2
b757,f130,5
b533,f184,1
b837,f173,3
b628,f117,5
b891,f133,4
b403,f112,1
b797,f158,5
b534,f179,4
b574,f164,4
b845,f127,3
b190,f139,4
b840,f176,2
b215,f112,1
b903,f179,2
b129,f152,4
b701,f136,4
b1097,f111,2
b1011,f196,1
b1006,f154,1
b454,f175,2
b278,f188,5
b170,f139,2
b978,f159,1
b1029,f163,5
b774,f137,4
b535,f161,2
b217,f182,4
b368,f109,5
b339,f184,3
b757,f175,4
b964,f101,2
b525,f161,5
b930,f176,4
b921,f120,2
b470,f169,4
b988,f181,4
b544,f142,2
b565,f153,1
b355,f160,4
b418,f166,4
b673,f180,1
b1035,f146,3
b811,f139,5
b196,f195,2
b1050,f147,1
b406,f104,1
b307,f169,4
b103,f197,2
b712,f122,3
b287,f115,5
b160,f192,5
b1009,f199,3
b663,f184,4
b106,f108,3
b403,f164,3
b655,f161,1
b586,f153,3
b876,f122,5
b885,f186,2
b505,f175,2
b1096,f194,5
b1029,f104,2
b407,f167,4
b135,f101,1
b1043,f132,5
b628,f163,1
b1036,f105,3
b865,f131,5
b206,f118,3
b167,f109,2
b415,f151,2
b125,f160,4
b543,f175,1
b195,f122,5
b1019,f145,4
b587,f129,5
b832,f126,3
b210,f112,5
b824,f185,1
b216,f200,1
b145,f107,5
b639,f114,4
b778,f176,5
b230,f152,4
b1097,f185,2
b204,f181,1
b801,f180,3
b396,f115,4
b243,f111,1
b661,f162,2
b782,f149,1
b249,f105,4
b272,f119,5
b731,f108,2
b174,f167,5
b548,f105,1
b914,f191,1
b1000,f198,1
b363,f174,5
b774,f190,2
b587,f144,2
b727,f157,2
b916,f192,4
b517,f119,2
b838,f111,1
b774,f135,3
b207,f171,5
b388,f112,1
b591,f195,2
b343,f114,4
b659,f106,5
b451,f166,1
b1058,f168,5
b780,f145,4
b1054,f178,5
b270,f196,5
b919,f181,4
b503,f142,5
b903,f168,4
b368,f168,1
b1045,f118,4
b1017,f127,4
b901,f171,5
b247,f132,1
b595,f126,5
b1030,f185,5
b852,f121,4
b174,f199,2
b817,f156,5
b966,f168,5
b266,f120,3
b622,f162,3
b216,f184,1
b508,f196,1
b1053,f181,2
b560,f124,3
b1099,f119,1
b378,f123,3
b306,f101,5
b838,f198,3
b642,f144,2
b261,f153,2
b258,f159,2
b514,f148,5
b761,f169,2
b606,f159,4
b843,f120,2
b318,f122,5
b1059,f147,4
b1100,f103,1
b193,f109,1
b387,f130,2
b1027,f171,1
b736,f154,1
b602,f133,4
b1056,f194,2
b514,f195,1
b729,f166,4
b148,f169,5
b725,f123,3
b179,f175,5
b1054,f139,1
b210,f163,2
b810,f105,3
b293,f130,5
b952,f149,2
b584,f142,1
b327,f141,2
b766,f165,5
b602,f123,3
b753,f146,5
b950,f115,5
b760,f184,2
b1083,f183,5
b154,f116,1
b234,f174,4
b538,f129,4
b845,f133,3
b942,f162,5
b321,f178,3
b517,f158,2
b201,f181,5
b845,f150,4
b597,f196,3
b602,f175,2
b735,f175,2
b200,f126,4
b684,f151,5
b985,f170,1
b138,f160,2
b140,f155,2
b657,f137,3
b534,f196,1
b666,f190,2
b206,f157,3
b577,f126,4
b799,f174,5
b354,f194,5
b394,f144,2
b255,f109,2
b444,f136,2
b112,f147,5
b702,f134,2
b670,f138,4
b598,f154,1
b1085,f188,5
b840,f146,1
b618,f119,5
b219,f145,3
b953,f126,5
b617,f116,5
b962,f135,3
b1092,f125,2
b420,f183,1
b906,f194,1
b353,f103,3
b441,f104,2
b765,f156,5
b809,f189,4
b373,f123,2
b520,f117,4
b183,f132,1
b767,f138,2
b863,f155,3
b717,f149,2
b595,f125,2
b969,f160,3
b603,f107,3
b852,f110,1
b787,f123,5
b300,f147,4
b646,f155,1
b410,f156,2
b981,f177,1
b495,f113,4
b295,f200,1
b351,f147,5
b437,f114,1
b890,f186,2
b178,f200,2
b1009,f136,1
b254,f151,1
b380,f191,5
b879,f173,4
b370,f153,3
b334,f126,1
b732,f199,2
b345,f199,2
b618,f167,1
b366,f149,5
b426,f188,2
b636,f160,2
b481,f120,4
b773,f200,3
b582,f134,1
b613,f199,3
b318,f158,5
b796,f118,3
b318,f145,4
b855,f149,1
b310,f150,2
b282,f116,2
b117,f168,2
b425,f128,4
b379,f122,1
b270,f181,5
b375,f186,4
b127,f114,1
b680,f168,2
b192,f131,2
b335,f142,4
b495,f191,1
b561,f111,1
b340,f178,5
b1023,f152,4
b142,f183,5
b949,f129,5
b285,f181,5
b669,f115,2
b984,f152,2
b994,f115,5
b1078,f178,4
b281,f106,4
b542,f130,4
b622,f199,1
b416,f159,2
b746,f173,3
b752,f183,4
b386,f167,4
b411,f169,5
b832,f121,1
b685,f145,3
b631,f182,1
b254,f151,5
b958,f176,3
b147,f165,1
b517,f173,3
b861,f166,4
b454,f176,3
b386,f133,1
b881,f110,5
b525,f121,3
b278,f118,2
b1034,f170,4
b300,f165,5
b716,f166,5
b888,f118,4
b975,f110,4
b924,f129,1
b427,f142,1
b991,f135,1
b1030,f166,5
b855,f170,3
b895,f148,5
b421,f172,3
b254,f136,2
b882,f149,2
b1079,f128,3
b277,f190,4
b136,f118,4
b369,f105,3
b1031,f104,1
b751,f191,5
b183,f182,3
b981,f135,1
b174,f133,5
b804,f108,2
b245,f179,3
b702,f172,2
b540,f144,4
b924,f101,3
b374,f122,2
b301,f163,1
b226,f187,3
b773,f156,2
b216,f190,2
b1003,f103,2
b695,f108,2
b401,f171,4
b730,f110,4
b617,f161,3
b1036,f112,2
b1084,f177,3
b468,f139,2
b800,f167,2
b979,f177,3
b553,f199,3
b815,f158,1
b433,f108,3
b304,f130,5
b544,f133,2
b326,f145,2
b324,f160,4
b226,f182,1
b133,f126,4
b770,f154,1
b584,f180,4
b505,f147,3
b304,f117,4
b542,f170,5
b1038,f125,5
b330,f130,4
b530,f190,5
b882,f167,2
b1008,f138,2
b431,f192,2
b945,f121,2
b730,f169,2
b619,f179,1
b543,f112,3
b851,f196,1
b111,f133,5
b559,f116,4
b1051,f130,2
b880,f192,1
b645,f133,1
b879,f141,3
b612,f156,2
b135,f164,2
b181,f121,5
b971,f151,3
b575,f184,5
b1017,f106,2
b534,f190,2
b364,f195,1
b307,f134,4
b252,f171,1
b1051,f120,5
b335,f153,1
b870,f143,5
b843,f135,3
b1002,f164,5
b618,f118,3
b1077,f160,4
b279,f115,4
b856,f101,3
b711,f125,4
b622,f119,5
b358,f195,4
b107,f113,3
b347,f168,3
b873,f104,3
b412,f154,4
b647,f134,1
b722,f163,3
b887,f105,3
b541,f194,3
b644,f179,3
b979,f121,3
b408,f129,5
b717,f198,2
b511,f178,5
b259,f103,4
b928,f133,4
b265,f126,5
b812,f147,5
b355,f174,4
b354,f136,4
b256,f170,3
b909,f168,2
b653,f105,5
b484,f134,2
b846,f171,1
b733,f177,4
b535,f179,3
b277,f140,4
b410,f148,4
b303,f157,3
b928,f171,3
b858,f157,1
b644,f103,1
b531,f156,5
b960,f164,5
b297,f151,2
b430,f162,5
b416,f111,3
b998,f151,1
b477,f189,5
b394,f116,3
b916,f101,5
b465,f157,1
b768,f107,1
b531,f112,2
b704,f138,1
b924,f184,2
b817,f190,5
b197,f113,5
b495,f187,4
b871,f123,3
b480,f187,4
b1068,f122,5
b860,f116,1
b587,f171,2
b827,f133,4
b338,f126,4
b249,f102,3
b145,f170,2
b164,f116,1
b609,f149,3
b454,f150,1
b404,f185,4
b266,f114,2
b369,f163,3
b910,f136,3
b381,f196,4
b313,f118,4
b945,f118,4
b1019,f159,3
b934,f151,3
b582,f169,5
b118,f190,4
b160,f163,2
b1066,f176,5
b593,f194,1
b332,f142,1
b178,f197,1
b499,f173,3
b229,f116,1
b568,f101,1
b892,f185,2
b390,f112,3
b357,f134,5
b538,f155,4
b647,f136,1
b176,f172,3
b574,f105,3
b758,f139,5
b968,f122,2
b584,f200,2
b1042,f168,2
b474,f173,3
b179,f175,1
b784,f166,5
b784,f152,1
b158,f159,2
b193,f181,4
b509,f176,2
b456,f140,1
b470,f133,1
b802,f160,2
b711,f116,1
b336,f184,3
b175,f152,4
b453,f151,2
b1009,f152,3
b234,f152,1
b490,f118,5
b914,f108,1
b717,f105,3
b1048,f115,1
b718,f176,4
b233,f181,3
b748,f161,5
b981,f104,3
b851,f133,5
b1088,f196,3
b1052,f137,4
b772,f147,3
b1012,f155,1
b970,f147,5
b522,f161,4
b866,f133,2
b231,f101,5
b641,f144,1
b526,f161,5
b146,f149,3
b1068,f145,2
b936,f136,2
b290,f166,1
b691,f128,5
b1021,f103,4
b331,f191,2
b377,f162,5
b1053,f165,1
b494,f179,5
b628,f168,2
b416,f111,4
b709,f180,1
b329,f164,5
b740,f175,5
b1056,f182,4
b669,f161,4
b574,f138,2
b857,f156,5
b837,f174,1
b699,f172,1
b177,f179,3
b178,f140,1
b297,f150,4
b262,f195,4
b789,f117,4
b1001,f180,3
b184,f195,3
b1077,f149,1
b701,f105,5
b213,f128,1
b1075,f140,5
b122,f185,4
b208,f163,1
b121,f101,1
b1049,f177,3
b1060,f195,2
b398,f194,5
b119,f157,4
b325,f184,2
b273,f108,1
b410,f135,1
b907,f161,2
b929,f159,1
b153,f122,4
b719,f122,3
b862,f164,5
b532,f118,5
b861,f144,1
b894,f189,4
b655,f148,5
b556,f197,1
b472,f152,1
b572,f132,1
b437,f176,2
b551,f125,1